visual_type,visual_root_id,dn_type,dn_root_id,hops,bottleneck,total_synapses,path
T4a,720575940605852192,DNp15,720575940623431351,5,37,4417,T4a -> LPi14 -> Am1 -> LPi15 -> HSE -> DNp15
T4a,720575940605852192,DNp15,720575940623431351,5,37,4353,T4a -> LPi14 -> Am1 -> LPi15 -> HSN -> DNp15
T4a,720575940605852192,DNp18,720575940627949589,5,37,4260,T4a -> LPi14 -> Am1 -> LPi15 -> HSN -> DNp18
T4a,720575940605852192,DNae002,720575940620380449,5,37,4252,T4a -> LPi14 -> Am1 -> LPi15 -> HSN -> DNae002
T4a,720575940605852192,DNae010,720575940630868281,5,37,4248,T4a -> LPi14 -> Am1 -> LPi15 -> HSN -> DNae010
T4a,720575940605852192,DNp26,720575940627732361,5,37,4148,T4a -> LPi14 -> Am1 -> LPi15 -> LPT26 -> DNp26
T4a,720575940605852192,DNae002,720575940620380449,5,37,2770,T4a -> LPi14 -> Am1 -> DCH -> LPT22 -> DNae002
T4a,720575940605852192,DNae002,720575940620380449,5,37,2450,T4a -> LPi14 -> Am1 -> VCH -> LPT22 -> DNae002
T4a,720575940605852192,DNp31,720575940632189900,5,37,2129,T4a -> LPi14 -> Am1 -> LPT23 -> vCal1 -> DNp31
T4a,720575940605852192,DNp31,720575940628132745,5,37,2008,T4a -> LPi14 -> Am1 -> LPT23 -> vCal1 -> DNp31
T4a,720575940617407705,DNp15,720575940623431351,5,39,4419,T4a -> LPi14 -> Am1 -> LPi15 -> HSE -> DNp15
T4a,720575940617407705,DNp15,720575940623431351,5,39,4355,T4a -> LPi14 -> Am1 -> LPi15 -> HSN -> DNp15
T4a,720575940617407705,DNp18,720575940627949589,5,39,4262,T4a -> LPi14 -> Am1 -> LPi15 -> HSN -> DNp18
T4a,720575940617407705,DNae002,720575940620380449,5,39,4254,T4a -> LPi14 -> Am1 -> LPi15 -> HSN -> DNae002
T4a,720575940617407705,DNae010,720575940630868281,5,39,4250,T4a -> LPi14 -> Am1 -> LPi15 -> HSN -> DNae010
T4a,720575940617407705,DNp26,720575940627732361,5,39,4150,T4a -> LPi14 -> Am1 -> LPi15 -> LPT26 -> DNp26
T4a,720575940617407705,DNae002,720575940620380449,5,39,2772,T4a -> LPi14 -> Am1 -> DCH -> LPT22 -> DNae002
T4a,720575940617407705,DNae002,720575940620380449,5,39,2452,T4a -> LPi14 -> Am1 -> VCH -> LPT22 -> DNae002
T4a,720575940617407705,DNp31,720575940632189900,5,39,2131,T4a -> LPi14 -> Am1 -> LPT23 -> vCal1 -> DNp31
T4a,720575940617407705,DNp31,720575940628132745,5,39,2010,T4a -> LPi14 -> Am1 -> LPT23 -> vCal1 -> DNp31
T4a,720575940629088508,DNp15,720575940623431351,5,27,4539,T4a -> LPi14 -> Am1 -> LPi15 -> HSE -> DNp15
T4a,720575940629088508,DNp15,720575940623431351,5,27,4475,T4a -> LPi14 -> Am1 -> LPi15 -> HSN -> DNp15
T4a,720575940629088508,DNp18,720575940627949589,5,27,4382,T4a -> LPi14 -> Am1 -> LPi15 -> HSN -> DNp18
T4a,720575940629088508,DNae002,720575940620380449,5,27,4374,T4a -> LPi14 -> Am1 -> LPi15 -> HSN -> DNae002
T4a,720575940629088508,DNae010,720575940630868281,5,27,4370,T4a -> LPi14 -> Am1 -> LPi15 -> HSN -> DNae010
T4a,720575940629088508,DNp26,720575940627732361,5,27,4270,T4a -> LPi14 -> Am1 -> LPi15 -> LPT26 -> DNp26
T4a,720575940629088508,DNae002,720575940620380449,5,27,2892,T4a -> LPi14 -> Am1 -> DCH -> LPT22 -> DNae002
T4a,720575940629088508,DNae002,720575940620380449,5,27,2572,T4a -> LPi14 -> Am1 -> VCH -> LPT22 -> DNae002
T4a,720575940629088508,DNp31,720575940632189900,5,27,2251,T4a -> LPi14 -> Am1 -> LPT23 -> vCal1 -> DNp31
T4a,720575940629088508,DNp31,720575940628132745,5,27,2130,T4a -> LPi14 -> Am1 -> LPT23 -> vCal1 -> DNp31
T4a,720575940654955937,DNp15,720575940623431351,5,22,4534,T4a -> LPi14 -> Am1 -> LPi15 -> HSE -> DNp15
T4a,720575940654955937,DNp15,720575940623431351,5,22,4470,T4a -> LPi14 -> Am1 -> LPi15 -> HSN -> DNp15
T4a,720575940654955937,DNp18,720575940627949589,5,22,4377,T4a -> LPi14 -> Am1 -> LPi15 -> HSN -> DNp18
T4a,720575940654955937,DNae002,720575940620380449,5,22,4369,T4a -> LPi14 -> Am1 -> LPi15 -> HSN -> DNae002
T4a,720575940654955937,DNae010,720575940630868281,5,22,4365,T4a -> LPi14 -> Am1 -> LPi15 -> HSN -> DNae010
T4a,720575940654955937,DNp26,720575940627732361,5,22,4265,T4a -> LPi14 -> Am1 -> LPi15 -> LPT26 -> DNp26
T4a,720575940654955937,DNae002,720575940620380449,5,22,2887,T4a -> LPi14 -> Am1 -> DCH -> LPT22 -> DNae002
T4a,720575940654955937,DNae002,720575940620380449,5,22,2567,T4a -> LPi14 -> Am1 -> VCH -> LPT22 -> DNae002
T4a,720575940654955937,DNp31,720575940632189900,5,22,2246,T4a -> LPi14 -> Am1 -> LPT23 -> vCal1 -> DNp31
T4a,720575940654955937,DNp31,720575940628132745,5,22,2125,T4a -> LPi14 -> Am1 -> LPT23 -> vCal1 -> DNp31
T4a,720575940640283701,DNp15,720575940623431351,5,32,4544,T4a -> LPi14 -> Am1 -> LPi15 -> HSE -> DNp15
T4a,720575940640283701,DNp15,720575940623431351,5,32,4480,T4a -> LPi14 -> Am1 -> LPi15 -> HSN -> DNp15
T4a,720575940640283701,DNp18,720575940627949589,5,32,4387,T4a -> LPi14 -> Am1 -> LPi15 -> HSN -> DNp18
T4a,720575940640283701,DNae002,720575940620380449,5,32,4379,T4a -> LPi14 -> Am1 -> LPi15 -> HSN -> DNae002
T4a,720575940640283701,DNae010,720575940630868281,5,32,4375,T4a -> LPi14 -> Am1 -> LPi15 -> HSN -> DNae010
T4a,720575940640283701,DNp26,720575940627732361,5,32,4275,T4a -> LPi14 -> Am1 -> LPi15 -> LPT26 -> DNp26
T4a,720575940640283701,DNae002,720575940620380449,5,32,2897,T4a -> LPi14 -> Am1 -> DCH -> LPT22 -> DNae002
T4a,720575940640283701,DNae002,720575940620380449,5,32,2577,T4a -> LPi14 -> Am1 -> VCH -> LPT22 -> DNae002
T4a,720575940640283701,DNp31,720575940632189900,5,32,2256,T4a -> LPi14 -> Am1 -> LPT23 -> vCal1 -> DNp31
T4a,720575940640283701,DNp31,720575940628132745,5,32,2135,T4a -> LPi14 -> Am1 -> LPT23 -> vCal1 -> DNp31
T4a,720575940640779984,DNp15,720575940623431351,5,28,4408,T4a -> LPi14 -> Am1 -> LPi15 -> HSE -> DNp15
T4a,720575940640779984,DNp15,720575940623431351,5,28,4344,T4a -> LPi14 -> Am1 -> LPi15 -> HSN -> DNp15
T4a,720575940640779984,DNp18,720575940627949589,5,28,4251,T4a -> LPi14 -> Am1 -> LPi15 -> HSN -> DNp18
T4a,720575940640779984,DNae002,720575940620380449,5,28,4243,T4a -> LPi14 -> Am1 -> LPi15 -> HSN -> DNae002
T4a,720575940640779984,DNae010,720575940630868281,5,28,4239,T4a -> LPi14 -> Am1 -> LPi15 -> HSN -> DNae010
T4a,720575940640779984,DNp26,720575940627732361,5,28,4139,T4a -> LPi14 -> Am1 -> LPi15 -> LPT26 -> DNp26
T4a,720575940640779984,DNae002,720575940620380449,5,28,2761,T4a -> LPi14 -> Am1 -> DCH -> LPT22 -> DNae002
T4a,720575940640779984,DNae002,720575940620380449,5,28,2441,T4a -> LPi14 -> Am1 -> VCH -> LPT22 -> DNae002
T4a,720575940640779984,DNp31,720575940632189900,5,28,2120,T4a -> LPi14 -> Am1 -> LPT23 -> vCal1 -> DNp31
T4a,720575940640779984,DNp31,720575940628132745,5,28,1999,T4a -> LPi14 -> Am1 -> LPT23 -> vCal1 -> DNp31
T4a,720575940626623516,DNp15,720575940623431351,5,30,4410,T4a -> LPi14 -> Am1 -> LPi15 -> HSE -> DNp15
T4a,720575940626623516,DNp15,720575940623431351,5,30,4346,T4a -> LPi14 -> Am1 -> LPi15 -> HSN -> DNp15
T4a,720575940626623516,DNp18,720575940627949589,5,30,4253,T4a -> LPi14 -> Am1 -> LPi15 -> HSN -> DNp18
T4a,720575940626623516,DNae002,720575940620380449,5,30,4245,T4a -> LPi14 -> Am1 -> LPi15 -> HSN -> DNae002
T4a,720575940626623516,DNae010,720575940630868281,5,30,4241,T4a -> LPi14 -> Am1 -> LPi15 -> HSN -> DNae010
T4a,720575940626623516,DNp26,720575940627732361,5,30,4141,T4a -> LPi14 -> Am1 -> LPi15 -> LPT26 -> DNp26
T4a,720575940626623516,DNae002,720575940620380449,5,30,2763,T4a -> LPi14 -> Am1 -> DCH -> LPT22 -> DNae002
T4a,720575940626623516,DNae002,720575940620380449,5,30,2443,T4a -> LPi14 -> Am1 -> VCH -> LPT22 -> DNae002
T4a,720575940626623516,DNp31,720575940632189900,5,30,2122,T4a -> LPi14 -> Am1 -> LPT23 -> vCal1 -> DNp31
T4a,720575940626623516,DNp31,720575940628132745,5,30,2001,T4a -> LPi14 -> Am1 -> LPT23 -> vCal1 -> DNp31
T4a,720575940623517320,DNp15,720575940623431351,5,20,4532,T4a -> LPi14 -> Am1 -> LPi15 -> HSE -> DNp15
T4a,720575940623517320,DNp15,720575940623431351,5,20,4468,T4a -> LPi14 -> Am1 -> LPi15 -> HSN -> DNp15
T4a,720575940623517320,DNp18,720575940627949589,5,20,4375,T4a -> LPi14 -> Am1 -> LPi15 -> HSN -> DNp18
T4a,720575940623517320,DNae002,720575940620380449,5,20,4367,T4a -> LPi14 -> Am1 -> LPi15 -> HSN -> DNae002
T4a,720575940623517320,DNae010,720575940630868281,5,20,4363,T4a -> LPi14 -> Am1 -> LPi15 -> HSN -> DNae010
T4a,720575940623517320,DNp26,720575940627732361,5,20,4263,T4a -> LPi14 -> Am1 -> LPi15 -> LPT26 -> DNp26
T4a,720575940623517320,DNae002,720575940620380449,5,20,2885,T4a -> LPi14 -> Am1 -> DCH -> LPT22 -> DNae002
T4a,720575940623517320,DNae002,720575940620380449,5,20,2565,T4a -> LPi14 -> Am1 -> VCH -> LPT22 -> DNae002
T4a,720575940623517320,DNp31,720575940632189900,5,20,2244,T4a -> LPi14 -> Am1 -> LPT23 -> vCal1 -> DNp31
T4a,720575940623517320,DNp31,720575940628132745,5,20,2123,T4a -> LPi14 -> Am1 -> LPT23 -> vCal1 -> DNp31
T4a,720575940637988954,DNae002,720575940620380449,5,31,1811,T4a -> LPi14 -> H2 -> VCH -> LPT22 -> DNae002
T4a,720575940637988954,DNa13,720575940637607646,5,31,1899,T4a -> LPi14 -> H2 -> PS047b -> LAL081 -> DNa13
T4a,720575940637988954,DNa03,720575940620918789,5,31,1865,T4a -> LPi14 -> H2 -> PS047b -> LAL153 -> DNa03
T4a,720575940637988954,DNae002,720575940620380449,5,31,1782,T4a -> LPi14 -> H2 -> DCH -> LPT22 -> DNae002
T4a,720575940637988954,DNb03,720575940611016910,3,31,1306,T4a -> LPi14 -> H2 -> DNb03
T4a,720575940637988954,DNb03,720575940627997050,3,31,1302,T4a -> LPi14 -> H2 -> DNb03
T4a,720575940637988954,DNp15,720575940623431351,3,31,1281,T4a -> LPi14 -> H2 -> DNp15
T4a,720575940637988954,DNp15,720575940616293855,5,31,1478,T4a -> LPi14 -> H2 -> CB0268 -> PS234 -> DNp15
T4a,720575940637988954,DNa16,720575940632962786,5,31,1420,T4a -> LPi14 -> H2 -> CB0268 -> PS234 -> DNa16
T4a,720575940637988954,DNg41,720575940622037926,3,31,1208,T4a -> LPi14 -> H2 -> DNg41
T4a,720575940631002199,DNae002,720575940620380449,5,30,894,T4a -> HSS -> CB0268 -> VCH -> LPT22 -> DNae002
T4a,720575940631002199,DNae002,720575940620380449,5,30,828,T4a -> HSS -> CB0268 -> DCH -> LPT22 -> DNae002
T4a,720575940631002199,DNa13,720575940637607646,5,30,693,T4a -> HSS -> CB0268 -> PS047b -> LAL081 -> DNa13
T4a,720575940631002199,DNa03,720575940620918789,5,30,659,T4a -> HSS -> CB0268 -> PS047b -> LAL153 -> DNa03
T4a,720575940631002199,DNa02,720575940604737708,5,30,662,T4a -> HSS -> CB0268 -> PS047a -> LAL046 -> DNa02
T4a,720575940631002199,DNae002,720575940620380449,5,30,622,T4a -> HSS -> CB0268 -> PS047a -> LAL046 -> DNae002
T4a,720575940631002199,DNa16,720575940621519130,5,30,603,T4a -> HSS -> CB0268 -> PS047a -> LAL046 -> DNa16
T4a,720575940631002199,DNg04,720575940643817888,5,30,616,T4a -> HSS -> CB0268 -> PS047a -> LAL126 -> DNg04
T4a,720575940631002199,DNg04,720575940624082931,5,30,615,T4a -> HSS -> CB0268 -> PS047a -> LAL126 -> DNg04
T4a,720575940631002199,DNa16,720575940632962786,5,30,612,T4a -> HSS -> CB0268 -> PS047a -> LAL126 -> DNa16
T4a,720575940612923762,DNae002,720575940620380449,5,17,1797,T4a -> LPi14 -> H2 -> VCH -> LPT22 -> DNae002
T4a,720575940612923762,DNa13,720575940637607646,5,17,1885,T4a -> LPi14 -> H2 -> PS047b -> LAL081 -> DNa13
T4a,720575940612923762,DNa03,720575940620918789,5,17,1851,T4a -> LPi14 -> H2 -> PS047b -> LAL153 -> DNa03
T4a,720575940612923762,DNae002,720575940620380449,5,17,1768,T4a -> LPi14 -> H2 -> DCH -> LPT22 -> DNae002
T4a,720575940612923762,DNb03,720575940611016910,3,17,1292,T4a -> LPi14 -> H2 -> DNb03
T4a,720575940612923762,DNb03,720575940627997050,3,17,1288,T4a -> LPi14 -> H2 -> DNb03
T4a,720575940612923762,DNp15,720575940623431351,3,17,1267,T4a -> LPi14 -> H2 -> DNp15
T4a,720575940612923762,DNp15,720575940616293855,5,17,1464,T4a -> LPi14 -> H2 -> CB0268 -> PS234 -> DNp15
T4a,720575940612923762,DNa16,720575940632962786,5,17,1406,T4a -> LPi14 -> H2 -> CB0268 -> PS234 -> DNa16
T4a,720575940612923762,DNg41,720575940622037926,3,17,1194,T4a -> LPi14 -> H2 -> DNg41
T4a,720575940612670361,DNae002,720575940620380449,5,17,909,T4a -> HSE -> CB0268 -> VCH -> LPT22 -> DNae002
T4a,720575940612670361,DNae002,720575940620380449,5,17,843,T4a -> HSE -> CB0268 -> DCH -> LPT22 -> DNae002
T4a,720575940612670361,DNa13,720575940637607646,5,17,708,T4a -> HSE -> CB0268 -> PS047b -> LAL081 -> DNa13
T4a,720575940612670361,DNa03,720575940620918789,5,17,674,T4a -> HSE -> CB0268 -> PS047b -> LAL153 -> DNa03
T4a,720575940612670361,DNa02,720575940604737708,5,17,677,T4a -> HSE -> CB0268 -> PS047a -> LAL046 -> DNa02
T4a,720575940612670361,DNae002,720575940620380449,5,17,637,T4a -> HSE -> CB0268 -> PS047a -> LAL046 -> DNae002
T4a,720575940612670361,DNa16,720575940621519130,5,17,618,T4a -> HSE -> CB0268 -> PS047a -> LAL046 -> DNa16
T4a,720575940612670361,DNg04,720575940643817888,5,17,631,T4a -> HSE -> CB0268 -> PS047a -> LAL126 -> DNg04
T4a,720575940612670361,DNg04,720575940624082931,5,17,630,T4a -> HSE -> CB0268 -> PS047a -> LAL126 -> DNg04
T4a,720575940612670361,DNa16,720575940632962786,5,17,627,T4a -> HSE -> CB0268 -> PS047a -> LAL126 -> DNa16
T4a,720575940622720717,DNa02,720575940629327659,5,25,3729,T4a -> LPi14 -> Am1 -> LPi15 -> HSS -> DNa02
T4a,720575940622720717,DNp18,720575940618440000,5,25,3713,T4a -> LPi14 -> Am1 -> LPi15 -> HSS -> DNp18
T4a,720575940622720717,DNg41,720575940636329579,5,25,3712,T4a -> LPi14 -> Am1 -> LPi15 -> HSS -> DNg41
T4a,720575940622720717,DNp15,720575940616293855,5,25,3532,T4a -> LPi14 -> Am1 -> LPi15 -> HSE -> DNp15
T4a,720575940622720717,DNp15,720575940616293855,5,25,3335,T4a -> LPi14 -> Am1 -> LPi15 -> HSN -> DNp15
T4a,720575940622720717,DNa02,720575940629327659,5,25,3212,T4a -> LPi14 -> Am1 -> LPi15 -> HSN -> DNa02
T4a,720575940622720717,DNp26,720575940619432261,5,25,3259,T4a -> LPi14 -> Am1 -> LPi15 -> LPT26 -> DNp26
T4a,720575940622720717,DNae002,720575940627139530,5,25,2124,T4a -> LPi14 -> Am1 -> VCH -> LPT22 -> DNae002
T4a,720575940622720717,DNb03,720575940627997050,5,25,2020,T4a -> LPi14 -> Am1 -> VCH -> Nod5 -> DNb03
T4a,720575940622720717,DNb03,720575940611016910,5,25,2013,T4a -> LPi14 -> Am1 -> VCH -> Nod5 -> DNb03
T4a,720575940630775545,DNae002,720575940620380449,5,42,1822,T4a -> LPi14 -> H2 -> VCH -> LPT22 -> DNae002
T4a,720575940630775545,DNa13,720575940637607646,5,42,1910,T4a -> LPi14 -> H2 -> PS047b -> LAL081 -> DNa13
T4a,720575940630775545,DNa03,720575940620918789,5,42,1876,T4a -> LPi14 -> H2 -> PS047b -> LAL153 -> DNa03
T4a,720575940630775545,DNae002,720575940620380449,5,42,1793,T4a -> LPi14 -> H2 -> DCH -> LPT22 -> DNae002
T4a,720575940630775545,DNb03,720575940611016910,3,42,1317,T4a -> LPi14 -> H2 -> DNb03
T4a,720575940630775545,DNb03,720575940627997050,3,42,1313,T4a -> LPi14 -> H2 -> DNb03
T4a,720575940630775545,DNp15,720575940623431351,3,42,1292,T4a -> LPi14 -> H2 -> DNp15
T4a,720575940630775545,DNp15,720575940616293855,5,42,1489,T4a -> LPi14 -> H2 -> CB0268 -> PS234 -> DNp15
T4a,720575940630775545,DNa16,720575940632962786,5,42,1431,T4a -> LPi14 -> H2 -> CB0268 -> PS234 -> DNa16
T4a,720575940630775545,DNg41,720575940622037926,3,42,1219,T4a -> LPi14 -> H2 -> DNg41
T4a,720575940621149094,DNae002,720575940620380449,5,35,1815,T4a -> LPi14 -> H2 -> VCH -> LPT22 -> DNae002
T4a,720575940621149094,DNa13,720575940637607646,5,35,1903,T4a -> LPi14 -> H2 -> PS047b -> LAL081 -> DNa13
T4a,720575940621149094,DNa03,720575940620918789,5,35,1869,T4a -> LPi14 -> H2 -> PS047b -> LAL153 -> DNa03
T4a,720575940621149094,DNae002,720575940620380449,5,35,1786,T4a -> LPi14 -> H2 -> DCH -> LPT22 -> DNae002
T4a,720575940621149094,DNb03,720575940611016910,3,35,1310,T4a -> LPi14 -> H2 -> DNb03
T4a,720575940621149094,DNb03,720575940627997050,3,35,1306,T4a -> LPi14 -> H2 -> DNb03
T4a,720575940621149094,DNp15,720575940623431351,3,35,1285,T4a -> LPi14 -> H2 -> DNp15
T4a,720575940621149094,DNp15,720575940616293855,5,35,1482,T4a -> LPi14 -> H2 -> CB0268 -> PS234 -> DNp15
T4a,720575940621149094,DNa16,720575940632962786,5,35,1424,T4a -> LPi14 -> H2 -> CB0268 -> PS234 -> DNa16
T4a,720575940621149094,DNg41,720575940622037926,3,35,1212,T4a -> LPi14 -> H2 -> DNg41
T4a,720575940618504081,DNae002,720575940620380449,5,38,1818,T4a -> LPi14 -> H2 -> VCH -> LPT22 -> DNae002
T4a,720575940618504081,DNa13,720575940637607646,5,38,1906,T4a -> LPi14 -> H2 -> PS047b -> LAL081 -> DNa13
T4a,720575940618504081,DNa03,720575940620918789,5,38,1872,T4a -> LPi14 -> H2 -> PS047b -> LAL153 -> DNa03
T4a,720575940618504081,DNae002,720575940620380449,5,38,1789,T4a -> LPi14 -> H2 -> DCH -> LPT22 -> DNae002
T4a,720575940618504081,DNb03,720575940611016910,3,38,1313,T4a -> LPi14 -> H2 -> DNb03
T4a,720575940618504081,DNb03,720575940627997050,3,38,1309,T4a -> LPi14 -> H2 -> DNb03
T4a,720575940618504081,DNp15,720575940623431351,3,38,1288,T4a -> LPi14 -> H2 -> DNp15
T4a,720575940618504081,DNp15,720575940616293855,5,38,1485,T4a -> LPi14 -> H2 -> CB0268 -> PS234 -> DNp15
T4a,720575940618504081,DNa16,720575940632962786,5,38,1427,T4a -> LPi14 -> H2 -> CB0268 -> PS234 -> DNa16
T4a,720575940618504081,DNg41,720575940622037926,3,38,1215,T4a -> LPi14 -> H2 -> DNg41
T4a,720575940618981278,DNa02,720575940629327659,5,35,3739,T4a -> LPi14 -> Am1 -> LPi15 -> HSS -> DNa02
T4a,720575940618981278,DNp18,720575940618440000,5,35,3723,T4a -> LPi14 -> Am1 -> LPi15 -> HSS -> DNp18
T4a,720575940618981278,DNg41,720575940636329579,5,35,3722,T4a -> LPi14 -> Am1 -> LPi15 -> HSS -> DNg41
T4a,720575940618981278,DNp15,720575940616293855,5,35,3542,T4a -> LPi14 -> Am1 -> LPi15 -> HSE -> DNp15
T4a,720575940618981278,DNp15,720575940616293855,5,35,3345,T4a -> LPi14 -> Am1 -> LPi15 -> HSN -> DNp15
T4a,720575940618981278,DNa02,720575940629327659,5,29,3222,T4a -> LPi14 -> Am1 -> LPi15 -> HSN -> DNa02
T4a,720575940618981278,DNp26,720575940619432261,5,35,3269,T4a -> LPi14 -> Am1 -> LPi15 -> LPT26 -> DNp26
T4a,720575940618981278,DNae002,720575940627139530,5,35,2134,T4a -> LPi14 -> Am1 -> VCH -> LPT22 -> DNae002
T4a,720575940618981278,DNb03,720575940627997050,5,35,2030,T4a -> LPi14 -> Am1 -> VCH -> Nod5 -> DNb03
T4a,720575940618981278,DNb03,720575940611016910,5,35,2023,T4a -> LPi14 -> Am1 -> VCH -> Nod5 -> DNb03
T4a,720575940645393774,DNa02,720575940629327659,5,26,3730,T4a -> LPi14 -> Am1 -> LPi15 -> HSS -> DNa02
T4a,720575940645393774,DNp18,720575940618440000,5,26,3714,T4a -> LPi14 -> Am1 -> LPi15 -> HSS -> DNp18
T4a,720575940645393774,DNg41,720575940636329579,5,26,3713,T4a -> LPi14 -> Am1 -> LPi15 -> HSS -> DNg41
T4a,720575940645393774,DNp15,720575940616293855,5,26,3533,T4a -> LPi14 -> Am1 -> LPi15 -> HSE -> DNp15
T4a,720575940645393774,DNp15,720575940616293855,5,26,3336,T4a -> LPi14 -> Am1 -> LPi15 -> HSN -> DNp15
T4a,720575940645393774,DNa02,720575940629327659,5,26,3213,T4a -> LPi14 -> Am1 -> LPi15 -> HSN -> DNa02
T4a,720575940645393774,DNp26,720575940619432261,5,26,3260,T4a -> LPi14 -> Am1 -> LPi15 -> LPT26 -> DNp26
T4a,720575940645393774,DNae002,720575940627139530,5,26,2125,T4a -> LPi14 -> Am1 -> VCH -> LPT22 -> DNae002
T4a,720575940645393774,DNb03,720575940627997050,5,26,2021,T4a -> LPi14 -> Am1 -> VCH -> Nod5 -> DNb03
T4a,720575940645393774,DNb03,720575940611016910,5,26,2014,T4a -> LPi14 -> Am1 -> VCH -> Nod5 -> DNb03
T4a,720575940632213063,DNa02,720575940629327659,5,23,3727,T4a -> LPi14 -> Am1 -> LPi15 -> HSS -> DNa02
T4a,720575940632213063,DNp18,720575940618440000,5,23,3711,T4a -> LPi14 -> Am1 -> LPi15 -> HSS -> DNp18
T4a,720575940632213063,DNg41,720575940636329579,5,23,3710,T4a -> LPi14 -> Am1 -> LPi15 -> HSS -> DNg41
T4a,720575940632213063,DNp15,720575940616293855,5,23,3530,T4a -> LPi14 -> Am1 -> LPi15 -> HSE -> DNp15
T4a,720575940632213063,DNp15,720575940616293855,5,23,3333,T4a -> LPi14 -> Am1 -> LPi15 -> HSN -> DNp15
T4a,720575940632213063,DNa02,720575940629327659,5,23,3210,T4a -> LPi14 -> Am1 -> LPi15 -> HSN -> DNa02
T4a,720575940632213063,DNp26,720575940619432261,5,23,3257,T4a -> LPi14 -> Am1 -> LPi15 -> LPT26 -> DNp26
T4a,720575940632213063,DNae002,720575940627139530,5,23,2122,T4a -> LPi14 -> Am1 -> VCH -> LPT22 -> DNae002
T4a,720575940632213063,DNb03,720575940627997050,5,23,2018,T4a -> LPi14 -> Am1 -> VCH -> Nod5 -> DNb03
T4a,720575940632213063,DNb03,720575940611016910,5,23,2011,T4a -> LPi14 -> Am1 -> VCH -> Nod5 -> DNb03
T4a,720575940623731125,DNa02,720575940629327659,5,37,3741,T4a -> LPi14 -> Am1 -> LPi15 -> HSS -> DNa02
T4a,720575940623731125,DNp18,720575940618440000,5,37,3725,T4a -> LPi14 -> Am1 -> LPi15 -> HSS -> DNp18
T4a,720575940623731125,DNg41,720575940636329579,5,37,3724,T4a -> LPi14 -> Am1 -> LPi15 -> HSS -> DNg41
T4a,720575940623731125,DNp15,720575940616293855,5,37,3544,T4a -> LPi14 -> Am1 -> LPi15 -> HSE -> DNp15
T4a,720575940623731125,DNp15,720575940616293855,5,37,3347,T4a -> LPi14 -> Am1 -> LPi15 -> HSN -> DNp15
T4a,720575940623731125,DNa02,720575940629327659,5,29,3224,T4a -> LPi14 -> Am1 -> LPi15 -> HSN -> DNa02
T4a,720575940623731125,DNp26,720575940619432261,5,37,3271,T4a -> LPi14 -> Am1 -> LPi15 -> LPT26 -> DNp26
T4a,720575940623731125,DNae002,720575940627139530,5,37,2136,T4a -> LPi14 -> Am1 -> VCH -> LPT22 -> DNae002
T4a,720575940623731125,DNb03,720575940627997050,5,37,2032,T4a -> LPi14 -> Am1 -> VCH -> Nod5 -> DNb03
T4a,720575940623731125,DNb03,720575940611016910,5,37,2025,T4a -> LPi14 -> Am1 -> VCH -> Nod5 -> DNb03
T4a,720575940617270621,DNp15,720575940623431351,5,34,4414,T4a -> LPi14 -> Am1 -> LPi15 -> HSE -> DNp15
T4a,720575940617270621,DNp15,720575940623431351,5,34,4350,T4a -> LPi14 -> Am1 -> LPi15 -> HSN -> DNp15
T4a,720575940617270621,DNp18,720575940627949589,5,34,4257,T4a -> LPi14 -> Am1 -> LPi15 -> HSN -> DNp18
T4a,720575940617270621,DNae002,720575940620380449,5,34,4249,T4a -> LPi14 -> Am1 -> LPi15 -> HSN -> DNae002
T4a,720575940617270621,DNae010,720575940630868281,5,34,4245,T4a -> LPi14 -> Am1 -> LPi15 -> HSN -> DNae010
T4a,720575940617270621,DNp26,720575940627732361,5,34,4145,T4a -> LPi14 -> Am1 -> LPi15 -> LPT26 -> DNp26
T4a,720575940617270621,DNae002,720575940620380449,5,34,2767,T4a -> LPi14 -> Am1 -> DCH -> LPT22 -> DNae002
T4a,720575940617270621,DNae002,720575940620380449,5,34,2447,T4a -> LPi14 -> Am1 -> VCH -> LPT22 -> DNae002
T4a,720575940617270621,DNp31,720575940632189900,5,34,2126,T4a -> LPi14 -> Am1 -> LPT23 -> vCal1 -> DNp31
T4a,720575940617270621,DNp31,720575940628132745,5,34,2005,T4a -> LPi14 -> Am1 -> LPT23 -> vCal1 -> DNp31
T4a,720575940618774848,DNp15,720575940623431351,5,32,4544,T4a -> LPi14 -> Am1 -> LPi15 -> HSE -> DNp15
T4a,720575940618774848,DNp15,720575940623431351,5,32,4480,T4a -> LPi14 -> Am1 -> LPi15 -> HSN -> DNp15
T4a,720575940618774848,DNp18,720575940627949589,5,32,4387,T4a -> LPi14 -> Am1 -> LPi15 -> HSN -> DNp18
T4a,720575940618774848,DNae002,720575940620380449,5,32,4379,T4a -> LPi14 -> Am1 -> LPi15 -> HSN -> DNae002
T4a,720575940618774848,DNae010,720575940630868281,5,32,4375,T4a -> LPi14 -> Am1 -> LPi15 -> HSN -> DNae010
T4a,720575940618774848,DNp26,720575940627732361,5,32,4275,T4a -> LPi14 -> Am1 -> LPi15 -> LPT26 -> DNp26
T4a,720575940618774848,DNae002,720575940620380449,5,32,2897,T4a -> LPi14 -> Am1 -> DCH -> LPT22 -> DNae002
T4a,720575940618774848,DNae002,720575940620380449,5,32,2577,T4a -> LPi14 -> Am1 -> VCH -> LPT22 -> DNae002
T4a,720575940618774848,DNp31,720575940632189900,5,32,2256,T4a -> LPi14 -> Am1 -> LPT23 -> vCal1 -> DNp31
T4a,720575940618774848,DNp31,720575940628132745,5,32,2135,T4a -> LPi14 -> Am1 -> LPT23 -> vCal1 -> DNp31
T4a,720575940618087709,DNa02,720575940629327659,5,42,3746,T4a -> LPi14 -> Am1 -> LPi15 -> HSS -> DNa02
T4a,720575940618087709,DNp18,720575940618440000,5,38,3730,T4a -> LPi14 -> Am1 -> LPi15 -> HSS -> DNp18
T4a,720575940618087709,DNg41,720575940636329579,5,37,3729,T4a -> LPi14 -> Am1 -> LPi15 -> HSS -> DNg41
T4a,720575940618087709,DNp15,720575940616293855,5,42,3549,T4a -> LPi14 -> Am1 -> LPi15 -> HSE -> DNp15
T4a,720575940618087709,DNp15,720575940616293855,5,42,3352,T4a -> LPi14 -> Am1 -> LPi15 -> HSN -> DNp15
T4a,720575940618087709,DNa02,720575940629327659,5,29,3229,T4a -> LPi14 -> Am1 -> LPi15 -> HSN -> DNa02
T4a,720575940618087709,DNp26,720575940619432261,5,42,3276,T4a -> LPi14 -> Am1 -> LPi15 -> LPT26 -> DNp26
T4a,720575940618087709,DNae002,720575940627139530,5,42,2141,T4a -> LPi14 -> Am1 -> VCH -> LPT22 -> DNae002
T4a,720575940618087709,DNb03,720575940627997050,5,42,2037,T4a -> LPi14 -> Am1 -> VCH -> Nod5 -> DNb03
T4a,720575940618087709,DNb03,720575940611016910,5,42,2030,T4a -> LPi14 -> Am1 -> VCH -> Nod5 -> DNb03
T4a,720575940621540544,DNp15,720575940623431351,5,17,4397,T4a -> LPi14 -> Am1 -> LPi15 -> HSE -> DNp15
T4a,720575940621540544,DNp15,720575940623431351,5,17,4333,T4a -> LPi14 -> Am1 -> LPi15 -> HSN -> DNp15
T4a,720575940621540544,DNp18,720575940627949589,5,17,4240,T4a -> LPi14 -> Am1 -> LPi15 -> HSN -> DNp18
T4a,720575940621540544,DNae002,720575940620380449,5,17,4232,T4a -> LPi14 -> Am1 -> LPi15 -> HSN -> DNae002
T4a,720575940621540544,DNae010,720575940630868281,5,17,4228,T4a -> LPi14 -> Am1 -> LPi15 -> HSN -> DNae010
T4a,720575940621540544,DNp26,720575940627732361,5,17,4128,T4a -> LPi14 -> Am1 -> LPi15 -> LPT26 -> DNp26
T4a,720575940621540544,DNae002,720575940620380449,5,17,2750,T4a -> LPi14 -> Am1 -> DCH -> LPT22 -> DNae002
T4a,720575940621540544,DNae002,720575940620380449,5,17,2430,T4a -> LPi14 -> Am1 -> VCH -> LPT22 -> DNae002
T4a,720575940621540544,DNp31,720575940632189900,5,17,2109,T4a -> LPi14 -> Am1 -> LPT23 -> vCal1 -> DNp31
T4a,720575940621540544,DNp31,720575940628132745,5,17,1988,T4a -> LPi14 -> Am1 -> LPT23 -> vCal1 -> DNp31
T4a,720575940640759248,DNa02,720575940629327659,5,26,3730,T4a -> LPi14 -> Am1 -> LPi15 -> HSS -> DNa02
T4a,720575940640759248,DNp18,720575940618440000,5,26,3714,T4a -> LPi14 -> Am1 -> LPi15 -> HSS -> DNp18
T4a,720575940640759248,DNg41,720575940636329579,5,26,3713,T4a -> LPi14 -> Am1 -> LPi15 -> HSS -> DNg41
T4a,720575940640759248,DNp15,720575940616293855,5,26,3533,T4a -> LPi14 -> Am1 -> LPi15 -> HSE -> DNp15
T4a,720575940640759248,DNp15,720575940616293855,5,26,3336,T4a -> LPi14 -> Am1 -> LPi15 -> HSN -> DNp15
T4a,720575940640759248,DNa02,720575940629327659,5,26,3213,T4a -> LPi14 -> Am1 -> LPi15 -> HSN -> DNa02
T4a,720575940640759248,DNp26,720575940619432261,5,26,3260,T4a -> LPi14 -> Am1 -> LPi15 -> LPT26 -> DNp26
T4a,720575940640759248,DNae002,720575940627139530,5,26,2125,T4a -> LPi14 -> Am1 -> VCH -> LPT22 -> DNae002
T4a,720575940640759248,DNb03,720575940627997050,5,26,2021,T4a -> LPi14 -> Am1 -> VCH -> Nod5 -> DNb03
T4a,720575940640759248,DNb03,720575940611016910,5,26,2014,T4a -> LPi14 -> Am1 -> VCH -> Nod5 -> DNb03
T4a,720575940638282566,DNp15,720575940623431351,5,22,4534,T4a -> LPi14 -> Am1 -> LPi15 -> HSE -> DNp15
T4a,720575940638282566,DNp15,720575940623431351,5,22,4470,T4a -> LPi14 -> Am1 -> LPi15 -> HSN -> DNp15
T4a,720575940638282566,DNp18,720575940627949589,5,22,4377,T4a -> LPi14 -> Am1 -> LPi15 -> HSN -> DNp18
T4a,720575940638282566,DNae002,720575940620380449,5,22,4369,T4a -> LPi14 -> Am1 -> LPi15 -> HSN -> DNae002
T4a,720575940638282566,DNae010,720575940630868281,5,22,4365,T4a -> LPi14 -> Am1 -> LPi15 -> HSN -> DNae010
T4a,720575940638282566,DNp26,720575940627732361,5,22,4265,T4a -> LPi14 -> Am1 -> LPi15 -> LPT26 -> DNp26
T4a,720575940638282566,DNae002,720575940620380449,5,22,2887,T4a -> LPi14 -> Am1 -> DCH -> LPT22 -> DNae002
T4a,720575940638282566,DNae002,720575940620380449,5,22,2567,T4a -> LPi14 -> Am1 -> VCH -> LPT22 -> DNae002
T4a,720575940638282566,DNp31,720575940632189900,5,22,2246,T4a -> LPi14 -> Am1 -> LPT23 -> vCal1 -> DNp31
T4a,720575940638282566,DNp31,720575940628132745,5,22,2125,T4a -> LPi14 -> Am1 -> LPT23 -> vCal1 -> DNp31
T4a,720575940604565280,DNa02,720575940629327659,5,45,3749,T4a -> LPi14 -> Am1 -> LPi15 -> HSS -> DNa02
T4a,720575940604565280,DNp18,720575940618440000,5,38,3733,T4a -> LPi14 -> Am1 -> LPi15 -> HSS -> DNp18
T4a,720575940604565280,DNg41,720575940636329579,5,37,3732,T4a -> LPi14 -> Am1 -> LPi15 -> HSS -> DNg41
T4a,720575940604565280,DNp15,720575940616293855,5,45,3552,T4a -> LPi14 -> Am1 -> LPi15 -> HSE -> DNp15
T4a,720575940604565280,DNp15,720575940616293855,5,45,3355,T4a -> LPi14 -> Am1 -> LPi15 -> HSN -> DNp15
T4a,720575940604565280,DNa02,720575940629327659,5,29,3232,T4a -> LPi14 -> Am1 -> LPi15 -> HSN -> DNa02
T4a,720575940604565280,DNp26,720575940619432261,5,45,3279,T4a -> LPi14 -> Am1 -> LPi15 -> LPT26 -> DNp26
T4a,720575940604565280,DNae002,720575940627139530,5,45,2144,T4a -> LPi14 -> Am1 -> VCH -> LPT22 -> DNae002
T4a,720575940604565280,DNb03,720575940627997050,5,45,2040,T4a -> LPi14 -> Am1 -> VCH -> Nod5 -> DNb03
T4a,720575940604565280,DNb03,720575940611016910,5,45,2033,T4a -> LPi14 -> Am1 -> VCH -> Nod5 -> DNb03
T4a,720575940625429227,DNae002,720575940620380449,5,34,1814,T4a -> LPi14 -> H2 -> VCH -> LPT22 -> DNae002
T4a,720575940625429227,DNa13,720575940637607646,5,34,1902,T4a -> LPi14 -> H2 -> PS047b -> LAL081 -> DNa13
T4a,720575940625429227,DNa03,720575940620918789,5,34,1868,T4a -> LPi14 -> H2 -> PS047b -> LAL153 -> DNa03
T4a,720575940625429227,DNae002,720575940620380449,5,34,1785,T4a -> LPi14 -> H2 -> DCH -> LPT22 -> DNae002
T4a,720575940625429227,DNb03,720575940611016910,3,34,1309,T4a -> LPi14 -> H2 -> DNb03
T4a,720575940625429227,DNb03,720575940627997050,3,34,1305,T4a -> LPi14 -> H2 -> DNb03
T4a,720575940625429227,DNp15,720575940623431351,3,34,1284,T4a -> LPi14 -> H2 -> DNp15
T4a,720575940625429227,DNp15,720575940616293855,5,34,1481,T4a -> LPi14 -> H2 -> CB0268 -> PS234 -> DNp15
T4a,720575940625429227,DNa16,720575940632962786,5,34,1423,T4a -> LPi14 -> H2 -> CB0268 -> PS234 -> DNa16
T4a,720575940625429227,DNg41,720575940622037926,3,34,1211,T4a -> LPi14 -> H2 -> DNg41
T4a,720575940625467011,DNp15,720575940623431351,5,31,4411,T4a -> LPi14 -> Am1 -> LPi15 -> HSE -> DNp15
T4a,720575940625467011,DNp15,720575940623431351,5,31,4347,T4a -> LPi14 -> Am1 -> LPi15 -> HSN -> DNp15
T4a,720575940625467011,DNp18,720575940627949589,5,31,4254,T4a -> LPi14 -> Am1 -> LPi15 -> HSN -> DNp18
T4a,720575940625467011,DNae002,720575940620380449,5,31,4246,T4a -> LPi14 -> Am1 -> LPi15 -> HSN -> DNae002
T4a,720575940625467011,DNae010,720575940630868281,5,31,4242,T4a -> LPi14 -> Am1 -> LPi15 -> HSN -> DNae010
T4a,720575940625467011,DNp26,720575940627732361,5,31,4142,T4a -> LPi14 -> Am1 -> LPi15 -> LPT26 -> DNp26
T4a,720575940625467011,DNae002,720575940620380449,5,31,2764,T4a -> LPi14 -> Am1 -> DCH -> LPT22 -> DNae002
T4a,720575940625467011,DNae002,720575940620380449,5,31,2444,T4a -> LPi14 -> Am1 -> VCH -> LPT22 -> DNae002
T4a,720575940625467011,DNp31,720575940632189900,5,31,2123,T4a -> LPi14 -> Am1 -> LPT23 -> vCal1 -> DNp31
T4a,720575940625467011,DNp31,720575940628132745,5,31,2002,T4a -> LPi14 -> Am1 -> LPT23 -> vCal1 -> DNp31
T4a,720575940626615829,DNae002,720575940620380449,5,24,888,T4a -> HSS -> CB0268 -> VCH -> LPT22 -> DNae002
T4a,720575940626615829,DNae002,720575940620380449,5,24,822,T4a -> HSS -> CB0268 -> DCH -> LPT22 -> DNae002
T4a,720575940626615829,DNa13,720575940637607646,5,24,687,T4a -> HSS -> CB0268 -> PS047b -> LAL081 -> DNa13
T4a,720575940626615829,DNa03,720575940620918789,5,24,653,T4a -> HSS -> CB0268 -> PS047b -> LAL153 -> DNa03
T4a,720575940626615829,DNa02,720575940604737708,5,24,656,T4a -> HSS -> CB0268 -> PS047a -> LAL046 -> DNa02
T4a,720575940626615829,DNae002,720575940620380449,5,24,616,T4a -> HSS -> CB0268 -> PS047a -> LAL046 -> DNae002
T4a,720575940626615829,DNa16,720575940621519130,5,24,597,T4a -> HSS -> CB0268 -> PS047a -> LAL046 -> DNa16
T4a,720575940626615829,DNg04,720575940643817888,5,24,610,T4a -> HSS -> CB0268 -> PS047a -> LAL126 -> DNg04
T4a,720575940626615829,DNg04,720575940624082931,5,24,609,T4a -> HSS -> CB0268 -> PS047a -> LAL126 -> DNg04
T4a,720575940626615829,DNa16,720575940632962786,5,24,606,T4a -> HSS -> CB0268 -> PS047a -> LAL126 -> DNa16
T4b,720575940623089348,DNp15,720575940623431351,5,26,2699,T4b -> LPi15 -> VCH -> Am1 -> HSN -> DNp15
T4b,720575940623089348,DNp18,720575940627949589,5,26,2606,T4b -> LPi15 -> VCH -> Am1 -> HSN -> DNp18
T4b,720575940623089348,DNae002,720575940620380449,5,26,2598,T4b -> LPi15 -> VCH -> Am1 -> HSN -> DNae002
T4b,720575940623089348,DNae010,720575940630868281,5,26,2594,T4b -> LPi15 -> VCH -> Am1 -> HSN -> DNae010
T4b,720575940623089348,DNae002,720575940620380449,5,26,1993,T4b -> LPi15 -> VCH -> Nod5 -> LPT22 -> DNae002
T4b,720575940623089348,DNp26,720575940619432261,5,26,2312,T4b -> LPi15 -> VCH -> LPT22 -> Nod1 -> DNp26
T4b,720575940623089348,DNp26,720575940619432261,5,26,2315,T4b -> LPi15 -> VCH -> LPT22 -> Nod1 -> DNp26
T4b,720575940623089348,DNae002,720575940620380449,4,26,1868,T4b -> LPi15 -> VCH -> LPT22 -> DNae002
T4b,720575940623089348,DNa13,720575940637607646,5,26,1922,T4b -> LPi15 -> VCH -> LPT22 -> LAL081 -> DNa13
T4b,720575940623089348,DNa16,720575940621519130,5,26,2095,T4b -> LPi15 -> VCH -> LPT22 -> PS013 -> DNa16
T4b,720575940623597704,DNp15,720575940623431351,5,43,2716,T4b -> LPi15 -> VCH -> Am1 -> HSN -> DNp15
T4b,720575940623597704,DNp18,720575940627949589,5,43,2623,T4b -> LPi15 -> VCH -> Am1 -> HSN -> DNp18
T4b,720575940623597704,DNae002,720575940620380449,5,43,2615,T4b -> LPi15 -> VCH -> Am1 -> HSN -> DNae002
T4b,720575940623597704,DNae010,720575940630868281,5,42,2611,T4b -> LPi15 -> VCH -> Am1 -> HSN -> DNae010
T4b,720575940623597704,DNae002,720575940620380449,5,43,2010,T4b -> LPi15 -> VCH -> Nod5 -> LPT22 -> DNae002
T4b,720575940623597704,DNp26,720575940619432261,5,43,2329,T4b -> LPi15 -> VCH -> LPT22 -> Nod1 -> DNp26
T4b,720575940623597704,DNp26,720575940619432261,5,43,2332,T4b -> LPi15 -> VCH -> LPT22 -> Nod1 -> DNp26
T4b,720575940623597704,DNae002,720575940620380449,4,43,1885,T4b -> LPi15 -> VCH -> LPT22 -> DNae002
T4b,720575940623597704,DNa13,720575940637607646,5,43,1939,T4b -> LPi15 -> VCH -> LPT22 -> LAL081 -> DNa13
T4b,720575940623597704,DNa16,720575940621519130,5,43,2112,T4b -> LPi15 -> VCH -> LPT22 -> PS013 -> DNa16
T4b,720575940620561279,DNp15,720575940623431351,5,44,2717,T4b -> LPi15 -> VCH -> Am1 -> HSN -> DNp15
T4b,720575940620561279,DNp18,720575940627949589,5,44,2624,T4b -> LPi15 -> VCH -> Am1 -> HSN -> DNp18
T4b,720575940620561279,DNae002,720575940620380449,5,44,2616,T4b -> LPi15 -> VCH -> Am1 -> HSN -> DNae002
T4b,720575940620561279,DNae010,720575940630868281,5,42,2612,T4b -> LPi15 -> VCH -> Am1 -> HSN -> DNae010
T4b,720575940620561279,DNae002,720575940620380449,5,44,2011,T4b -> LPi15 -> VCH -> Nod5 -> LPT22 -> DNae002
T4b,720575940620561279,DNp26,720575940619432261,5,44,2330,T4b -> LPi15 -> VCH -> LPT22 -> Nod1 -> DNp26
T4b,720575940620561279,DNp26,720575940619432261,5,44,2333,T4b -> LPi15 -> VCH -> LPT22 -> Nod1 -> DNp26
T4b,720575940620561279,DNae002,720575940620380449,4,44,1886,T4b -> LPi15 -> VCH -> LPT22 -> DNae002
T4b,720575940620561279,DNa13,720575940637607646,5,44,1940,T4b -> LPi15 -> VCH -> LPT22 -> LAL081 -> DNa13
T4b,720575940620561279,DNa16,720575940621519130,5,44,2113,T4b -> LPi15 -> VCH -> LPT22 -> PS013 -> DNa16
T4b,720575940624653035,DNp15,720575940623431351,5,32,2705,T4b -> LPi15 -> VCH -> Am1 -> HSN -> DNp15
T4b,720575940624653035,DNp18,720575940627949589,5,32,2612,T4b -> LPi15 -> VCH -> Am1 -> HSN -> DNp18
T4b,720575940624653035,DNae002,720575940620380449,5,32,2604,T4b -> LPi15 -> VCH -> Am1 -> HSN -> DNae002
T4b,720575940624653035,DNae010,720575940630868281,5,32,2600,T4b -> LPi15 -> VCH -> Am1 -> HSN -> DNae010
T4b,720575940624653035,DNae002,720575940620380449,5,32,1999,T4b -> LPi15 -> VCH -> Nod5 -> LPT22 -> DNae002
T4b,720575940624653035,DNp26,720575940619432261,5,32,2318,T4b -> LPi15 -> VCH -> LPT22 -> Nod1 -> DNp26
T4b,720575940624653035,DNp26,720575940619432261,5,32,2321,T4b -> LPi15 -> VCH -> LPT22 -> Nod1 -> DNp26
T4b,720575940624653035,DNae002,720575940620380449,4,32,1874,T4b -> LPi15 -> VCH -> LPT22 -> DNae002
T4b,720575940624653035,DNa13,720575940637607646,5,32,1928,T4b -> LPi15 -> VCH -> LPT22 -> LAL081 -> DNa13
T4b,720575940624653035,DNa16,720575940621519130,5,32,2101,T4b -> LPi15 -> VCH -> LPT22 -> PS013 -> DNa16
T4b,720575940608278537,DNp15,720575940623431351,5,42,2715,T4b -> LPi15 -> VCH -> Am1 -> HSN -> DNp15
T4b,720575940608278537,DNp18,720575940627949589,5,42,2622,T4b -> LPi15 -> VCH -> Am1 -> HSN -> DNp18
T4b,720575940608278537,DNae002,720575940620380449,5,42,2614,T4b -> LPi15 -> VCH -> Am1 -> HSN -> DNae002
T4b,720575940608278537,DNae010,720575940630868281,5,42,2610,T4b -> LPi15 -> VCH -> Am1 -> HSN -> DNae010
T4b,720575940608278537,DNae002,720575940620380449,5,42,2009,T4b -> LPi15 -> VCH -> Nod5 -> LPT22 -> DNae002
T4b,720575940608278537,DNp26,720575940619432261,5,42,2328,T4b -> LPi15 -> VCH -> LPT22 -> Nod1 -> DNp26
T4b,720575940608278537,DNp26,720575940619432261,5,42,2331,T4b -> LPi15 -> VCH -> LPT22 -> Nod1 -> DNp26
T4b,720575940608278537,DNae002,720575940620380449,4,42,1884,T4b -> LPi15 -> VCH -> LPT22 -> DNae002
T4b,720575940608278537,DNa13,720575940637607646,5,42,1938,T4b -> LPi15 -> VCH -> LPT22 -> LAL081 -> DNa13
T4b,720575940608278537,DNa16,720575940621519130,5,42,2111,T4b -> LPi15 -> VCH -> LPT22 -> PS013 -> DNa16
T4b,720575940640501467,DNp15,720575940623431351,5,20,2693,T4b -> LPi15 -> VCH -> Am1 -> HSN -> DNp15
T4b,720575940640501467,DNp18,720575940627949589,5,20,2600,T4b -> LPi15 -> VCH -> Am1 -> HSN -> DNp18
T4b,720575940640501467,DNae002,720575940620380449,5,20,2592,T4b -> LPi15 -> VCH -> Am1 -> HSN -> DNae002
T4b,720575940640501467,DNae010,720575940630868281,5,20,2588,T4b -> LPi15 -> VCH -> Am1 -> HSN -> DNae010
T4b,720575940640501467,DNae002,720575940620380449,5,20,1987,T4b -> LPi15 -> VCH -> Nod5 -> LPT22 -> DNae002
T4b,720575940640501467,DNp26,720575940619432261,5,20,2306,T4b -> LPi15 -> VCH -> LPT22 -> Nod1 -> DNp26
T4b,720575940640501467,DNp26,720575940619432261,5,20,2309,T4b -> LPi15 -> VCH -> LPT22 -> Nod1 -> DNp26
T4b,720575940640501467,DNae002,720575940620380449,4,20,1862,T4b -> LPi15 -> VCH -> LPT22 -> DNae002
T4b,720575940640501467,DNa13,720575940637607646,5,20,1916,T4b -> LPi15 -> VCH -> LPT22 -> LAL081 -> DNa13
T4b,720575940640501467,DNa16,720575940621519130,5,20,2089,T4b -> LPi15 -> VCH -> LPT22 -> PS013 -> DNa16
T4b,720575940626050490,DNae002,720575940620380449,5,10,3435,T4b -> Am1 -> LPi15 -> VCH -> LPT22 -> DNae002
T4b,720575940626050490,DNae002,720575940620380449,5,10,3432,T4b -> Am1 -> LPi15 -> DCH -> LPT22 -> DNae002
T4b,720575940626050490,DNp15,720575940623431351,4,10,2827,T4b -> Am1 -> LPi15 -> HSE -> DNp15
T4b,720575940626050490,DNp15,720575940623431351,4,10,2763,T4b -> Am1 -> LPi15 -> HSN -> DNp15
T4b,720575940626050490,DNp18,720575940627949589,4,10,2670,T4b -> Am1 -> LPi15 -> HSN -> DNp18
T4b,720575940626050490,DNae002,720575940620380449,4,10,2662,T4b -> Am1 -> LPi15 -> HSN -> DNae002
T4b,720575940626050490,DNae010,720575940630868281,4,10,2658,T4b -> Am1 -> LPi15 -> HSN -> DNae010
T4b,720575940626050490,DNae003,720575940622204186,5,10,2835,T4b -> Am1 -> LPi15 -> LPT26 -> WED075 -> DNae003
T4b,720575940626050490,DNpe019,720575940636592302,5,10,2762,T4b -> Am1 -> LPi15 -> LPT26 -> WED075 -> DNpe019
T4b,720575940626050490,DNae002,720575940620380449,5,10,2751,T4b -> Am1 -> LPi15 -> LPT26 -> WED075 -> DNae002
T4b,720575940618547659,DNb03,720575940611016910,5,22,2488,T4b -> LPi15 -> VCH -> Am1 -> H2 -> DNb03
T4b,720575940618547659,DNb03,720575940627997050,5,22,2484,T4b -> LPi15 -> VCH -> Am1 -> H2 -> DNb03
T4b,720575940618547659,DNp15,720575940623431351,5,22,2463,T4b -> LPi15 -> VCH -> Am1 -> H2 -> DNp15
T4b,720575940618547659,DNg41,720575940622037926,5,22,2390,T4b -> LPi15 -> VCH -> Am1 -> H2 -> DNg41
T4b,720575940618547659,DNg41,720575940636329579,5,22,2456,T4b -> LPi15 -> VCH -> Am1 -> LPT04_HST -> DNg41
T4b,720575940618547659,DNb03,720575940634163682,5,22,2376,T4b -> LPi15 -> VCH -> Am1 -> LPT04_HST -> DNb03
T4b,720575940618547659,DNp26,720575940627732361,5,22,2017,T4b -> LPi15 -> VCH -> LPT22 -> Nod1 -> DNp26
T4b,720575940618547659,DNp26,720575940627732361,5,22,1994,T4b -> LPi15 -> VCH -> LPT22 -> Nod1 -> DNp26
T4b,720575940618547659,DNa13,720575940616286175,5,22,1837,T4b -> LPi15 -> VCH -> LPT22 -> LAL081 -> DNa13
T4b,720575940618547659,DNa02,720575940629327659,5,22,1806,T4b -> LPi15 -> VCH -> LPT22 -> LAL081 -> DNa02
T4b,720575940616150459,DNb03,720575940611016910,5,48,2514,T4b -> LPi15 -> VCH -> Am1 -> H2 -> DNb03
T4b,720575940616150459,DNb03,720575940627997050,5,48,2510,T4b -> LPi15 -> VCH -> Am1 -> H2 -> DNb03
T4b,720575940616150459,DNp15,720575940623431351,5,48,2489,T4b -> LPi15 -> VCH -> Am1 -> H2 -> DNp15
T4b,720575940616150459,DNg41,720575940622037926,5,48,2416,T4b -> LPi15 -> VCH -> Am1 -> H2 -> DNg41
T4b,720575940616150459,DNg41,720575940636329579,5,48,2482,T4b -> LPi15 -> VCH -> Am1 -> LPT04_HST -> DNg41
T4b,720575940616150459,DNb03,720575940634163682,5,48,2402,T4b -> LPi15 -> VCH -> Am1 -> LPT04_HST -> DNb03
T4b,720575940616150459,DNp26,720575940627732361,5,48,2043,T4b -> LPi15 -> VCH -> LPT22 -> Nod1 -> DNp26
T4b,720575940616150459,DNp26,720575940627732361,5,48,2020,T4b -> LPi15 -> VCH -> LPT22 -> Nod1 -> DNp26
T4b,720575940616150459,DNa13,720575940616286175,5,48,1863,T4b -> LPi15 -> VCH -> LPT22 -> LAL081 -> DNa13
T4b,720575940616150459,DNa02,720575940629327659,5,48,1832,T4b -> LPi15 -> VCH -> LPT22 -> LAL081 -> DNa02
T4b,720575940619567969,DNb03,720575940611016910,5,32,2498,T4b -> LPi15 -> VCH -> Am1 -> H2 -> DNb03
T4b,720575940619567969,DNb03,720575940627997050,5,32,2494,T4b -> LPi15 -> VCH -> Am1 -> H2 -> DNb03
T4b,720575940619567969,DNp15,720575940623431351,5,32,2473,T4b -> LPi15 -> VCH -> Am1 -> H2 -> DNp15
T4b,720575940619567969,DNg41,720575940622037926,5,32,2400,T4b -> LPi15 -> VCH -> Am1 -> H2 -> DNg41
T4b,720575940619567969,DNg41,720575940636329579,5,32,2466,T4b -> LPi15 -> VCH -> Am1 -> LPT04_HST -> DNg41
T4b,720575940619567969,DNb03,720575940634163682,5,32,2386,T4b -> LPi15 -> VCH -> Am1 -> LPT04_HST -> DNb03
T4b,720575940619567969,DNp26,720575940627732361,5,32,2027,T4b -> LPi15 -> VCH -> LPT22 -> Nod1 -> DNp26
T4b,720575940619567969,DNp26,720575940627732361,5,32,2004,T4b -> LPi15 -> VCH -> LPT22 -> Nod1 -> DNp26
T4b,720575940619567969,DNa13,720575940616286175,5,32,1847,T4b -> LPi15 -> VCH -> LPT22 -> LAL081 -> DNa13
T4b,720575940619567969,DNa02,720575940629327659,5,32,1816,T4b -> LPi15 -> VCH -> LPT22 -> LAL081 -> DNa02
T4b,720575940623552723,DNb03,720575940611016910,5,38,2504,T4b -> LPi15 -> VCH -> Am1 -> H2 -> DNb03
T4b,720575940623552723,DNb03,720575940627997050,5,38,2500,T4b -> LPi15 -> VCH -> Am1 -> H2 -> DNb03
T4b,720575940623552723,DNp15,720575940623431351,5,38,2479,T4b -> LPi15 -> VCH -> Am1 -> H2 -> DNp15
T4b,720575940623552723,DNg41,720575940622037926,5,38,2406,T4b -> LPi15 -> VCH -> Am1 -> H2 -> DNg41
T4b,720575940623552723,DNg41,720575940636329579,5,38,2472,T4b -> LPi15 -> VCH -> Am1 -> LPT04_HST -> DNg41
T4b,720575940623552723,DNb03,720575940634163682,5,38,2392,T4b -> LPi15 -> VCH -> Am1 -> LPT04_HST -> DNb03
T4b,720575940623552723,DNp26,720575940627732361,5,38,2033,T4b -> LPi15 -> VCH -> LPT22 -> Nod1 -> DNp26
T4b,720575940623552723,DNp26,720575940627732361,5,38,2010,T4b -> LPi15 -> VCH -> LPT22 -> Nod1 -> DNp26
T4b,720575940623552723,DNa13,720575940616286175,5,38,1853,T4b -> LPi15 -> VCH -> LPT22 -> LAL081 -> DNa13
T4b,720575940623552723,DNa02,720575940629327659,5,38,1822,T4b -> LPi15 -> VCH -> LPT22 -> LAL081 -> DNa02
T4b,720575940613489893,DNb03,720575940611016910,5,36,2502,T4b -> LPi15 -> VCH -> Am1 -> H2 -> DNb03
T4b,720575940613489893,DNb03,720575940627997050,5,36,2498,T4b -> LPi15 -> VCH -> Am1 -> H2 -> DNb03
T4b,720575940613489893,DNp15,720575940623431351,5,36,2477,T4b -> LPi15 -> VCH -> Am1 -> H2 -> DNp15
T4b,720575940613489893,DNg41,720575940622037926,5,36,2404,T4b -> LPi15 -> VCH -> Am1 -> H2 -> DNg41
T4b,720575940613489893,DNg41,720575940636329579,5,36,2470,T4b -> LPi15 -> VCH -> Am1 -> LPT04_HST -> DNg41
T4b,720575940613489893,DNb03,720575940634163682,5,36,2390,T4b -> LPi15 -> VCH -> Am1 -> LPT04_HST -> DNb03
T4b,720575940613489893,DNp26,720575940627732361,5,36,2031,T4b -> LPi15 -> VCH -> LPT22 -> Nod1 -> DNp26
T4b,720575940613489893,DNp26,720575940627732361,5,36,2008,T4b -> LPi15 -> VCH -> LPT22 -> Nod1 -> DNp26
T4b,720575940613489893,DNa13,720575940616286175,5,36,1851,T4b -> LPi15 -> VCH -> LPT22 -> LAL081 -> DNa13
T4b,720575940613489893,DNa02,720575940629327659,5,36,1820,T4b -> LPi15 -> VCH -> LPT22 -> LAL081 -> DNa02
T4b,720575940622298637,DNp15,720575940623431351,5,42,2715,T4b -> LPi15 -> VCH -> Am1 -> HSN -> DNp15
T4b,720575940622298637,DNp18,720575940627949589,5,42,2622,T4b -> LPi15 -> VCH -> Am1 -> HSN -> DNp18
T4b,720575940622298637,DNae002,720575940620380449,5,42,2614,T4b -> LPi15 -> VCH -> Am1 -> HSN -> DNae002
T4b,720575940622298637,DNae010,720575940630868281,5,42,2610,T4b -> LPi15 -> VCH -> Am1 -> HSN -> DNae010
T4b,720575940622298637,DNae002,720575940620380449,5,42,2009,T4b -> LPi15 -> VCH -> Nod5 -> LPT22 -> DNae002
T4b,720575940622298637,DNp26,720575940619432261,5,42,2328,T4b -> LPi15 -> VCH -> LPT22 -> Nod1 -> DNp26
T4b,720575940622298637,DNp26,720575940619432261,5,42,2331,T4b -> LPi15 -> VCH -> LPT22 -> Nod1 -> DNp26
T4b,720575940622298637,DNae002,720575940620380449,4,42,1884,T4b -> LPi15 -> VCH -> LPT22 -> DNae002
T4b,720575940622298637,DNa13,720575940637607646,5,42,1938,T4b -> LPi15 -> VCH -> LPT22 -> LAL081 -> DNa13
T4b,720575940622298637,DNa16,720575940621519130,5,42,2111,T4b -> LPi15 -> VCH -> LPT22 -> PS013 -> DNa16
T4b,720575940612740501,DNp15,720575940623431351,5,32,2705,T4b -> LPi15 -> VCH -> Am1 -> HSN -> DNp15
T4b,720575940612740501,DNp18,720575940627949589,5,32,2612,T4b -> LPi15 -> VCH -> Am1 -> HSN -> DNp18
T4b,720575940612740501,DNae002,720575940620380449,5,32,2604,T4b -> LPi15 -> VCH -> Am1 -> HSN -> DNae002
T4b,720575940612740501,DNae010,720575940630868281,5,32,2600,T4b -> LPi15 -> VCH -> Am1 -> HSN -> DNae010
T4b,720575940612740501,DNae002,720575940620380449,5,32,1999,T4b -> LPi15 -> VCH -> Nod5 -> LPT22 -> DNae002
T4b,720575940612740501,DNp26,720575940619432261,5,32,2318,T4b -> LPi15 -> VCH -> LPT22 -> Nod1 -> DNp26
T4b,720575940612740501,DNp26,720575940619432261,5,32,2321,T4b -> LPi15 -> VCH -> LPT22 -> Nod1 -> DNp26
T4b,720575940612740501,DNae002,720575940620380449,4,32,1874,T4b -> LPi15 -> VCH -> LPT22 -> DNae002
T4b,720575940612740501,DNa13,720575940637607646,5,32,1928,T4b -> LPi15 -> VCH -> LPT22 -> LAL081 -> DNa13
T4b,720575940612740501,DNa16,720575940621519130,5,32,2101,T4b -> LPi15 -> VCH -> LPT22 -> PS013 -> DNa16
T4b,720575940616012556,DNb03,720575940611016910,5,46,2512,T4b -> LPi15 -> VCH -> Am1 -> H2 -> DNb03
T4b,720575940616012556,DNb03,720575940627997050,5,46,2508,T4b -> LPi15 -> VCH -> Am1 -> H2 -> DNb03
T4b,720575940616012556,DNp15,720575940623431351,5,46,2487,T4b -> LPi15 -> VCH -> Am1 -> H2 -> DNp15
T4b,720575940616012556,DNg41,720575940622037926,5,46,2414,T4b -> LPi15 -> VCH -> Am1 -> H2 -> DNg41
T4b,720575940616012556,DNg41,720575940636329579,5,46,2480,T4b -> LPi15 -> VCH -> Am1 -> LPT04_HST -> DNg41
T4b,720575940616012556,DNb03,720575940634163682,5,46,2400,T4b -> LPi15 -> VCH -> Am1 -> LPT04_HST -> DNb03
T4b,720575940616012556,DNp26,720575940627732361,5,46,2041,T4b -> LPi15 -> VCH -> LPT22 -> Nod1 -> DNp26
T4b,720575940616012556,DNp26,720575940627732361,5,46,2018,T4b -> LPi15 -> VCH -> LPT22 -> Nod1 -> DNp26
T4b,720575940616012556,DNa13,720575940616286175,5,46,1861,T4b -> LPi15 -> VCH -> LPT22 -> LAL081 -> DNa13
T4b,720575940616012556,DNa02,720575940629327659,5,46,1830,T4b -> LPi15 -> VCH -> LPT22 -> LAL081 -> DNa02
T4b,720575940627971068,DNb03,720575940611016910,5,40,2506,T4b -> LPi15 -> VCH -> Am1 -> H2 -> DNb03
T4b,720575940627971068,DNb03,720575940627997050,5,40,2502,T4b -> LPi15 -> VCH -> Am1 -> H2 -> DNb03
T4b,720575940627971068,DNp15,720575940623431351,5,40,2481,T4b -> LPi15 -> VCH -> Am1 -> H2 -> DNp15
T4b,720575940627971068,DNg41,720575940622037926,5,40,2408,T4b -> LPi15 -> VCH -> Am1 -> H2 -> DNg41
T4b,720575940627971068,DNg41,720575940636329579,5,40,2474,T4b -> LPi15 -> VCH -> Am1 -> LPT04_HST -> DNg41
T4b,720575940627971068,DNb03,720575940634163682,5,40,2394,T4b -> LPi15 -> VCH -> Am1 -> LPT04_HST -> DNb03
T4b,720575940627971068,DNp26,720575940627732361,5,40,2035,T4b -> LPi15 -> VCH -> LPT22 -> Nod1 -> DNp26
T4b,720575940627971068,DNp26,720575940627732361,5,40,2012,T4b -> LPi15 -> VCH -> LPT22 -> Nod1 -> DNp26
T4b,720575940627971068,DNa13,720575940616286175,5,40,1855,T4b -> LPi15 -> VCH -> LPT22 -> LAL081 -> DNa13
T4b,720575940627971068,DNa02,720575940629327659,5,40,1824,T4b -> LPi15 -> VCH -> LPT22 -> LAL081 -> DNa02
T4b,720575940644042094,DNb03,720575940611016910,5,22,2488,T4b -> LPi15 -> VCH -> Am1 -> H2 -> DNb03
T4b,720575940644042094,DNb03,720575940627997050,5,22,2484,T4b -> LPi15 -> VCH -> Am1 -> H2 -> DNb03
T4b,720575940644042094,DNp15,720575940623431351,5,22,2463,T4b -> LPi15 -> VCH -> Am1 -> H2 -> DNp15
T4b,720575940644042094,DNg41,720575940622037926,5,22,2390,T4b -> LPi15 -> VCH -> Am1 -> H2 -> DNg41
T4b,720575940644042094,DNg41,720575940636329579,5,22,2456,T4b -> LPi15 -> VCH -> Am1 -> LPT04_HST -> DNg41
T4b,720575940644042094,DNb03,720575940634163682,5,22,2376,T4b -> LPi15 -> VCH -> Am1 -> LPT04_HST -> DNb03
T4b,720575940644042094,DNp26,720575940627732361,5,22,2017,T4b -> LPi15 -> VCH -> LPT22 -> Nod1 -> DNp26
T4b,720575940644042094,DNp26,720575940627732361,5,22,1994,T4b -> LPi15 -> VCH -> LPT22 -> Nod1 -> DNp26
T4b,720575940644042094,DNa13,720575940616286175,5,22,1837,T4b -> LPi15 -> VCH -> LPT22 -> LAL081 -> DNa13
T4b,720575940644042094,DNa02,720575940629327659,5,22,1806,T4b -> LPi15 -> VCH -> LPT22 -> LAL081 -> DNa02
T4b,720575940623867399,DNb03,720575940611016910,5,39,2505,T4b -> LPi15 -> VCH -> Am1 -> H2 -> DNb03
T4b,720575940623867399,DNb03,720575940627997050,5,39,2501,T4b -> LPi15 -> VCH -> Am1 -> H2 -> DNb03
T4b,720575940623867399,DNp15,720575940623431351,5,39,2480,T4b -> LPi15 -> VCH -> Am1 -> H2 -> DNp15
T4b,720575940623867399,DNg41,720575940622037926,5,39,2407,T4b -> LPi15 -> VCH -> Am1 -> H2 -> DNg41
T4b,720575940623867399,DNg41,720575940636329579,5,39,2473,T4b -> LPi15 -> VCH -> Am1 -> LPT04_HST -> DNg41
T4b,720575940623867399,DNb03,720575940634163682,5,39,2393,T4b -> LPi15 -> VCH -> Am1 -> LPT04_HST -> DNb03
T4b,720575940623867399,DNp26,720575940627732361,5,39,2034,T4b -> LPi15 -> VCH -> LPT22 -> Nod1 -> DNp26
T4b,720575940623867399,DNp26,720575940627732361,5,39,2011,T4b -> LPi15 -> VCH -> LPT22 -> Nod1 -> DNp26
T4b,720575940623867399,DNa13,720575940616286175,5,39,1854,T4b -> LPi15 -> VCH -> LPT22 -> LAL081 -> DNa13
T4b,720575940623867399,DNa02,720575940629327659,5,39,1823,T4b -> LPi15 -> VCH -> LPT22 -> LAL081 -> DNa02
T4b,720575940640746960,DNb03,720575940611016910,5,27,2493,T4b -> LPi15 -> VCH -> Am1 -> H2 -> DNb03
T4b,720575940640746960,DNb03,720575940627997050,5,27,2489,T4b -> LPi15 -> VCH -> Am1 -> H2 -> DNb03
T4b,720575940640746960,DNp15,720575940623431351,5,27,2468,T4b -> LPi15 -> VCH -> Am1 -> H2 -> DNp15
T4b,720575940640746960,DNg41,720575940622037926,5,27,2395,T4b -> LPi15 -> VCH -> Am1 -> H2 -> DNg41
T4b,720575940640746960,DNg41,720575940636329579,5,27,2461,T4b -> LPi15 -> VCH -> Am1 -> LPT04_HST -> DNg41
T4b,720575940640746960,DNb03,720575940634163682,5,27,2381,T4b -> LPi15 -> VCH -> Am1 -> LPT04_HST -> DNb03
T4b,720575940640746960,DNp26,720575940627732361,5,27,2022,T4b -> LPi15 -> VCH -> LPT22 -> Nod1 -> DNp26
T4b,720575940640746960,DNp26,720575940627732361,5,27,1999,T4b -> LPi15 -> VCH -> LPT22 -> Nod1 -> DNp26
T4b,720575940640746960,DNa13,720575940616286175,5,27,1842,T4b -> LPi15 -> VCH -> LPT22 -> LAL081 -> DNa13
T4b,720575940640746960,DNa02,720575940629327659,5,27,1811,T4b -> LPi15 -> VCH -> LPT22 -> LAL081 -> DNa02
T4b,720575940654589601,DNb03,720575940611016910,5,34,2500,T4b -> LPi15 -> VCH -> Am1 -> H2 -> DNb03
T4b,720575940654589601,DNb03,720575940627997050,5,34,2496,T4b -> LPi15 -> VCH -> Am1 -> H2 -> DNb03
T4b,720575940654589601,DNp15,720575940623431351,5,34,2475,T4b -> LPi15 -> VCH -> Am1 -> H2 -> DNp15
T4b,720575940654589601,DNg41,720575940622037926,5,34,2402,T4b -> LPi15 -> VCH -> Am1 -> H2 -> DNg41
T4b,720575940654589601,DNg41,720575940636329579,5,34,2468,T4b -> LPi15 -> VCH -> Am1 -> LPT04_HST -> DNg41
T4b,720575940654589601,DNb03,720575940634163682,5,34,2388,T4b -> LPi15 -> VCH -> Am1 -> LPT04_HST -> DNb03
T4b,720575940654589601,DNp26,720575940627732361,5,34,2029,T4b -> LPi15 -> VCH -> LPT22 -> Nod1 -> DNp26
T4b,720575940654589601,DNp26,720575940627732361,5,34,2006,T4b -> LPi15 -> VCH -> LPT22 -> Nod1 -> DNp26
T4b,720575940654589601,DNa13,720575940616286175,5,34,1849,T4b -> LPi15 -> VCH -> LPT22 -> LAL081 -> DNa13
T4b,720575940654589601,DNa02,720575940629327659,5,34,1818,T4b -> LPi15 -> VCH -> LPT22 -> LAL081 -> DNa02
T4b,720575940618445241,DNp15,720575940623431351,5,14,2687,T4b -> LPi15 -> VCH -> Am1 -> HSN -> DNp15
T4b,720575940618445241,DNp18,720575940627949589,5,14,2594,T4b -> LPi15 -> VCH -> Am1 -> HSN -> DNp18
T4b,720575940618445241,DNae002,720575940620380449,5,14,2586,T4b -> LPi15 -> VCH -> Am1 -> HSN -> DNae002
T4b,720575940618445241,DNae010,720575940630868281,5,14,2582,T4b -> LPi15 -> VCH -> Am1 -> HSN -> DNae010
T4b,720575940618445241,DNae002,720575940620380449,5,14,1981,T4b -> LPi15 -> VCH -> Nod5 -> LPT22 -> DNae002
T4b,720575940618445241,DNp26,720575940619432261,5,14,2300,T4b -> LPi15 -> VCH -> LPT22 -> Nod1 -> DNp26
T4b,720575940618445241,DNp26,720575940619432261,5,14,2303,T4b -> LPi15 -> VCH -> LPT22 -> Nod1 -> DNp26
T4b,720575940618445241,DNae002,720575940620380449,4,14,1856,T4b -> LPi15 -> VCH -> LPT22 -> DNae002
T4b,720575940618445241,DNa13,720575940637607646,5,14,1910,T4b -> LPi15 -> VCH -> LPT22 -> LAL081 -> DNa13
T4b,720575940618445241,DNa16,720575940621519130,5,14,2083,T4b -> LPi15 -> VCH -> LPT22 -> PS013 -> DNa16
T4b,720575940620743663,DNb03,720575940611016910,5,28,2494,T4b -> LPi15 -> VCH -> Am1 -> H2 -> DNb03
T4b,720575940620743663,DNb03,720575940627997050,5,28,2490,T4b -> LPi15 -> VCH -> Am1 -> H2 -> DNb03
T4b,720575940620743663,DNp15,720575940623431351,5,28,2469,T4b -> LPi15 -> VCH -> Am1 -> H2 -> DNp15
T4b,720575940620743663,DNg41,720575940622037926,5,28,2396,T4b -> LPi15 -> VCH -> Am1 -> H2 -> DNg41
T4b,720575940620743663,DNg41,720575940636329579,5,28,2462,T4b -> LPi15 -> VCH -> Am1 -> LPT04_HST -> DNg41
T4b,720575940620743663,DNb03,720575940634163682,5,28,2382,T4b -> LPi15 -> VCH -> Am1 -> LPT04_HST -> DNb03
T4b,720575940620743663,DNp26,720575940627732361,5,28,2023,T4b -> LPi15 -> VCH -> LPT22 -> Nod1 -> DNp26
T4b,720575940620743663,DNp26,720575940627732361,5,28,2000,T4b -> LPi15 -> VCH -> LPT22 -> Nod1 -> DNp26
T4b,720575940620743663,DNa13,720575940616286175,5,28,1843,T4b -> LPi15 -> VCH -> LPT22 -> LAL081 -> DNa13
T4b,720575940620743663,DNa02,720575940629327659,5,28,1812,T4b -> LPi15 -> VCH -> LPT22 -> LAL081 -> DNa02
T4b,720575940613898365,DNp15,720575940623431351,5,40,2713,T4b -> LPi15 -> VCH -> Am1 -> HSN -> DNp15
T4b,720575940613898365,DNp18,720575940627949589,5,40,2620,T4b -> LPi15 -> VCH -> Am1 -> HSN -> DNp18
T4b,720575940613898365,DNae002,720575940620380449,5,40,2612,T4b -> LPi15 -> VCH -> Am1 -> HSN -> DNae002
T4b,720575940613898365,DNae010,720575940630868281,5,40,2608,T4b -> LPi15 -> VCH -> Am1 -> HSN -> DNae010
T4b,720575940613898365,DNae002,720575940620380449,5,40,2007,T4b -> LPi15 -> VCH -> Nod5 -> LPT22 -> DNae002
T4b,720575940613898365,DNp26,720575940619432261,5,40,2326,T4b -> LPi15 -> VCH -> LPT22 -> Nod1 -> DNp26
T4b,720575940613898365,DNp26,720575940619432261,5,40,2329,T4b -> LPi15 -> VCH -> LPT22 -> Nod1 -> DNp26
T4b,720575940613898365,DNae002,720575940620380449,4,40,1882,T4b -> LPi15 -> VCH -> LPT22 -> DNae002
T4b,720575940613898365,DNa13,720575940637607646,5,40,1936,T4b -> LPi15 -> VCH -> LPT22 -> LAL081 -> DNa13
T4b,720575940613898365,DNa16,720575940621519130,5,40,2109,T4b -> LPi15 -> VCH -> LPT22 -> PS013 -> DNa16
T4b,720575940634999231,DNp15,720575940623431351,5,42,2715,T4b -> LPi15 -> VCH -> Am1 -> HSN -> DNp15
T4b,720575940634999231,DNp18,720575940627949589,5,42,2622,T4b -> LPi15 -> VCH -> Am1 -> HSN -> DNp18
T4b,720575940634999231,DNae002,720575940620380449,5,42,2614,T4b -> LPi15 -> VCH -> Am1 -> HSN -> DNae002
T4b,720575940634999231,DNae010,720575940630868281,5,42,2610,T4b -> LPi15 -> VCH -> Am1 -> HSN -> DNae010
T4b,720575940634999231,DNae002,720575940620380449,5,42,2009,T4b -> LPi15 -> VCH -> Nod5 -> LPT22 -> DNae002
T4b,720575940634999231,DNp26,720575940619432261,5,42,2328,T4b -> LPi15 -> VCH -> LPT22 -> Nod1 -> DNp26
T4b,720575940634999231,DNp26,720575940619432261,5,42,2331,T4b -> LPi15 -> VCH -> LPT22 -> Nod1 -> DNp26
T4b,720575940634999231,DNae002,720575940620380449,4,42,1884,T4b -> LPi15 -> VCH -> LPT22 -> DNae002
T4b,720575940634999231,DNa13,720575940637607646,5,42,1938,T4b -> LPi15 -> VCH -> LPT22 -> LAL081 -> DNa13
T4b,720575940634999231,DNa16,720575940621519130,5,42,2111,T4b -> LPi15 -> VCH -> LPT22 -> PS013 -> DNa16
T4b,720575940609721186,DNp15,720575940623431351,5,43,2716,T4b -> LPi15 -> VCH -> Am1 -> HSN -> DNp15
T4b,720575940609721186,DNp18,720575940627949589,5,43,2623,T4b -> LPi15 -> VCH -> Am1 -> HSN -> DNp18
T4b,720575940609721186,DNae002,720575940620380449,5,43,2615,T4b -> LPi15 -> VCH -> Am1 -> HSN -> DNae002
T4b,720575940609721186,DNae010,720575940630868281,5,42,2611,T4b -> LPi15 -> VCH -> Am1 -> HSN -> DNae010
T4b,720575940609721186,DNae002,720575940620380449,5,43,2010,T4b -> LPi15 -> VCH -> Nod5 -> LPT22 -> DNae002
T4b,720575940609721186,DNp26,720575940619432261,5,43,2329,T4b -> LPi15 -> VCH -> LPT22 -> Nod1 -> DNp26
T4b,720575940609721186,DNp26,720575940619432261,5,43,2332,T4b -> LPi15 -> VCH -> LPT22 -> Nod1 -> DNp26
T4b,720575940609721186,DNae002,720575940620380449,4,43,1885,T4b -> LPi15 -> VCH -> LPT22 -> DNae002
T4b,720575940609721186,DNa13,720575940637607646,5,43,1939,T4b -> LPi15 -> VCH -> LPT22 -> LAL081 -> DNa13
T4b,720575940609721186,DNa16,720575940621519130,5,43,2112,T4b -> LPi15 -> VCH -> LPT22 -> PS013 -> DNa16
T4b,720575940642945844,DNp15,720575940623431351,5,37,2710,T4b -> LPi15 -> VCH -> Am1 -> HSN -> DNp15
T4b,720575940642945844,DNp18,720575940627949589,5,37,2617,T4b -> LPi15 -> VCH -> Am1 -> HSN -> DNp18
T4b,720575940642945844,DNae002,720575940620380449,5,37,2609,T4b -> LPi15 -> VCH -> Am1 -> HSN -> DNae002
T4b,720575940642945844,DNae010,720575940630868281,5,37,2605,T4b -> LPi15 -> VCH -> Am1 -> HSN -> DNae010
T4b,720575940642945844,DNae002,720575940620380449,5,37,2004,T4b -> LPi15 -> VCH -> Nod5 -> LPT22 -> DNae002
T4b,720575940642945844,DNp26,720575940619432261,5,37,2323,T4b -> LPi15 -> VCH -> LPT22 -> Nod1 -> DNp26
T4b,720575940642945844,DNp26,720575940619432261,5,37,2326,T4b -> LPi15 -> VCH -> LPT22 -> Nod1 -> DNp26
T4b,720575940642945844,DNae002,720575940620380449,4,37,1879,T4b -> LPi15 -> VCH -> LPT22 -> DNae002
T4b,720575940642945844,DNa13,720575940637607646,5,37,1933,T4b -> LPi15 -> VCH -> LPT22 -> LAL081 -> DNa13
T4b,720575940642945844,DNa16,720575940621519130,5,37,2106,T4b -> LPi15 -> VCH -> LPT22 -> PS013 -> DNa16
T4b,720575940646252835,DNb03,720575940611016910,5,26,2492,T4b -> LPi15 -> VCH -> Am1 -> H2 -> DNb03
T4b,720575940646252835,DNb03,720575940627997050,5,26,2488,T4b -> LPi15 -> VCH -> Am1 -> H2 -> DNb03
T4b,720575940646252835,DNp15,720575940623431351,5,26,2467,T4b -> LPi15 -> VCH -> Am1 -> H2 -> DNp15
T4b,720575940646252835,DNg41,720575940622037926,5,26,2394,T4b -> LPi15 -> VCH -> Am1 -> H2 -> DNg41
T4b,720575940646252835,DNg41,720575940636329579,5,26,2460,T4b -> LPi15 -> VCH -> Am1 -> LPT04_HST -> DNg41
T4b,720575940646252835,DNb03,720575940634163682,5,26,2380,T4b -> LPi15 -> VCH -> Am1 -> LPT04_HST -> DNb03
T4b,720575940646252835,DNp26,720575940627732361,5,26,2021,T4b -> LPi15 -> VCH -> LPT22 -> Nod1 -> DNp26
T4b,720575940646252835,DNp26,720575940627732361,5,26,1998,T4b -> LPi15 -> VCH -> LPT22 -> Nod1 -> DNp26
T4b,720575940646252835,DNa13,720575940616286175,5,26,1841,T4b -> LPi15 -> VCH -> LPT22 -> LAL081 -> DNa13
T4b,720575940646252835,DNa02,720575940629327659,5,26,1810,T4b -> LPi15 -> VCH -> LPT22 -> LAL081 -> DNa02
T4b,720575940626727848,DNp15,720575940623431351,5,23,2696,T4b -> LPi15 -> VCH -> Am1 -> HSN -> DNp15
T4b,720575940626727848,DNp18,720575940627949589,5,23,2603,T4b -> LPi15 -> VCH -> Am1 -> HSN -> DNp18
T4b,720575940626727848,DNae002,720575940620380449,5,23,2595,T4b -> LPi15 -> VCH -> Am1 -> HSN -> DNae002
T4b,720575940626727848,DNae010,720575940630868281,5,23,2591,T4b -> LPi15 -> VCH -> Am1 -> HSN -> DNae010
T4b,720575940626727848,DNae002,720575940620380449,5,23,1990,T4b -> LPi15 -> VCH -> Nod5 -> LPT22 -> DNae002
T4b,720575940626727848,DNp26,720575940619432261,5,23,2309,T4b -> LPi15 -> VCH -> LPT22 -> Nod1 -> DNp26
T4b,720575940626727848,DNp26,720575940619432261,5,23,2312,T4b -> LPi15 -> VCH -> LPT22 -> Nod1 -> DNp26
T4b,720575940626727848,DNae002,720575940620380449,4,23,1865,T4b -> LPi15 -> VCH -> LPT22 -> DNae002
T4b,720575940626727848,DNa13,720575940637607646,5,23,1919,T4b -> LPi15 -> VCH -> LPT22 -> LAL081 -> DNa13
T4b,720575940626727848,DNa16,720575940621519130,5,23,2092,T4b -> LPi15 -> VCH -> LPT22 -> PS013 -> DNa16
T4b,720575940617161531,DNp15,720575940623431351,5,41,2714,T4b -> LPi15 -> VCH -> Am1 -> HSN -> DNp15
T4b,720575940617161531,DNp18,720575940627949589,5,41,2621,T4b -> LPi15 -> VCH -> Am1 -> HSN -> DNp18
T4b,720575940617161531,DNae002,720575940620380449,5,41,2613,T4b -> LPi15 -> VCH -> Am1 -> HSN -> DNae002
T4b,720575940617161531,DNae010,720575940630868281,5,41,2609,T4b -> LPi15 -> VCH -> Am1 -> HSN -> DNae010
T4b,720575940617161531,DNae002,720575940620380449,5,41,2008,T4b -> LPi15 -> VCH -> Nod5 -> LPT22 -> DNae002
T4b,720575940617161531,DNp26,720575940619432261,5,41,2327,T4b -> LPi15 -> VCH -> LPT22 -> Nod1 -> DNp26
T4b,720575940617161531,DNp26,720575940619432261,5,41,2330,T4b -> LPi15 -> VCH -> LPT22 -> Nod1 -> DNp26
T4b,720575940617161531,DNae002,720575940620380449,4,41,1883,T4b -> LPi15 -> VCH -> LPT22 -> DNae002
T4b,720575940617161531,DNa13,720575940637607646,5,41,1937,T4b -> LPi15 -> VCH -> LPT22 -> LAL081 -> DNa13
T4b,720575940617161531,DNa16,720575940621519130,5,41,2110,T4b -> LPi15 -> VCH -> LPT22 -> PS013 -> DNa16
T4b,720575940643809952,DNb03,720575940611016910,5,53,2519,T4b -> LPi15 -> VCH -> Am1 -> H2 -> DNb03
T4b,720575940643809952,DNb03,720575940627997050,5,53,2515,T4b -> LPi15 -> VCH -> Am1 -> H2 -> DNb03
T4b,720575940643809952,DNp15,720575940623431351,5,53,2494,T4b -> LPi15 -> VCH -> Am1 -> H2 -> DNp15
T4b,720575940643809952,DNg41,720575940622037926,5,53,2421,T4b -> LPi15 -> VCH -> Am1 -> H2 -> DNg41
T4b,720575940643809952,DNg41,720575940636329579,5,53,2487,T4b -> LPi15 -> VCH -> Am1 -> LPT04_HST -> DNg41
T4b,720575940643809952,DNb03,720575940634163682,5,53,2407,T4b -> LPi15 -> VCH -> Am1 -> LPT04_HST -> DNb03
T4b,720575940643809952,DNp26,720575940627732361,5,53,2048,T4b -> LPi15 -> VCH -> LPT22 -> Nod1 -> DNp26
T4b,720575940643809952,DNp26,720575940627732361,5,53,2025,T4b -> LPi15 -> VCH -> LPT22 -> Nod1 -> DNp26
T4b,720575940643809952,DNa13,720575940616286175,5,53,1868,T4b -> LPi15 -> VCH -> LPT22 -> LAL081 -> DNa13
T4b,720575940643809952,DNa02,720575940629327659,5,53,1837,T4b -> LPi15 -> VCH -> LPT22 -> LAL081 -> DNa02
T4c,720575940625052659,DNae002,720575940627139530,4,28,454,T4c -> LPi09 -> LPT27 -> PLP230 -> DNae002
T4c,720575940625052659,DNp26,720575940619432261,5,28,638,T4c -> LPi09 -> LPT27 -> PLP230 -> PLP035 -> DNp26
T4c,720575940625052659,DNbe001,720575940632868051,5,28,608,T4c -> LPi09 -> LPT27 -> PLP230 -> PLP035 -> DNbe001
T4c,720575940625052659,DNae003,720575940634253281,4,28,370,T4c -> LPi09 -> LPT27 -> PLP230 -> DNae003
T4c,720575940625052659,DNpe019,720575940627620593,4,28,367,T4c -> LPi09 -> LPT27 -> PLP230 -> DNpe019
T4c,720575940625052659,DNb01,720575940625878160,4,28,339,T4c -> LPi09 -> LPT27 -> PLP230 -> DNb01
T4c,720575940625052659,DNa09,720575940634140883,4,28,329,T4c -> LPi09 -> LPT27 -> PLP230 -> DNa09
T4c,720575940625052659,DNae010,720575940651341558,5,28,324,T4c -> LPi09 -> LPT27 -> LAL158 -> LAL019 -> DNae010
T4c,720575940625052659,DNa03,720575940620918789,5,28,318,T4c -> LPi09 -> LPT27 -> LAL158 -> LAL019 -> DNa03
T4c,720575940625052659,DNae002,720575940627139530,5,28,308,T4c -> LPi09 -> LPT27 -> LAL158 -> LAL019 -> DNae002
T4c,720575940629263098,DNae002,720575940627139530,4,20,416,T4c -> LPi09 -> LPT27 -> PLP230 -> DNae002
T4c,720575940629263098,DNp26,720575940619432261,5,20,600,T4c -> LPi09 -> LPT27 -> PLP230 -> PLP035 -> DNp26
T4c,720575940629263098,DNbe001,720575940632868051,5,20,570,T4c -> LPi09 -> LPT27 -> PLP230 -> PLP035 -> DNbe001
T4c,720575940629263098,DNae003,720575940634253281,4,20,332,T4c -> LPi09 -> LPT27 -> PLP230 -> DNae003
T4c,720575940629263098,DNpe019,720575940627620593,4,20,329,T4c -> LPi09 -> LPT27 -> PLP230 -> DNpe019
T4c,720575940629263098,DNb01,720575940625878160,4,20,301,T4c -> LPi09 -> LPT27 -> PLP230 -> DNb01
T4c,720575940629263098,DNa09,720575940634140883,4,20,291,T4c -> LPi09 -> LPT27 -> PLP230 -> DNa09
T4c,720575940629263098,DNae010,720575940651341558,5,20,286,T4c -> LPi09 -> LPT27 -> LAL158 -> LAL019 -> DNae010
T4c,720575940629263098,DNa03,720575940620918789,5,20,280,T4c -> LPi09 -> LPT27 -> LAL158 -> LAL019 -> DNa03
T4c,720575940629263098,DNae002,720575940627139530,5,20,270,T4c -> LPi09 -> LPT27 -> LAL158 -> LAL019 -> DNae002
T4c,720575940628917147,DNae002,720575940627139530,4,20,433,T4c -> LPi09 -> LPT27 -> PLP230 -> DNae002
T4c,720575940628917147,DNp26,720575940619432261,5,20,617,T4c -> LPi09 -> LPT27 -> PLP230 -> PLP035 -> DNp26
T4c,720575940628917147,DNbe001,720575940632868051,5,20,587,T4c -> LPi09 -> LPT27 -> PLP230 -> PLP035 -> DNbe001
T4c,720575940628917147,DNae003,720575940634253281,4,20,349,T4c -> LPi09 -> LPT27 -> PLP230 -> DNae003
T4c,720575940628917147,DNpe019,720575940627620593,4,20,346,T4c -> LPi09 -> LPT27 -> PLP230 -> DNpe019
T4c,720575940628917147,DNb01,720575940625878160,4,20,318,T4c -> LPi09 -> LPT27 -> PLP230 -> DNb01
T4c,720575940628917147,DNa09,720575940634140883,4,20,308,T4c -> LPi09 -> LPT27 -> PLP230 -> DNa09
T4c,720575940628917147,DNae010,720575940651341558,5,20,303,T4c -> LPi09 -> LPT27 -> LAL158 -> LAL019 -> DNae010
T4c,720575940628917147,DNa03,720575940620918789,5,20,297,T4c -> LPi09 -> LPT27 -> LAL158 -> LAL019 -> DNa03
T4c,720575940628917147,DNae002,720575940627139530,5,20,287,T4c -> LPi09 -> LPT27 -> LAL158 -> LAL019 -> DNae002
T4c,720575940614559894,DNa10,720575940623468691,5,31,740,T4c -> LPi09 -> LPi13 -> LPT48_vCal3 -> PLP248 -> DNa10
T4c,720575940614559894,DNp31,720575940632189900,4,31,597,T4c -> LPi09 -> LPi13 -> LPT48_vCal3 -> DNp31
T4c,720575940614559894,DNa10,720575940627946261,5,31,622,T4c -> LPi09 -> LPi13 -> LPT48_vCal3 -> PLP248 -> DNa10
T4c,720575940614559894,DNp31,720575940632189900,5,21,485,T4c -> LPi09 -> LPi13 -> LPT48_vCal3 -> PLP103c -> DNp31
T4c,720575940614559894,DNp31,720575940628132745,4,31,462,T4c -> LPi09 -> LPi13 -> LPT48_vCal3 -> DNp31
T4c,720575940614559894,DNp31,720575940632189900,5,31,630,T4c -> LPi09 -> LPi13 -> LPT48_vCal3 -> PS058 -> DNp31
T4c,720575940614559894,DNae002,720575940627139530,5,31,654,T4c -> LPi09 -> LPi13 -> LPT27 -> PLP230 -> DNae002
T4c,720575940614559894,DNae003,720575940634253281,5,31,570,T4c -> LPi09 -> LPi13 -> LPT27 -> PLP230 -> DNae003
T4c,720575940614559894,DNpe019,720575940627620593,5,31,567,T4c -> LPi09 -> LPi13 -> LPT27 -> PLP230 -> DNpe019
T4c,720575940614559894,DNb01,720575940625878160,5,31,539,T4c -> LPi09 -> LPi13 -> LPT27 -> PLP230 -> DNb01
T4c,720575940627100618,DNae002,720575940627139530,4,22,420,T4c -> LPi09 -> LPT27 -> PLP230 -> DNae002
T4c,720575940627100618,DNp26,720575940619432261,5,22,604,T4c -> LPi09 -> LPT27 -> PLP230 -> PLP035 -> DNp26
T4c,720575940627100618,DNbe001,720575940632868051,5,22,574,T4c -> LPi09 -> LPT27 -> PLP230 -> PLP035 -> DNbe001
T4c,720575940627100618,DNae003,720575940634253281,4,22,336,T4c -> LPi09 -> LPT27 -> PLP230 -> DNae003
T4c,720575940627100618,DNpe019,720575940627620593,4,22,333,T4c -> LPi09 -> LPT27 -> PLP230 -> DNpe019
T4c,720575940627100618,DNb01,720575940625878160,4,22,305,T4c -> LPi09 -> LPT27 -> PLP230 -> DNb01
T4c,720575940627100618,DNa09,720575940634140883,4,22,295,T4c -> LPi09 -> LPT27 -> PLP230 -> DNa09
T4c,720575940627100618,DNae010,720575940651341558,5,22,290,T4c -> LPi09 -> LPT27 -> LAL158 -> LAL019 -> DNae010
T4c,720575940627100618,DNa03,720575940620918789,5,22,284,T4c -> LPi09 -> LPT27 -> LAL158 -> LAL019 -> DNa03
T4c,720575940627100618,DNae002,720575940627139530,5,22,274,T4c -> LPi09 -> LPT27 -> LAL158 -> LAL019 -> DNae002
T4c,720575940636612324,DNa10,720575940623468691,5,37,720,T4c -> LPi09 -> LPi13 -> LPT48_vCal3 -> PLP248 -> DNa10
T4c,720575940636612324,DNp31,720575940632189900,4,37,577,T4c -> LPi09 -> LPi13 -> LPT48_vCal3 -> DNp31
T4c,720575940636612324,DNa10,720575940627946261,5,37,602,T4c -> LPi09 -> LPi13 -> LPT48_vCal3 -> PLP248 -> DNa10
T4c,720575940636612324,DNp31,720575940632189900,5,21,465,T4c -> LPi09 -> LPi13 -> LPT48_vCal3 -> PLP103c -> DNp31
T4c,720575940636612324,DNp31,720575940628132745,4,37,442,T4c -> LPi09 -> LPi13 -> LPT48_vCal3 -> DNp31
T4c,720575940636612324,DNp31,720575940632189900,5,37,610,T4c -> LPi09 -> LPi13 -> LPT48_vCal3 -> PS058 -> DNp31
T4c,720575940636612324,DNae002,720575940627139530,5,37,634,T4c -> LPi09 -> LPi13 -> LPT27 -> PLP230 -> DNae002
T4c,720575940636612324,DNae003,720575940634253281,5,37,550,T4c -> LPi09 -> LPi13 -> LPT27 -> PLP230 -> DNae003
T4c,720575940636612324,DNpe019,720575940627620593,5,37,547,T4c -> LPi09 -> LPi13 -> LPT27 -> PLP230 -> DNpe019
T4c,720575940636612324,DNb01,720575940625878160,5,37,519,T4c -> LPi09 -> LPi13 -> LPT27 -> PLP230 -> DNb01
T4c,720575940605018540,DNp26,720575940619432261,5,16,389,T4c -> LPi09 -> VS3 -> LPi13 -> LPT27 -> DNp26
T4c,720575940605018540,DNa10,720575940623468691,5,16,369,T4c -> LPi09 -> VS3 -> LPi13 -> LPT27 -> DNa10
T4c,720575940605018540,DNp31,720575940628132745,5,16,412,T4c -> LPi09 -> VS3 -> LPi13 -> LPT48_vCal3 -> DNp31
T4c,720575940605018540,DNp31,720575940632189900,5,16,376,T4c -> LPi09 -> VS3 -> LPi13 -> LPT48_vCal3 -> DNp31
T4c,720575940605018540,DNp22,720575940615043368,3,16,84,T4c -> LPi09 -> VS3 -> DNp22
T4c,720575940605018540,DNae003,720575940622204186,5,16,299,T4c -> LPi09 -> VS3 -> DNp20 -> CB3716 -> DNae003
T4c,720575940605018540,DNp18,720575940618440000,4,16,101,T4c -> LPi09 -> VS3 -> DNp20 -> DNp18
T4c,720575940605018540,DNp18,720575940618440000,5,16,571,T4c -> LPi09 -> VS3 -> DNp20 -> OCG01e -> DNp18
T4c,720575940605018540,DNp18,720575940618440000,5,14,169,T4c -> LPi09 -> VS3 -> DNp20 -> OCG01a -> DNp18
T4c,720575940605018540,DNg46,720575940615108714,5,12,377,T4c -> LPi09 -> VS3 -> DNp20 -> PS174 -> DNg46
T4c,720575940631696697,DNae002,720575940620380449,4,26,500,T4c -> LPi09 -> LPT27 -> PLP230 -> DNae002
T4c,720575940631696697,DNbe001,720575940632539788,5,26,632,T4c -> LPi09 -> LPT27 -> PLP230 -> PLP035 -> DNbe001
T4c,720575940631696697,DNp26,720575940627732361,5,26,596,T4c -> LPi09 -> LPT27 -> PLP230 -> PLP035 -> DNp26
T4c,720575940631696697,DNb01,720575940630758418,4,26,379,T4c -> LPi09 -> LPT27 -> PLP230 -> DNb01
T4c,720575940631696697,DNpe019,720575940636592302,4,26,377,T4c -> LPi09 -> LPT27 -> PLP230 -> DNpe019
T4c,720575940631696697,DNa09,720575940620711334,4,26,359,T4c -> LPi09 -> LPT27 -> PLP230 -> DNa09
T4c,720575940631696697,DNae003,720575940622204186,4,26,359,T4c -> LPi09 -> LPT27 -> PLP230 -> DNae003
T4c,720575940631696697,DNp51,720575940636651376,4,26,351,T4c -> LPi09 -> LPT27 -> PLP230 -> DNp51
T4c,720575940631696697,DNae002,720575940627139530,5,26,870,T4c -> LPi09 -> LPT27 -> PLP078 -> PLP230 -> DNae002
T4c,720575940631696697,DNae003,720575940634253281,5,26,786,T4c -> LPi09 -> LPT27 -> PLP078 -> PLP230 -> DNae003
T4c,720575940623627753,DNp31,720575940632189900,5,14,1052,T4c -> LPi09 -> LPT45_dCal1 -> LPi13 -> LPT48_vCal3 -> DNp31
T4c,720575940623627753,DNp31,720575940628132745,5,14,917,T4c -> LPi09 -> LPT45_dCal1 -> LPi13 -> LPT48_vCal3 -> DNp31
T4c,720575940623627753,DNa10,720575940627946261,5,14,866,T4c -> LPi09 -> LPT45_dCal1 -> LPi13 -> LPT27 -> DNa10
T4c,720575940623627753,DNp26,720575940627732361,5,14,846,T4c -> LPi09 -> LPT45_dCal1 -> LPi13 -> LPT27 -> DNp26
T4c,720575940623627753,DNp26,720575940619432261,5,14,453,T4c -> LPi09 -> LPT45_dCal1 -> LPi13 -> LPT27 -> DNp26
T4c,720575940623627753,DNa10,720575940623468691,5,14,433,T4c -> LPi09 -> LPT45_dCal1 -> LPi13 -> LPT27 -> DNa10
T4c,720575940623627753,DNp31,720575940628132745,5,14,476,T4c -> LPi09 -> LPT45_dCal1 -> LPi13 -> LPT48_vCal3 -> DNp31
T4c,720575940623627753,DNp31,720575940632189900,5,14,440,T4c -> LPi09 -> LPT45_dCal1 -> LPi13 -> LPT48_vCal3 -> DNp31
T4c,720575940623627753,DNp31,720575940628132745,5,14,378,T4c -> LPi09 -> LPT45_dCal1 -> PLP248 -> PLP020 -> DNp31
T4c,720575940623627753,DNa10,720575940627946261,4,14,221,T4c -> LPi09 -> LPT45_dCal1 -> PLP248 -> DNa10
T4c,720575940622769080,DNp31,720575940632189900,5,19,427,T4c -> LLPC2 -> PLP248 -> PLP020 -> PLP196 -> DNp31
T4c,720575940622769080,DNp31,720575940628132745,5,19,355,T4c -> LLPC2 -> PLP248 -> PLP020 -> PLP196 -> DNp31
T4c,720575940622769080,DNg05_a,720575940609589443,5,19,313,T4c -> LLPC2 -> PLP248 -> PLP020 -> DNge030 -> DNg05_a
T4c,720575940622769080,DNp31,720575940632189900,4,19,273,T4c -> LLPC2 -> PLP248 -> PLP020 -> DNp31
T4c,720575940622769080,DNa10,720575940623468691,3,19,153,T4c -> LLPC2 -> PLP248 -> DNa10
T4c,720575940622769080,DNg05_a,720575940627731176,5,19,288,T4c -> LLPC2 -> PLP248 -> PLP020 -> DNge030 -> DNg05_a
T4c,720575940622769080,DNp31,720575940628132745,4,19,216,T4c -> LLPC2 -> PLP248 -> PLP020 -> DNp31
T4c,720575940622769080,DNa10,720575940627946261,5,19,329,T4c -> LLPC2 -> PLP248 -> PLP020 -> PLP248 -> DNa10
T4c,720575940622769080,DNp31,720575940628132745,5,19,289,T4c -> LLPC2 -> PLP248 -> PLP020 -> PLP196 -> DNp31
T4c,720575940622769080,DNp31,720575940632189900,5,19,259,T4c -> LLPC2 -> PLP248 -> PLP020 -> PLP196 -> DNp31
T4c,720575940617783581,DNbe001,720575940632868051,5,10,201,T4c -> Tlp14 -> TmY14 -> Li21 -> LCe07 -> DNbe001
T4c,720575940617783581,DNp31,720575940632189900,5,10,193,T4c -> Tlp14 -> TmY14 -> Li21 -> LCe07 -> DNp31
T4c,720575940617783581,DNae002,720575940627139530,5,10,1704,T4c -> Tlp14 -> LPi15 -> VCH -> LPT22 -> DNae002
T4c,720575940617783581,DNb03,720575940627997050,5,10,1600,T4c -> Tlp14 -> LPi15 -> VCH -> Nod5 -> DNb03
T4c,720575940617783581,DNb03,720575940611016910,5,10,1593,T4c -> Tlp14 -> LPi15 -> VCH -> Nod5 -> DNb03
T4c,720575940617783581,DNg41,720575940622037926,5,10,1350,T4c -> Tlp14 -> LPi15 -> HSS -> CB0268 -> DNg41
T4c,720575940617783581,DNp15,720575940623431351,5,10,1348,T4c -> Tlp14 -> LPi15 -> HSS -> CB0268 -> DNp15
T4c,720575940617783581,DNa02,720575940629327659,4,10,1214,T4c -> Tlp14 -> LPi15 -> HSS -> DNa02
T4c,720575940617783581,DNp18,720575940618440000,4,10,1198,T4c -> Tlp14 -> LPi15 -> HSS -> DNp18
T4c,720575940617783581,DNg41,720575940636329579,4,10,1197,T4c -> Tlp14 -> LPi15 -> HSS -> DNg41
T4c,720575940607118722,DNae002,720575940620380449,4,27,501,T4c -> LPi09 -> LPT27 -> PLP230 -> DNae002
T4c,720575940607118722,DNbe001,720575940632539788,5,27,633,T4c -> LPi09 -> LPT27 -> PLP230 -> PLP035 -> DNbe001
T4c,720575940607118722,DNp26,720575940627732361,5,27,597,T4c -> LPi09 -> LPT27 -> PLP230 -> PLP035 -> DNp26
T4c,720575940607118722,DNb01,720575940630758418,4,27,380,T4c -> LPi09 -> LPT27 -> PLP230 -> DNb01
T4c,720575940607118722,DNpe019,720575940636592302,4,27,378,T4c -> LPi09 -> LPT27 -> PLP230 -> DNpe019
T4c,720575940607118722,DNa09,720575940620711334,4,27,360,T4c -> LPi09 -> LPT27 -> PLP230 -> DNa09
T4c,720575940607118722,DNae003,720575940622204186,4,27,360,T4c -> LPi09 -> LPT27 -> PLP230 -> DNae003
T4c,720575940607118722,DNp51,720575940636651376,4,27,352,T4c -> LPi09 -> LPT27 -> PLP230 -> DNp51
T4c,720575940607118722,DNae002,720575940627139530,5,27,871,T4c -> LPi09 -> LPT27 -> PLP078 -> PLP230 -> DNae002
T4c,720575940607118722,DNae003,720575940634253281,5,27,787,T4c -> LPi09 -> LPT27 -> PLP078 -> PLP230 -> DNae003
T4c,720575940636384887,DNae002,720575940620380449,5,17,177,T4c -> LPi04 -> Y11 -> LPLC1 -> DNp03 -> DNae002
T4c,720575940636384887,DNb01,720575940630758418,5,17,168,T4c -> LPi04 -> Y11 -> LPLC1 -> DNp03 -> DNb01
T4c,720575940636384887,DNae002,720575940620380449,5,17,166,T4c -> LPi04 -> Y11 -> LPLC1 -> DNp03 -> DNae002
T4c,720575940636384887,DNb01,720575940630758418,5,17,157,T4c -> LPi04 -> Y11 -> LPLC1 -> DNp03 -> DNb01
T4c,720575940636384887,DNb03,720575940611016910,5,17,1333,T4c -> LPi04 -> Y11 -> LPi14 -> H2 -> DNb03
T4c,720575940636384887,DNb03,720575940627997050,5,17,1329,T4c -> LPi04 -> Y11 -> LPi14 -> H2 -> DNb03
T4c,720575940636384887,DNp15,720575940623431351,5,17,1308,T4c -> LPi04 -> Y11 -> LPi14 -> H2 -> DNp15
T4c,720575940636384887,DNg41,720575940622037926,5,17,1235,T4c -> LPi04 -> Y11 -> LPi14 -> H2 -> DNg41
T4c,720575940636384887,DNp26,720575940619432261,5,17,491,T4c -> LPi04 -> Y11 -> LPi14 -> LPT21 -> DNp26
T4c,720575940636384887,DNge043,720575940622147873,5,17,251,T4c -> LPi04 -> Y11 -> LPi14 -> VS1 -> DNge043
T4c,720575940613251751,DNae002,720575940620380449,4,22,545,T4c -> LPi09 -> LPT27 -> PLP230 -> DNae002
T4c,720575940613251751,DNbe001,720575940632539788,5,22,677,T4c -> LPi09 -> LPT27 -> PLP230 -> PLP035 -> DNbe001
T4c,720575940613251751,DNp26,720575940627732361,5,22,641,T4c -> LPi09 -> LPT27 -> PLP230 -> PLP035 -> DNp26
T4c,720575940613251751,DNb01,720575940630758418,4,22,424,T4c -> LPi09 -> LPT27 -> PLP230 -> DNb01
T4c,720575940613251751,DNpe019,720575940636592302,4,22,422,T4c -> LPi09 -> LPT27 -> PLP230 -> DNpe019
T4c,720575940613251751,DNa09,720575940620711334,4,22,404,T4c -> LPi09 -> LPT27 -> PLP230 -> DNa09
T4c,720575940613251751,DNae003,720575940622204186,4,22,404,T4c -> LPi09 -> LPT27 -> PLP230 -> DNae003
T4c,720575940613251751,DNp51,720575940636651376,4,22,396,T4c -> LPi09 -> LPT27 -> PLP230 -> DNp51
T4c,720575940613251751,DNae002,720575940627139530,5,22,915,T4c -> LPi09 -> LPT27 -> PLP078 -> PLP230 -> DNae002
T4c,720575940613251751,DNae003,720575940634253281,5,22,831,T4c -> LPi09 -> LPT27 -> PLP078 -> PLP230 -> DNae003
T4c,720575940612176090,DNp31,720575940628132745,5,7,326,T4c -> Tlp4 -> Li32 -> LTe21 -> CB0734 -> DNp31
T4c,720575940612176090,DNbe001,720575940632539788,5,7,314,T4c -> Tlp4 -> Li32 -> LTe21 -> CB0734 -> DNbe001
T4c,720575940612176090,DNp31,720575940628132745,5,7,291,T4c -> Tlp4 -> Li32 -> LTe21 -> CB0734 -> DNp31
T4c,720575940612176090,DNbe001,720575940632539788,5,7,288,T4c -> Tlp4 -> Li32 -> LTe21 -> CB0734 -> DNbe001
T4c,720575940612176090,DNa09,720575940620711334,5,7,295,T4c -> Tlp4 -> Li32 -> LT76 -> PS158 -> DNa09
T4c,720575940612176090,DNa16,720575940621519130,5,7,302,"T4c -> Tlp4 -> Li32 -> LT76 -> PS230,PLP242 -> DNa16"
T4c,720575940612176090,DNbe001,720575940632539788,5,7,285,"T4c -> Tlp4 -> Li32 -> LT76 -> PS230,PLP242 -> DNbe001"
T4c,720575940612176090,DNa02,720575940604737708,5,7,266,"T4c -> Tlp4 -> Li32 -> LT76 -> PS230,PLP242 -> DNa02"
T4c,720575940612176090,DNae002,720575940620380449,5,7,258,"T4c -> Tlp4 -> Li32 -> LT76 -> PS230,PLP242 -> DNae002"
T4c,720575940612176090,DNp18,720575940627949589,5,7,251,"T4c -> Tlp4 -> Li32 -> LT76 -> PS230,PLP242 -> DNp18"
T4c,720575940624201805,DNae002,720575940627139530,4,37,463,T4c -> LPi09 -> LPT27 -> PLP230 -> DNae002
T4c,720575940624201805,DNp26,720575940619432261,5,37,647,T4c -> LPi09 -> LPT27 -> PLP230 -> PLP035 -> DNp26
T4c,720575940624201805,DNbe001,720575940632868051,5,37,617,T4c -> LPi09 -> LPT27 -> PLP230 -> PLP035 -> DNbe001
T4c,720575940624201805,DNae003,720575940634253281,4,37,379,T4c -> LPi09 -> LPT27 -> PLP230 -> DNae003
T4c,720575940624201805,DNpe019,720575940627620593,4,37,376,T4c -> LPi09 -> LPT27 -> PLP230 -> DNpe019
T4c,720575940624201805,DNb01,720575940625878160,4,37,348,T4c -> LPi09 -> LPT27 -> PLP230 -> DNb01
T4c,720575940624201805,DNa09,720575940634140883,4,37,338,T4c -> LPi09 -> LPT27 -> PLP230 -> DNa09
T4c,720575940624201805,DNae010,720575940651341558,5,37,333,T4c -> LPi09 -> LPT27 -> LAL158 -> LAL019 -> DNae010
T4c,720575940624201805,DNa03,720575940620918789,5,37,327,T4c -> LPi09 -> LPT27 -> LAL158 -> LAL019 -> DNa03
T4c,720575940624201805,DNae002,720575940627139530,5,37,317,T4c -> LPi09 -> LPT27 -> LAL158 -> LAL019 -> DNae002
T4c,720575940623273866,DNa02,720575940629327659,5,17,2532,T4c -> LPi07 -> LPi12 -> LPi15 -> HSS -> DNa02
T4c,720575940623273866,DNp18,720575940618440000,5,17,2516,T4c -> LPi07 -> LPi12 -> LPi15 -> HSS -> DNp18
T4c,720575940623273866,DNg41,720575940636329579,5,17,2515,T4c -> LPi07 -> LPi12 -> LPi15 -> HSS -> DNg41
T4c,720575940623273866,DNp15,720575940616293855,5,17,2335,T4c -> LPi07 -> LPi12 -> LPi15 -> HSE -> DNp15
T4c,720575940623273866,DNp15,720575940616293855,5,17,2138,T4c -> LPi07 -> LPi12 -> LPi15 -> HSN -> DNp15
T4c,720575940623273866,DNa02,720575940629327659,5,17,2015,T4c -> LPi07 -> LPi12 -> LPi15 -> HSN -> DNa02
T4c,720575940623273866,DNp26,720575940619432261,5,17,2062,T4c -> LPi07 -> LPi12 -> LPi15 -> LPT26 -> DNp26
T4c,720575940623273866,DNg41,720575940622037926,5,17,525,T4c -> LPi07 -> LPi12 -> LPT04_HST -> CB0268 -> DNg41
T4c,720575940623273866,DNp15,720575940623431351,5,17,523,T4c -> LPi07 -> LPi12 -> LPT04_HST -> CB0268 -> DNp15
T4c,720575940623273866,DNg41,720575940636329579,4,17,338,T4c -> LPi07 -> LPi12 -> LPT04_HST -> DNg41
T4c,720575940631514179,DNa10,720575940623468691,5,21,696,T4c -> LPi09 -> LPi13 -> LPT48_vCal3 -> PLP248 -> DNa10
T4c,720575940631514179,DNp31,720575940632189900,4,21,553,T4c -> LPi09 -> LPi13 -> LPT48_vCal3 -> DNp31
T4c,720575940631514179,DNa10,720575940627946261,5,21,578,T4c -> LPi09 -> LPi13 -> LPT48_vCal3 -> PLP248 -> DNa10
T4c,720575940631514179,DNp31,720575940632189900,5,21,441,T4c -> LPi09 -> LPi13 -> LPT48_vCal3 -> PLP103c -> DNp31
T4c,720575940631514179,DNp31,720575940628132745,4,21,418,T4c -> LPi09 -> LPi13 -> LPT48_vCal3 -> DNp31
T4c,720575940631514179,DNp31,720575940632189900,5,21,586,T4c -> LPi09 -> LPi13 -> LPT48_vCal3 -> PS058 -> DNp31
T4c,720575940631514179,DNae002,720575940627139530,5,21,610,T4c -> LPi09 -> LPi13 -> LPT27 -> PLP230 -> DNae002
T4c,720575940631514179,DNae003,720575940634253281,5,21,526,T4c -> LPi09 -> LPi13 -> LPT27 -> PLP230 -> DNae003
T4c,720575940631514179,DNpe019,720575940627620593,5,21,523,T4c -> LPi09 -> LPi13 -> LPT27 -> PLP230 -> DNpe019
T4c,720575940631514179,DNb01,720575940625878160,5,21,495,T4c -> LPi09 -> LPi13 -> LPT27 -> PLP230 -> DNb01
T4c,720575940612415146,DNp26,720575940619432261,5,23,702,T4c -> LPi09 -> LPT45_dCal1 -> LPi13 -> LPT27 -> DNp26
T4c,720575940612415146,DNa10,720575940623468691,5,23,682,T4c -> LPi09 -> LPT45_dCal1 -> LPi13 -> LPT27 -> DNa10
T4c,720575940612415146,DNp31,720575940628132745,5,23,725,T4c -> LPi09 -> LPT45_dCal1 -> LPi13 -> LPT48_vCal3 -> DNp31
T4c,720575940612415146,DNp31,720575940632189900,5,23,689,T4c -> LPi09 -> LPT45_dCal1 -> LPi13 -> LPT48_vCal3 -> DNp31
T4c,720575940612415146,DNp31,720575940632189900,5,23,721,T4c -> LPi09 -> LPT45_dCal1 -> LPi13 -> LPT48_vCal3 -> DNp31
T4c,720575940612415146,DNp31,720575940628132745,5,23,586,T4c -> LPi09 -> LPT45_dCal1 -> LPi13 -> LPT48_vCal3 -> DNp31
T4c,720575940612415146,DNa10,720575940627946261,5,23,535,T4c -> LPi09 -> LPT45_dCal1 -> LPi13 -> LPT27 -> DNa10
T4c,720575940612415146,DNp26,720575940627732361,5,23,515,T4c -> LPi09 -> LPT45_dCal1 -> LPi13 -> LPT27 -> DNp26
T4c,720575940612415146,DNp15,720575940616293855,5,23,1612,T4c -> LPi09 -> LPT45_dCal1 -> LPi14 -> H2 -> DNp15
T4c,720575940612415146,DNb03,720575940634163682,5,23,1539,T4c -> LPi09 -> LPT45_dCal1 -> LPi14 -> H2 -> DNb03
T4c,720575940623562423,DNp26,720575940619432261,5,18,403,T4c -> LPi09 -> VS3 -> LPi13 -> LPT27 -> DNp26
T4c,720575940623562423,DNa10,720575940623468691,5,18,383,T4c -> LPi09 -> VS3 -> LPi13 -> LPT27 -> DNa10
T4c,720575940623562423,DNp31,720575940628132745,5,18,426,T4c -> LPi09 -> VS3 -> LPi13 -> LPT48_vCal3 -> DNp31
T4c,720575940623562423,DNp31,720575940632189900,5,18,390,T4c -> LPi09 -> VS3 -> LPi13 -> LPT48_vCal3 -> DNp31
T4c,720575940623562423,DNp22,720575940615043368,3,18,98,T4c -> LPi09 -> VS3 -> DNp22
T4c,720575940623562423,DNae003,720575940622204186,5,18,313,T4c -> LPi09 -> VS3 -> DNp20 -> CB3716 -> DNae003
T4c,720575940623562423,DNp18,720575940618440000,4,18,115,T4c -> LPi09 -> VS3 -> DNp20 -> DNp18
T4c,720575940623562423,DNp18,720575940618440000,5,17,585,T4c -> LPi09 -> VS3 -> DNp20 -> OCG01e -> DNp18
T4c,720575940623562423,DNp18,720575940618440000,5,14,183,T4c -> LPi09 -> VS3 -> DNp20 -> OCG01a -> DNp18
T4c,720575940623562423,DNg46,720575940615108714,5,12,391,T4c -> LPi09 -> VS3 -> DNp20 -> PS174 -> DNg46
T4c,720575940634089116,DNa13,720575940637607646,5,14,393,T4c -> LPC2 -> TmY14 -> PS047b -> LAL081 -> DNa13
T4c,720575940634089116,DNa03,720575940620918789,5,14,359,T4c -> LPC2 -> TmY14 -> PS047b -> LAL153 -> DNa03
T4c,720575940634089116,DNbe001,720575940632539788,5,12,142,T4c -> LPC2 -> TmY14 -> Li21 -> LCe07 -> DNbe001
T4c,720575940634089116,DNp26,720575940627732361,5,12,128,T4c -> LPC2 -> TmY14 -> Li21 -> LCe07 -> DNp26
T4c,720575940634089116,DNa10,720575940627946261,5,12,124,T4c -> LPC2 -> TmY14 -> Li21 -> LCe07 -> DNa10
T4c,720575940634089116,DNbe001,720575940632539788,5,12,114,T4c -> LPC2 -> TmY14 -> Li21 -> LC35 -> DNbe001
T4c,720575940634089116,DNp31,720575940628132745,5,12,108,T4c -> LPC2 -> TmY14 -> Li21 -> LC35 -> DNp31
T4c,720575940634089116,DNpe019,720575940636592302,5,14,206,T4c -> LPC2 -> TmY31 -> Sm42 -> MTe01a -> DNpe019
T4c,720575940634089116,DNa11,720575940623019544,5,7,96,T4c -> LPC2 -> TmY31 -> Li10 -> LCe04 -> DNa11
T4c,720575940634089116,DNp18,720575940627949589,5,12,233,T4c -> LPC2 -> TmY31 -> Li10 -> LT51 -> DNp18
T4c,720575940640878544,DNp31,720575940632189900,5,8,1054,T4c -> LPi09 -> LPT45_dCal1 -> LPi13 -> LPT48_vCal3 -> DNp31
T4c,720575940640878544,DNp31,720575940628132745,5,8,919,T4c -> LPi09 -> LPT45_dCal1 -> LPi13 -> LPT48_vCal3 -> DNp31
T4c,720575940640878544,DNa10,720575940627946261,5,8,868,T4c -> LPi09 -> LPT45_dCal1 -> LPi13 -> LPT27 -> DNa10
T4c,720575940640878544,DNp26,720575940627732361,5,8,848,T4c -> LPi09 -> LPT45_dCal1 -> LPi13 -> LPT27 -> DNp26
T4c,720575940640878544,DNp26,720575940619432261,5,8,455,T4c -> LPi09 -> LPT45_dCal1 -> LPi13 -> LPT27 -> DNp26
T4c,720575940640878544,DNa10,720575940623468691,5,8,435,T4c -> LPi09 -> LPT45_dCal1 -> LPi13 -> LPT27 -> DNa10
T4c,720575940640878544,DNp31,720575940628132745,5,8,478,T4c -> LPi09 -> LPT45_dCal1 -> LPi13 -> LPT48_vCal3 -> DNp31
T4c,720575940640878544,DNp31,720575940632189900,5,8,442,T4c -> LPi09 -> LPT45_dCal1 -> LPi13 -> LPT48_vCal3 -> DNp31
T4c,720575940640878544,DNp31,720575940628132745,5,8,380,T4c -> LPi09 -> LPT45_dCal1 -> PLP248 -> PLP020 -> DNp31
T4c,720575940640878544,DNa10,720575940627946261,4,8,223,T4c -> LPi09 -> LPT45_dCal1 -> PLP248 -> DNa10
T4c,720575940627510544,DNae002,720575940627139530,4,12,536,T4c -> LPT50 -> LPT27 -> PLP230 -> DNae002
T4c,720575940627510544,DNp26,720575940619432261,5,12,720,T4c -> LPT50 -> LPT27 -> PLP230 -> PLP035 -> DNp26
T4c,720575940627510544,DNbe001,720575940632868051,5,12,690,T4c -> LPT50 -> LPT27 -> PLP230 -> PLP035 -> DNbe001
T4c,720575940627510544,DNae003,720575940634253281,4,12,452,T4c -> LPT50 -> LPT27 -> PLP230 -> DNae003
T4c,720575940627510544,DNpe019,720575940627620593,4,12,449,T4c -> LPT50 -> LPT27 -> PLP230 -> DNpe019
T4c,720575940627510544,DNb01,720575940625878160,4,12,421,T4c -> LPT50 -> LPT27 -> PLP230 -> DNb01
T4c,720575940627510544,DNa09,720575940634140883,4,12,411,T4c -> LPT50 -> LPT27 -> PLP230 -> DNa09
T4c,720575940627510544,DNae010,720575940651341558,5,12,406,T4c -> LPT50 -> LPT27 -> LAL158 -> LAL019 -> DNae010
T4c,720575940627510544,DNa03,720575940620918789,5,12,400,T4c -> LPT50 -> LPT27 -> LAL158 -> LAL019 -> DNa03
T4c,720575940627510544,DNae002,720575940627139530,5,12,390,T4c -> LPT50 -> LPT27 -> LAL158 -> LAL019 -> DNae002
T4c,720575940626521981,DNp26,720575940619432261,5,24,405,T4c -> LPi09 -> VS3 -> LPi13 -> LPT27 -> DNp26
T4c,720575940626521981,DNa10,720575940623468691,5,24,385,T4c -> LPi09 -> VS3 -> LPi13 -> LPT27 -> DNa10
T4c,720575940626521981,DNp31,720575940628132745,5,24,428,T4c -> LPi09 -> VS3 -> LPi13 -> LPT48_vCal3 -> DNp31
T4c,720575940626521981,DNp31,720575940632189900,5,24,392,T4c -> LPi09 -> VS3 -> LPi13 -> LPT48_vCal3 -> DNp31
T4c,720575940626521981,DNp22,720575940615043368,3,24,100,T4c -> LPi09 -> VS3 -> DNp22
T4c,720575940626521981,DNae003,720575940622204186,5,23,315,T4c -> LPi09 -> VS3 -> DNp20 -> CB3716 -> DNae003
T4c,720575940626521981,DNp18,720575940618440000,4,18,117,T4c -> LPi09 -> VS3 -> DNp20 -> DNp18
T4c,720575940626521981,DNp18,720575940618440000,5,17,587,T4c -> LPi09 -> VS3 -> DNp20 -> OCG01e -> DNp18
T4c,720575940626521981,DNp18,720575940618440000,5,14,185,T4c -> LPi09 -> VS3 -> DNp20 -> OCG01a -> DNp18
T4c,720575940626521981,DNg46,720575940615108714,5,12,393,T4c -> LPi09 -> VS3 -> DNp20 -> PS174 -> DNg46
T4c,720575940629180725,DNp31,720575940632189900,4,20,196,T4c -> LPC2 -> LPLC4 -> DNb05 -> DNp31
T4c,720575940629180725,DNge026,720575940638989894,5,20,232,T4c -> LPC2 -> LPLC4 -> DNb05 -> DNg35 -> DNge026
T4c,720575940629180725,DNp22,720575940615043368,5,15,173,T4c -> LPC2 -> LPLC4 -> DNb05 -> DNg99 -> DNp22
T4c,720575940629180725,DNa10,720575940623468691,4,20,447,T4c -> LPC2 -> LPLC4 -> PLP213 -> DNa10
T4c,720575940629180725,DNa10,720575940623468691,5,20,440,T4c -> LPC2 -> LPLC4 -> PLP213 -> IB018 -> DNa10
T4c,720575940629180725,DNa10,720575940627946261,4,20,265,T4c -> LPC2 -> LPLC4 -> PLP213 -> DNa10
T4c,720575940629180725,DNge037,720575940608188427,5,20,442,T4c -> LPC2 -> LPLC4 -> PLP213 -> VES064 -> DNge037
T4c,720575940629180725,DNa10,720575940627946261,5,20,376,T4c -> LPC2 -> LPLC4 -> PLP213 -> IB018 -> DNa10
T4c,720575940629180725,DNa10,720575940627946261,5,20,314,T4c -> LPC2 -> LPLC4 -> PLP213 -> PS200 -> DNa10
T4c,720575940629180725,DNa10,720575940623468691,5,20,309,T4c -> LPC2 -> LPLC4 -> PLP213 -> PS200 -> DNa10
T4c,720575940624269036,DNae002,720575940627139530,4,19,460,T4c -> LPi09 -> LPT27 -> PLP230 -> DNae002
T4c,720575940624269036,DNp26,720575940619432261,5,19,644,T4c -> LPi09 -> LPT27 -> PLP230 -> PLP035 -> DNp26
T4c,720575940624269036,DNbe001,720575940632868051,5,19,614,T4c -> LPi09 -> LPT27 -> PLP230 -> PLP035 -> DNbe001
T4c,720575940624269036,DNae003,720575940634253281,4,19,376,T4c -> LPi09 -> LPT27 -> PLP230 -> DNae003
T4c,720575940624269036,DNpe019,720575940627620593,4,19,373,T4c -> LPi09 -> LPT27 -> PLP230 -> DNpe019
T4c,720575940624269036,DNb01,720575940625878160,4,19,345,T4c -> LPi09 -> LPT27 -> PLP230 -> DNb01
T4c,720575940624269036,DNa09,720575940634140883,4,19,335,T4c -> LPi09 -> LPT27 -> PLP230 -> DNa09
T4c,720575940624269036,DNae010,720575940651341558,5,19,330,T4c -> LPi09 -> LPT27 -> LAL158 -> LAL019 -> DNae010
T4c,720575940624269036,DNa03,720575940620918789,5,19,324,T4c -> LPi09 -> LPT27 -> LAL158 -> LAL019 -> DNa03
T4c,720575940624269036,DNae002,720575940627139530,5,19,314,T4c -> LPi09 -> LPT27 -> LAL158 -> LAL019 -> DNae002
T4c,720575940614678237,DNbe001,720575940632539788,5,12,142,T4c -> Tlp14 -> TmY14 -> Li21 -> LCe07 -> DNbe001
T4c,720575940614678237,DNp31,720575940628132745,5,12,135,T4c -> Tlp14 -> TmY14 -> Li21 -> LCe07 -> DNp31
T4c,720575940614678237,DNbe001,720575940632539788,5,12,137,T4c -> Tlp14 -> TmY14 -> Li21 -> LCe07 -> DNbe001
T4c,720575940614678237,DNp31,720575940628132745,5,12,130,T4c -> Tlp14 -> TmY14 -> Li21 -> LCe07 -> DNp31
T4c,720575940614678237,DNbe001,720575940632539788,5,12,131,T4c -> Tlp14 -> TmY14 -> Li21 -> LCe07 -> DNbe001
T4c,720575940614678237,DNp31,720575940628132745,5,12,124,T4c -> Tlp14 -> TmY14 -> Li21 -> LCe07 -> DNp31
T4c,720575940614678237,DNp31,720575940628132745,5,13,181,T4c -> Tlp14 -> LPC2 -> LPLC4 -> DNb05 -> DNp31
T4c,720575940614678237,DNae010,720575940630868281,5,13,313,T4c -> Tlp14 -> LPC2 -> LPLC4 -> PLP029 -> DNae010
T4c,720575940614678237,DNae002,720575940620380449,5,13,269,T4c -> Tlp14 -> LPC2 -> LPLC4 -> PLP029 -> DNae002
T4c,720575940614678237,DNa02,720575940604737708,5,13,190,T4c -> Tlp14 -> LPC2 -> LPLC4 -> PLP029 -> DNa02
T4c,720575940635700335,DNa10,720575940623468691,5,13,686,T4c -> LPi09 -> LPi13 -> LPT48_vCal3 -> PLP248 -> DNa10
T4c,720575940635700335,DNp31,720575940632189900,4,13,543,T4c -> LPi09 -> LPi13 -> LPT48_vCal3 -> DNp31
T4c,720575940635700335,DNa10,720575940627946261,5,13,568,T4c -> LPi09 -> LPi13 -> LPT48_vCal3 -> PLP248 -> DNa10
T4c,720575940635700335,DNp31,720575940632189900,5,13,431,T4c -> LPi09 -> LPi13 -> LPT48_vCal3 -> PLP103c -> DNp31
T4c,720575940635700335,DNp31,720575940628132745,4,13,408,T4c -> LPi09 -> LPi13 -> LPT48_vCal3 -> DNp31
T4c,720575940635700335,DNp31,720575940632189900,5,13,576,T4c -> LPi09 -> LPi13 -> LPT48_vCal3 -> PS058 -> DNp31
T4c,720575940635700335,DNae002,720575940627139530,5,13,600,T4c -> LPi09 -> LPi13 -> LPT27 -> PLP230 -> DNae002
T4c,720575940635700335,DNae003,720575940634253281,5,13,516,T4c -> LPi09 -> LPi13 -> LPT27 -> PLP230 -> DNae003
T4c,720575940635700335,DNpe019,720575940627620593,5,13,513,T4c -> LPi09 -> LPi13 -> LPT27 -> PLP230 -> DNpe019
T4c,720575940635700335,DNb01,720575940625878160,5,13,485,T4c -> LPi09 -> LPi13 -> LPT27 -> PLP230 -> DNb01
T4c,720575940623133075,DNa10,720575940623468691,5,12,706,T4c -> LPi09 -> LPi13 -> LPT48_vCal3 -> PLP248 -> DNa10
T4c,720575940623133075,DNp31,720575940632189900,4,12,563,T4c -> LPi09 -> LPi13 -> LPT48_vCal3 -> DNp31
T4c,720575940623133075,DNa10,720575940627946261,5,12,588,T4c -> LPi09 -> LPi13 -> LPT48_vCal3 -> PLP248 -> DNa10
T4c,720575940623133075,DNp31,720575940632189900,5,12,451,T4c -> LPi09 -> LPi13 -> LPT48_vCal3 -> PLP103c -> DNp31
T4c,720575940623133075,DNp31,720575940628132745,4,12,428,T4c -> LPi09 -> LPi13 -> LPT48_vCal3 -> DNp31
T4c,720575940623133075,DNp31,720575940632189900,5,12,596,T4c -> LPi09 -> LPi13 -> LPT48_vCal3 -> PS058 -> DNp31
T4c,720575940623133075,DNae002,720575940627139530,5,12,620,T4c -> LPi09 -> LPi13 -> LPT27 -> PLP230 -> DNae002
T4c,720575940623133075,DNae003,720575940634253281,5,12,536,T4c -> LPi09 -> LPi13 -> LPT27 -> PLP230 -> DNae003
T4c,720575940623133075,DNpe019,720575940627620593,5,12,533,T4c -> LPi09 -> LPi13 -> LPT27 -> PLP230 -> DNpe019
T4c,720575940623133075,DNb01,720575940625878160,5,12,505,T4c -> LPi09 -> LPi13 -> LPT27 -> PLP230 -> DNb01
T4c,720575940617910804,DNae002,720575940627139530,5,8,224,T4c -> Tlp4 -> LPLC1 -> LPC1 -> LPT22 -> DNae002
T4c,720575940617910804,DNae002,720575940620380449,5,8,341,T4c -> Tlp4 -> LPLC1 -> LPC1 -> PLP230 -> DNae002
T4c,720575940617910804,DNb01,720575940630758418,5,8,220,T4c -> Tlp4 -> LPLC1 -> LPC1 -> PLP230 -> DNb01
T4c,720575940617910804,DNpe019,720575940636592302,5,8,218,T4c -> Tlp4 -> LPLC1 -> LPC1 -> PLP230 -> DNpe019
T4c,720575940617910804,DNa09,720575940620711334,5,8,200,T4c -> Tlp4 -> LPLC1 -> LPC1 -> PLP230 -> DNa09
T4c,720575940617910804,DNae003,720575940622204186,5,8,200,T4c -> Tlp4 -> LPLC1 -> LPC1 -> PLP230 -> DNae003
T4c,720575940617910804,DNp51,720575940636651376,5,8,192,T4c -> Tlp4 -> LPLC1 -> LPC1 -> PLP230 -> DNp51
T4c,720575940617910804,DNa13,720575940616286175,5,8,203,T4c -> Tlp4 -> LPLC1 -> LPC1 -> PLP012 -> DNa13
T4c,720575940617910804,DNa02,720575940629327659,5,8,192,T4c -> Tlp4 -> LPLC1 -> LPC1 -> PLP012 -> DNa02
T4c,720575940617910804,DNa13,720575940613408552,5,8,168,T4c -> Tlp4 -> LPLC1 -> LPC1 -> PLP012 -> DNa13
T4d,720575940626592664,DNae002,720575940620380449,5,17,896,T4d -> LPT45_dCal1 -> LPi13 -> LPT27 -> PLP230 -> DNae002
T4d,720575940626592664,DNb01,720575940630758418,5,17,775,T4d -> LPT45_dCal1 -> LPi13 -> LPT27 -> PLP230 -> DNb01
T4d,720575940626592664,DNpe019,720575940636592302,5,17,773,T4d -> LPT45_dCal1 -> LPi13 -> LPT27 -> PLP230 -> DNpe019
T4d,720575940626592664,DNa09,720575940620711334,5,17,755,T4d -> LPT45_dCal1 -> LPi13 -> LPT27 -> PLP230 -> DNa09
T4d,720575940626592664,DNae003,720575940622204186,5,17,755,T4d -> LPT45_dCal1 -> LPi13 -> LPT27 -> PLP230 -> DNae003
T4d,720575940626592664,DNp51,720575940636651376,5,17,747,T4d -> LPT45_dCal1 -> LPi13 -> LPT27 -> PLP230 -> DNp51
T4d,720575940626592664,DNp26,720575940619432261,4,17,623,T4d -> LPT45_dCal1 -> LPi13 -> LPT27 -> DNp26
T4d,720575940626592664,DNae003,720575940634253281,5,17,801,T4d -> LPT45_dCal1 -> LPi13 -> LPT27 -> WED075 -> DNae003
T4d,720575940626592664,DNae002,720575940627139530,5,17,732,T4d -> LPT45_dCal1 -> LPi13 -> LPT27 -> WED075 -> DNae002
T4d,720575940626592664,DNp51,720575940612682467,5,17,706,T4d -> LPT45_dCal1 -> LPi13 -> LPT27 -> WED075 -> DNp51
T4d,720575940621480575,DNp31,720575940632189900,4,23,191,T4d -> LLPC3 -> PLP081 -> CB0654 -> DNp31
T4d,720575940621480575,DNp31,720575940628132745,4,23,180,T4d -> LLPC3 -> PLP081 -> CB0654 -> DNp31
T4d,720575940621480575,DNa09,720575940634140883,5,23,213,T4d -> LLPC3 -> PLP081 -> CB0654 -> DNb04 -> DNa09
T4d,720575940621480575,DNa10,720575940623468691,5,23,211,"T4d -> LLPC3 -> PLP081 -> CB0654 -> IB033,IB039 -> DNa10"
T4d,720575940621480575,DNa09,720575940620711334,5,21,199,T4d -> LLPC3 -> PLP081 -> CB0654 -> DNb04 -> DNa09
T4d,720575940621480575,DNp31,720575940628132745,4,23,152,T4d -> LLPC3 -> PLP081 -> CB0654 -> DNp31
T4d,720575940621480575,DNp31,720575940632189900,4,23,128,T4d -> LLPC3 -> PLP081 -> CB0654 -> DNp31
T4d,720575940621480575,DNa09,720575940634140883,5,23,158,T4d -> LLPC3 -> PLP081 -> CB0654 -> DNb04 -> DNa09
T4d,720575940621480575,DNa09,720575940620711334,5,23,157,T4d -> LLPC3 -> PLP081 -> CB0654 -> DNb04 -> DNa09
T4d,720575940621480575,DNa03,720575940620918789,5,23,291,T4d -> LLPC3 -> PLP081 -> PLP038 -> LAL157 -> DNa03
T4d,720575940621041005,DNae002,720575940627139530,3,19,327,T4d -> LPT27 -> PLP230 -> DNae002
T4d,720575940621041005,DNbe001,720575940632868051,5,19,632,T4d -> LPT27 -> PLP230 -> PLP035 -> WED007 -> DNbe001
T4d,720575940621041005,DNp26,720575940619432261,5,19,590,T4d -> LPT27 -> PLP230 -> PLP035 -> WED007 -> DNp26
T4d,720575940621041005,DNp26,720575940619432261,4,19,511,T4d -> LPT27 -> PLP230 -> PLP035 -> DNp26
T4d,720575940621041005,DNbe001,720575940632868051,4,19,481,T4d -> LPT27 -> PLP230 -> PLP035 -> DNbe001
T4d,720575940621041005,DNae003,720575940634253281,5,19,579,T4d -> LPT27 -> PLP230 -> PLP035 -> WED075 -> DNae003
T4d,720575940621041005,DNae002,720575940627139530,5,19,510,T4d -> LPT27 -> PLP230 -> PLP035 -> WED075 -> DNae002
T4d,720575940621041005,DNp51,720575940612682467,5,19,484,T4d -> LPT27 -> PLP230 -> PLP035 -> WED075 -> DNp51
T4d,720575940621041005,DNp26,720575940619432261,5,19,367,T4d -> LPT27 -> PLP230 -> PLP035 -> CB1827 -> DNp26
T4d,720575940621041005,DNae003,720575940634253281,3,19,243,T4d -> LPT27 -> PLP230 -> DNae003
T4d,720575940633196591,DNae002,720575940627139530,3,8,316,T4d -> LPT27 -> PLP230 -> DNae002
T4d,720575940633196591,DNbe001,720575940632868051,5,8,621,T4d -> LPT27 -> PLP230 -> PLP035 -> WED007 -> DNbe001
T4d,720575940633196591,DNp26,720575940619432261,5,8,579,T4d -> LPT27 -> PLP230 -> PLP035 -> WED007 -> DNp26
T4d,720575940633196591,DNp26,720575940619432261,4,8,500,T4d -> LPT27 -> PLP230 -> PLP035 -> DNp26
T4d,720575940633196591,DNbe001,720575940632868051,4,8,470,T4d -> LPT27 -> PLP230 -> PLP035 -> DNbe001
T4d,720575940633196591,DNae003,720575940634253281,5,8,568,T4d -> LPT27 -> PLP230 -> PLP035 -> WED075 -> DNae003
T4d,720575940633196591,DNae002,720575940627139530,5,8,499,T4d -> LPT27 -> PLP230 -> PLP035 -> WED075 -> DNae002
T4d,720575940633196591,DNp51,720575940612682467,5,8,473,T4d -> LPT27 -> PLP230 -> PLP035 -> WED075 -> DNp51
T4d,720575940633196591,DNp26,720575940619432261,5,8,356,T4d -> LPT27 -> PLP230 -> PLP035 -> CB1827 -> DNp26
T4d,720575940633196591,DNae003,720575940634253281,3,8,232,T4d -> LPT27 -> PLP230 -> DNae003
T4d,720575940615363295,DNp15,720575940623431351,5,24,1352,T4d -> LPi11 -> Tlp14 -> LPi15 -> HSE -> DNp15
T4d,720575940615363295,DNp15,720575940623431351,5,24,1288,T4d -> LPi11 -> Tlp14 -> LPi15 -> HSN -> DNp15
T4d,720575940615363295,DNp18,720575940627949589,5,24,1195,T4d -> LPi11 -> Tlp14 -> LPi15 -> HSN -> DNp18
T4d,720575940615363295,DNae002,720575940620380449,5,24,1187,T4d -> LPi11 -> Tlp14 -> LPi15 -> HSN -> DNae002
T4d,720575940615363295,DNae010,720575940630868281,5,24,1183,T4d -> LPi11 -> Tlp14 -> LPi15 -> HSN -> DNae010
T4d,720575940615363295,DNp26,720575940627732361,5,24,1083,T4d -> LPi11 -> Tlp14 -> LPi15 -> LPT26 -> DNp26
T4d,720575940615363295,DNp15,720575940616293855,5,18,335,T4d -> LPi11 -> Tlp14 -> LPi10 -> H2 -> DNp15
T4d,720575940615363295,DNb03,720575940634163682,5,18,262,T4d -> LPi11 -> Tlp14 -> LPi10 -> H2 -> DNb03
T4d,720575940615363295,DNb03,720575940620776880,5,18,245,T4d -> LPi11 -> Tlp14 -> LPi10 -> H2 -> DNb03
T4d,720575940615363295,DNg41,720575940636329579,5,18,241,T4d -> LPi11 -> Tlp14 -> LPi10 -> H2 -> DNg41
T4d,720575940637837658,DNp31,720575940628132745,5,28,347,T4d -> LPi11 -> LPC2 -> LPLC4 -> PS058 -> DNp31
T4d,720575940637837658,DNae010,720575940630868281,5,25,406,T4d -> LPi11 -> LPC2 -> LPLC4 -> PLP029 -> DNae010
T4d,720575940637837658,DNae002,720575940620380449,5,25,362,T4d -> LPi11 -> LPC2 -> LPLC4 -> PLP029 -> DNae002
T4d,720575940637837658,DNa02,720575940604737708,5,25,283,T4d -> LPi11 -> LPC2 -> LPLC4 -> PLP029 -> DNa02
T4d,720575940637837658,DNbe001,720575940632539788,5,24,502,T4d -> LPi11 -> LPC2 -> LPLC4 -> PLP034 -> DNbe001
T4d,720575940637837658,DNp26,720575940627732361,5,24,414,T4d -> LPi11 -> LPC2 -> LPLC4 -> PLP034 -> DNp26
T4d,720575940637837658,DNp31,720575940628132745,5,23,233,T4d -> LPi11 -> LPC2 -> LPLC4 -> CB0734 -> DNp31
T4d,720575940637837658,DNbe001,720575940632539788,5,23,221,T4d -> LPi11 -> LPC2 -> LPLC4 -> CB0734 -> DNbe001
T4d,720575940637837658,DNp31,720575940628132745,5,22,210,T4d -> LPi11 -> LPC2 -> LPLC4 -> CB0734 -> DNp31
T4d,720575940637837658,DNbe001,720575940632539788,5,22,207,T4d -> LPi11 -> LPC2 -> LPLC4 -> CB0734 -> DNbe001
T4d,720575940617361206,DNp31,720575940632189900,5,14,750,T4d -> LPi13 -> LPT48_vCal3 -> PLP248 -> PLP020 -> DNp31
T4d,720575940617361206,DNa10,720575940623468691,4,14,630,T4d -> LPi13 -> LPT48_vCal3 -> PLP248 -> DNa10
T4d,720575940617361206,DNp31,720575940628132745,5,14,693,T4d -> LPi13 -> LPT48_vCal3 -> PLP248 -> PLP020 -> DNp31
T4d,720575940617361206,DNp31,720575940632189900,3,14,487,T4d -> LPi13 -> LPT48_vCal3 -> DNp31
T4d,720575940617361206,DNp31,720575940628132745,5,14,669,T4d -> LPi13 -> LPT48_vCal3 -> PLP248 -> PLP020 -> DNp31
T4d,720575940617361206,DNa10,720575940627946261,4,14,512,T4d -> LPi13 -> LPT48_vCal3 -> PLP248 -> DNa10
T4d,720575940617361206,DNp31,720575940632189900,5,14,566,T4d -> LPi13 -> LPT48_vCal3 -> PLP248 -> PLP020 -> DNp31
T4d,720575940617361206,DNa10,720575940623468691,5,14,478,T4d -> LPi13 -> LPT48_vCal3 -> PLP103a -> PLP248 -> DNa10
T4d,720575940617361206,DNp31,720575940632189900,4,14,375,T4d -> LPi13 -> LPT48_vCal3 -> PLP103c -> DNp31
T4d,720575940617361206,DNp31,720575940632189900,5,12,436,T4d -> LPi13 -> LPT48_vCal3 -> PLP103c -> PLP025b -> DNp31
T4d,720575940635448683,DNae002,720575940620380449,4,17,593,T4d -> LPi13 -> LPT27 -> PLP230 -> DNae002
T4d,720575940635448683,DNbe001,720575940632539788,5,17,725,T4d -> LPi13 -> LPT27 -> PLP230 -> PLP035 -> DNbe001
T4d,720575940635448683,DNp26,720575940627732361,5,17,689,T4d -> LPi13 -> LPT27 -> PLP230 -> PLP035 -> DNp26
T4d,720575940635448683,DNb01,720575940630758418,4,17,472,T4d -> LPi13 -> LPT27 -> PLP230 -> DNb01
T4d,720575940635448683,DNpe019,720575940636592302,4,17,470,T4d -> LPi13 -> LPT27 -> PLP230 -> DNpe019
T4d,720575940635448683,DNa09,720575940620711334,4,17,452,T4d -> LPi13 -> LPT27 -> PLP230 -> DNa09
T4d,720575940635448683,DNae003,720575940622204186,4,17,452,T4d -> LPi13 -> LPT27 -> PLP230 -> DNae003
T4d,720575940635448683,DNp51,720575940636651376,4,17,444,T4d -> LPi13 -> LPT27 -> PLP230 -> DNp51
T4d,720575940635448683,DNae002,720575940627139530,5,17,963,T4d -> LPi13 -> LPT27 -> PLP078 -> PLP230 -> DNae002
T4d,720575940635448683,DNae003,720575940634253281,5,17,879,T4d -> LPi13 -> LPT27 -> PLP078 -> PLP230 -> DNae003
T4d,720575940630729180,DNae002,720575940620380449,3,9,376,T4d -> LPT27 -> PLP230 -> DNae002
T4d,720575940630729180,DNbe001,720575940632539788,5,9,772,T4d -> LPT27 -> PLP230 -> PLP035 -> WED007 -> DNbe001
T4d,720575940630729180,DNbe001,720575940632539788,4,9,508,T4d -> LPT27 -> PLP230 -> PLP035 -> DNbe001
T4d,720575940630729180,DNp26,720575940627732361,4,9,472,T4d -> LPT27 -> PLP230 -> PLP035 -> DNp26
T4d,720575940630729180,DNae003,720575940622204186,5,9,610,T4d -> LPT27 -> PLP230 -> PLP035 -> WED075 -> DNae003
T4d,720575940630729180,DNpe019,720575940636592302,5,9,537,T4d -> LPT27 -> PLP230 -> PLP035 -> WED075 -> DNpe019
T4d,720575940630729180,DNae002,720575940620380449,5,9,526,T4d -> LPT27 -> PLP230 -> PLP035 -> WED075 -> DNae002
T4d,720575940630729180,DNp26,720575940627732361,5,9,445,T4d -> LPT27 -> PLP230 -> PLP035 -> CB2192 -> DNp26
T4d,720575940630729180,DNbe001,720575940632539788,5,9,428,T4d -> LPT27 -> PLP230 -> PLP035 -> CB2192 -> DNbe001
T4d,720575940630729180,DNp26,720575940627732361,5,9,407,T4d -> LPT27 -> PLP230 -> PLP035 -> CB1827 -> DNp26
T4d,720575940619961168,DNa02,720575940629327659,5,15,1242,T4d -> LPi11 -> Tlp14 -> LPi15 -> HSS -> DNa02
T4d,720575940619961168,DNp18,720575940618440000,5,15,1226,T4d -> LPi11 -> Tlp14 -> LPi15 -> HSS -> DNp18
T4d,720575940619961168,DNg41,720575940636329579,5,15,1225,T4d -> LPi11 -> Tlp14 -> LPi15 -> HSS -> DNg41
T4d,720575940619961168,DNp15,720575940616293855,5,15,1045,T4d -> LPi11 -> Tlp14 -> LPi15 -> HSE -> DNp15
T4d,720575940619961168,DNp15,720575940616293855,5,15,848,T4d -> LPi11 -> Tlp14 -> LPi15 -> HSN -> DNp15
T4d,720575940619961168,DNa02,720575940629327659,5,15,725,T4d -> LPi11 -> Tlp14 -> LPi15 -> HSN -> DNa02
T4d,720575940619961168,DNp26,720575940619432261,5,15,772,T4d -> LPi11 -> Tlp14 -> LPi15 -> LPT26 -> DNp26
T4d,720575940619961168,DNb03,720575940611016910,5,11,276,T4d -> LPi11 -> Tlp14 -> LPi10 -> H2 -> DNb03
T4d,720575940619961168,DNb03,720575940627997050,5,11,272,T4d -> LPi11 -> Tlp14 -> LPi10 -> H2 -> DNb03
T4d,720575940619961168,DNp15,720575940623431351,5,11,251,T4d -> LPi11 -> Tlp14 -> LPi10 -> H2 -> DNp15
T4d,720575940612115162,DNae002,720575940620380449,4,23,599,T4d -> LPi13 -> LPT27 -> PLP230 -> DNae002
T4d,720575940612115162,DNbe001,720575940632539788,5,23,731,T4d -> LPi13 -> LPT27 -> PLP230 -> PLP035 -> DNbe001
T4d,720575940612115162,DNp26,720575940627732361,5,23,695,T4d -> LPi13 -> LPT27 -> PLP230 -> PLP035 -> DNp26
T4d,720575940612115162,DNb01,720575940630758418,4,23,478,T4d -> LPi13 -> LPT27 -> PLP230 -> DNb01
T4d,720575940612115162,DNpe019,720575940636592302,4,23,476,T4d -> LPi13 -> LPT27 -> PLP230 -> DNpe019
T4d,720575940612115162,DNa09,720575940620711334,4,23,458,T4d -> LPi13 -> LPT27 -> PLP230 -> DNa09
T4d,720575940612115162,DNae003,720575940622204186,4,23,458,T4d -> LPi13 -> LPT27 -> PLP230 -> DNae003
T4d,720575940612115162,DNp51,720575940636651376,4,23,450,T4d -> LPi13 -> LPT27 -> PLP230 -> DNp51
T4d,720575940612115162,DNae002,720575940627139530,5,23,969,T4d -> LPi13 -> LPT27 -> PLP078 -> PLP230 -> DNae002
T4d,720575940612115162,DNae003,720575940634253281,5,23,885,T4d -> LPi13 -> LPT27 -> PLP078 -> PLP230 -> DNae003
T4d,720575940639522163,DNp31,720575940632189900,5,16,752,T4d -> LPi13 -> LPT48_vCal3 -> PLP248 -> PLP020 -> DNp31
T4d,720575940639522163,DNa10,720575940623468691,4,16,632,T4d -> LPi13 -> LPT48_vCal3 -> PLP248 -> DNa10
T4d,720575940639522163,DNp31,720575940628132745,5,16,695,T4d -> LPi13 -> LPT48_vCal3 -> PLP248 -> PLP020 -> DNp31
T4d,720575940639522163,DNp31,720575940632189900,3,16,489,T4d -> LPi13 -> LPT48_vCal3 -> DNp31
T4d,720575940639522163,DNp31,720575940628132745,5,16,671,T4d -> LPi13 -> LPT48_vCal3 -> PLP248 -> PLP020 -> DNp31
T4d,720575940639522163,DNa10,720575940627946261,4,16,514,T4d -> LPi13 -> LPT48_vCal3 -> PLP248 -> DNa10
T4d,720575940639522163,DNp31,720575940632189900,5,16,568,T4d -> LPi13 -> LPT48_vCal3 -> PLP248 -> PLP020 -> DNp31
T4d,720575940639522163,DNa10,720575940623468691,5,16,480,T4d -> LPi13 -> LPT48_vCal3 -> PLP103a -> PLP248 -> DNa10
T4d,720575940639522163,DNp31,720575940632189900,4,16,377,T4d -> LPi13 -> LPT48_vCal3 -> PLP103c -> DNp31
T4d,720575940639522163,DNp31,720575940632189900,5,12,438,T4d -> LPi13 -> LPT48_vCal3 -> PLP103c -> PLP025b -> DNp31
T4d,720575940635824751,DNae003,720575940634253281,4,16,326,T4d -> VS8 -> DNp20 -> CB3716 -> DNae003
T4d,720575940635824751,DNa16,720575940621519130,5,16,653,T4d -> VS8 -> DNp20 -> CB3716 -> CB0415 -> DNa16
T4d,720575940635824751,DNg04,720575940621325034,5,16,454,T4d -> VS8 -> DNp20 -> CB3716 -> CB0415 -> DNg04
T4d,720575940635824751,DNg04,720575940624968013,5,16,414,T4d -> VS8 -> DNp20 -> CB3716 -> CB0415 -> DNg04
T4d,720575940635824751,DNa02,720575940604737708,5,16,384,T4d -> VS8 -> DNp20 -> CB3716 -> CB0415 -> DNa02
T4d,720575940635824751,DNae010,720575940630868281,5,16,260,T4d -> VS8 -> DNp20 -> CB3716 -> CB1331b -> DNae010
T4d,720575940635824751,DNa09,720575940620711334,5,16,259,T4d -> VS8 -> DNp20 -> CB3716 -> CB1331b -> DNa09
T4d,720575940635824751,DNp18,720575940627949589,3,16,110,T4d -> VS8 -> DNp20 -> DNp18
T4d,720575940635824751,DNp18,720575940627949589,5,16,596,T4d -> VS8 -> DNp20 -> OCG01a -> OCG01e -> DNp18
T4d,720575940635824751,DNp18,720575940627949589,4,16,177,T4d -> VS8 -> DNp20 -> OCG01a -> DNp18
T4d,720575940621317814,DNp31,720575940632189900,5,20,601,T4d -> LPi11 -> LPT48_vCal3 -> PLP248 -> PLP020 -> DNp31
T4d,720575940621317814,DNa10,720575940623468691,4,20,481,T4d -> LPi11 -> LPT48_vCal3 -> PLP248 -> DNa10
T4d,720575940621317814,DNp31,720575940628132745,5,20,544,T4d -> LPi11 -> LPT48_vCal3 -> PLP248 -> PLP020 -> DNp31
T4d,720575940621317814,DNp31,720575940632189900,3,20,338,T4d -> LPi11 -> LPT48_vCal3 -> DNp31
T4d,720575940621317814,DNp31,720575940628132745,5,20,520,T4d -> LPi11 -> LPT48_vCal3 -> PLP248 -> PLP020 -> DNp31
T4d,720575940621317814,DNa10,720575940627946261,4,20,363,T4d -> LPi11 -> LPT48_vCal3 -> PLP248 -> DNa10
T4d,720575940621317814,DNp31,720575940632189900,5,20,417,T4d -> LPi11 -> LPT48_vCal3 -> PLP248 -> PLP020 -> DNp31
T4d,720575940621317814,DNa10,720575940623468691,5,16,329,T4d -> LPi11 -> LPT48_vCal3 -> PLP103a -> PLP248 -> DNa10
T4d,720575940621317814,DNp31,720575940632189900,4,20,226,T4d -> LPi11 -> LPT48_vCal3 -> PLP103c -> DNp31
T4d,720575940621317814,DNp31,720575940632189900,5,12,287,T4d -> LPi11 -> LPT48_vCal3 -> PLP103c -> PLP025b -> DNp31
T4d,720575940620843644,DNae002,720575940620380449,5,17,896,T4d -> LPT45_dCal1 -> LPi13 -> LPT27 -> PLP230 -> DNae002
T4d,720575940620843644,DNb01,720575940630758418,5,17,775,T4d -> LPT45_dCal1 -> LPi13 -> LPT27 -> PLP230 -> DNb01
T4d,720575940620843644,DNpe019,720575940636592302,5,17,773,T4d -> LPT45_dCal1 -> LPi13 -> LPT27 -> PLP230 -> DNpe019
T4d,720575940620843644,DNa09,720575940620711334,5,17,755,T4d -> LPT45_dCal1 -> LPi13 -> LPT27 -> PLP230 -> DNa09
T4d,720575940620843644,DNae003,720575940622204186,5,17,755,T4d -> LPT45_dCal1 -> LPi13 -> LPT27 -> PLP230 -> DNae003
T4d,720575940620843644,DNp51,720575940636651376,5,17,747,T4d -> LPT45_dCal1 -> LPi13 -> LPT27 -> PLP230 -> DNp51
T4d,720575940620843644,DNp26,720575940619432261,4,17,623,T4d -> LPT45_dCal1 -> LPi13 -> LPT27 -> DNp26
T4d,720575940620843644,DNae003,720575940634253281,5,17,801,T4d -> LPT45_dCal1 -> LPi13 -> LPT27 -> WED075 -> DNae003
T4d,720575940620843644,DNae002,720575940627139530,5,17,732,T4d -> LPT45_dCal1 -> LPi13 -> LPT27 -> WED075 -> DNae002
T4d,720575940620843644,DNp51,720575940612682467,5,17,706,T4d -> LPT45_dCal1 -> LPi13 -> LPT27 -> WED075 -> DNp51
T4d,720575940634957931,DNae003,720575940634253281,4,13,308,T4d -> VS3 -> DNp20 -> CB3716 -> DNae003
T4d,720575940634957931,DNa16,720575940621519130,5,13,635,T4d -> VS3 -> DNp20 -> CB3716 -> CB0415 -> DNa16
T4d,720575940634957931,DNg04,720575940621325034,5,13,436,T4d -> VS3 -> DNp20 -> CB3716 -> CB0415 -> DNg04
T4d,720575940634957931,DNg04,720575940624968013,5,13,396,T4d -> VS3 -> DNp20 -> CB3716 -> CB0415 -> DNg04
T4d,720575940634957931,DNa02,720575940604737708,5,13,366,T4d -> VS3 -> DNp20 -> CB3716 -> CB0415 -> DNa02
T4d,720575940634957931,DNae010,720575940630868281,5,13,242,T4d -> VS3 -> DNp20 -> CB3716 -> CB1331b -> DNae010
T4d,720575940634957931,DNa09,720575940620711334,5,13,241,T4d -> VS3 -> DNp20 -> CB3716 -> CB1331b -> DNa09
T4d,720575940634957931,DNp18,720575940627949589,3,13,92,T4d -> VS3 -> DNp20 -> DNp18
T4d,720575940634957931,DNp18,720575940627949589,5,13,578,T4d -> VS3 -> DNp20 -> OCG01a -> OCG01e -> DNp18
T4d,720575940634957931,DNp18,720575940627949589,4,13,159,T4d -> VS3 -> DNp20 -> OCG01a -> DNp18
T4d,720575940632086343,DNp31,720575940628132745,4,10,194,T4d -> LLPC3 -> PLP081 -> CB0654 -> DNp31
T4d,720575940632086343,DNp31,720575940632189900,4,10,170,T4d -> LLPC3 -> PLP081 -> CB0654 -> DNp31
T4d,720575940632086343,DNa09,720575940634140883,5,10,200,T4d -> LLPC3 -> PLP081 -> CB0654 -> DNb04 -> DNa09
T4d,720575940632086343,DNa09,720575940620711334,5,10,199,T4d -> LLPC3 -> PLP081 -> CB0654 -> DNb04 -> DNa09
T4d,720575940632086343,DNp31,720575940632189900,4,10,118,T4d -> LLPC3 -> PLP081 -> CB0654 -> DNp31
T4d,720575940632086343,DNp31,720575940628132745,4,10,107,T4d -> LLPC3 -> PLP081 -> CB0654 -> DNp31
T4d,720575940632086343,DNa09,720575940634140883,5,10,140,T4d -> LLPC3 -> PLP081 -> CB0654 -> DNb04 -> DNa09
T4d,720575940632086343,DNa10,720575940623468691,5,10,138,"T4d -> LLPC3 -> PLP081 -> CB0654 -> IB033,IB039 -> DNa10"
T4d,720575940632086343,DNa09,720575940620711334,5,10,126,T4d -> LLPC3 -> PLP081 -> CB0654 -> DNb04 -> DNa09
T4d,720575940632086343,DNge037,720575940608188427,5,10,226,T4d -> LLPC3 -> PLP081 -> DNge030 -> DNae006 -> DNge037
T4d,720575940620667747,DNb03,720575940611016910,5,12,1356,T4d -> LPi07 -> Y1 -> LPi14 -> H2 -> DNb03
T4d,720575940620667747,DNb03,720575940627997050,5,12,1352,T4d -> LPi07 -> Y1 -> LPi14 -> H2 -> DNb03
T4d,720575940620667747,DNp15,720575940623431351,5,12,1331,T4d -> LPi07 -> Y1 -> LPi14 -> H2 -> DNp15
T4d,720575940620667747,DNg41,720575940622037926,5,12,1258,T4d -> LPi07 -> Y1 -> LPi14 -> H2 -> DNg41
T4d,720575940620667747,DNp26,720575940619432261,5,12,514,T4d -> LPi07 -> Y1 -> LPi14 -> LPT21 -> DNp26
T4d,720575940620667747,DNge043,720575940622147873,5,12,274,T4d -> LPi07 -> Y1 -> LPi14 -> VS1 -> DNge043
T4d,720575940620667747,DNb03,720575940611016910,5,12,1227,T4d -> LPi07 -> Y1 -> LPi14 -> H2 -> DNb03
T4d,720575940620667747,DNb03,720575940627997050,5,12,1223,T4d -> LPi07 -> Y1 -> LPi14 -> H2 -> DNb03
T4d,720575940620667747,DNp15,720575940623431351,5,12,1202,T4d -> LPi07 -> Y1 -> LPi14 -> H2 -> DNp15
T4d,720575940620667747,DNg41,720575940622037926,5,12,1129,T4d -> LPi07 -> Y1 -> LPi14 -> H2 -> DNg41
T4d,720575940619192197,DNae002,720575940620380449,4,18,594,T4d -> LPi13 -> LPT27 -> PLP230 -> DNae002
T4d,720575940619192197,DNbe001,720575940632539788,5,18,726,T4d -> LPi13 -> LPT27 -> PLP230 -> PLP035 -> DNbe001
T4d,720575940619192197,DNp26,720575940627732361,5,18,690,T4d -> LPi13 -> LPT27 -> PLP230 -> PLP035 -> DNp26
T4d,720575940619192197,DNb01,720575940630758418,4,18,473,T4d -> LPi13 -> LPT27 -> PLP230 -> DNb01
T4d,720575940619192197,DNpe019,720575940636592302,4,18,471,T4d -> LPi13 -> LPT27 -> PLP230 -> DNpe019
T4d,720575940619192197,DNa09,720575940620711334,4,18,453,T4d -> LPi13 -> LPT27 -> PLP230 -> DNa09
T4d,720575940619192197,DNae003,720575940622204186,4,18,453,T4d -> LPi13 -> LPT27 -> PLP230 -> DNae003
T4d,720575940619192197,DNp51,720575940636651376,4,18,445,T4d -> LPi13 -> LPT27 -> PLP230 -> DNp51
T4d,720575940619192197,DNae002,720575940627139530,5,18,964,T4d -> LPi13 -> LPT27 -> PLP078 -> PLP230 -> DNae002
T4d,720575940619192197,DNae003,720575940634253281,5,18,880,T4d -> LPi13 -> LPT27 -> PLP078 -> PLP230 -> DNae003
T4d,720575940619723911,DNae002,720575940620380449,5,15,894,T4d -> LPT45_dCal1 -> LPi13 -> LPT27 -> PLP230 -> DNae002
T4d,720575940619723911,DNb01,720575940630758418,5,15,773,T4d -> LPT45_dCal1 -> LPi13 -> LPT27 -> PLP230 -> DNb01
T4d,720575940619723911,DNpe019,720575940636592302,5,15,771,T4d -> LPT45_dCal1 -> LPi13 -> LPT27 -> PLP230 -> DNpe019
T4d,720575940619723911,DNa09,720575940620711334,5,15,753,T4d -> LPT45_dCal1 -> LPi13 -> LPT27 -> PLP230 -> DNa09
T4d,720575940619723911,DNae003,720575940622204186,5,15,753,T4d -> LPT45_dCal1 -> LPi13 -> LPT27 -> PLP230 -> DNae003
T4d,720575940619723911,DNp51,720575940636651376,5,15,745,T4d -> LPT45_dCal1 -> LPi13 -> LPT27 -> PLP230 -> DNp51
T4d,720575940619723911,DNp26,720575940619432261,4,15,621,T4d -> LPT45_dCal1 -> LPi13 -> LPT27 -> DNp26
T4d,720575940619723911,DNae003,720575940634253281,5,15,799,T4d -> LPT45_dCal1 -> LPi13 -> LPT27 -> WED075 -> DNae003
T4d,720575940619723911,DNae002,720575940627139530,5,15,730,T4d -> LPT45_dCal1 -> LPi13 -> LPT27 -> WED075 -> DNae002
T4d,720575940619723911,DNp51,720575940612682467,5,15,704,T4d -> LPT45_dCal1 -> LPi13 -> LPT27 -> WED075 -> DNp51
T4d,720575940604436720,DNp31,720575940632189900,4,17,181,T4d -> LLPC3 -> PLP081 -> CB0654 -> DNp31
T4d,720575940604436720,DNp31,720575940628132745,4,17,170,T4d -> LLPC3 -> PLP081 -> CB0654 -> DNp31
T4d,720575940604436720,DNa09,720575940634140883,5,17,203,T4d -> LLPC3 -> PLP081 -> CB0654 -> DNb04 -> DNa09
T4d,720575940604436720,DNa10,720575940623468691,5,17,201,"T4d -> LLPC3 -> PLP081 -> CB0654 -> IB033,IB039 -> DNa10"
T4d,720575940604436720,DNa09,720575940620711334,5,17,189,T4d -> LLPC3 -> PLP081 -> CB0654 -> DNb04 -> DNa09
T4d,720575940604436720,DNp31,720575940628132745,4,17,142,T4d -> LLPC3 -> PLP081 -> CB0654 -> DNp31
T4d,720575940604436720,DNp31,720575940632189900,4,17,118,T4d -> LLPC3 -> PLP081 -> CB0654 -> DNp31
T4d,720575940604436720,DNa09,720575940634140883,5,17,148,T4d -> LLPC3 -> PLP081 -> CB0654 -> DNb04 -> DNa09
T4d,720575940604436720,DNa09,720575940620711334,5,17,147,T4d -> LLPC3 -> PLP081 -> CB0654 -> DNb04 -> DNa09
T4d,720575940604436720,DNa03,720575940620918789,5,17,281,T4d -> LLPC3 -> PLP081 -> PLP038 -> LAL157 -> DNa03
T4d,720575940616934203,DNae002,720575940620380449,5,16,895,T4d -> LPT45_dCal1 -> LPi13 -> LPT27 -> PLP230 -> DNae002
T4d,720575940616934203,DNb01,720575940630758418,5,16,774,T4d -> LPT45_dCal1 -> LPi13 -> LPT27 -> PLP230 -> DNb01
T4d,720575940616934203,DNpe019,720575940636592302,5,16,772,T4d -> LPT45_dCal1 -> LPi13 -> LPT27 -> PLP230 -> DNpe019
T4d,720575940616934203,DNa09,720575940620711334,5,16,754,T4d -> LPT45_dCal1 -> LPi13 -> LPT27 -> PLP230 -> DNa09
T4d,720575940616934203,DNae003,720575940622204186,5,16,754,T4d -> LPT45_dCal1 -> LPi13 -> LPT27 -> PLP230 -> DNae003
T4d,720575940616934203,DNp51,720575940636651376,5,16,746,T4d -> LPT45_dCal1 -> LPi13 -> LPT27 -> PLP230 -> DNp51
T4d,720575940616934203,DNp26,720575940619432261,4,16,622,T4d -> LPT45_dCal1 -> LPi13 -> LPT27 -> DNp26
T4d,720575940616934203,DNae003,720575940634253281,5,16,800,T4d -> LPT45_dCal1 -> LPi13 -> LPT27 -> WED075 -> DNae003
T4d,720575940616934203,DNae002,720575940627139530,5,16,731,T4d -> LPT45_dCal1 -> LPi13 -> LPT27 -> WED075 -> DNae002
T4d,720575940616934203,DNp51,720575940612682467,5,16,705,T4d -> LPT45_dCal1 -> LPi13 -> LPT27 -> WED075 -> DNp51
T4d,720575940632922067,DNp31,720575940628132745,5,28,354,T4d -> LPi11 -> LPC2 -> LPLC4 -> PS058 -> DNp31
T4d,720575940632922067,DNae010,720575940630868281,5,25,413,T4d -> LPi11 -> LPC2 -> LPLC4 -> PLP029 -> DNae010
T4d,720575940632922067,DNae002,720575940620380449,5,25,369,T4d -> LPi11 -> LPC2 -> LPLC4 -> PLP029 -> DNae002
T4d,720575940632922067,DNa02,720575940604737708,5,25,290,T4d -> LPi11 -> LPC2 -> LPLC4 -> PLP029 -> DNa02
T4d,720575940632922067,DNbe001,720575940632539788,5,24,509,T4d -> LPi11 -> LPC2 -> LPLC4 -> PLP034 -> DNbe001
T4d,720575940632922067,DNp26,720575940627732361,5,24,421,T4d -> LPi11 -> LPC2 -> LPLC4 -> PLP034 -> DNp26
T4d,720575940632922067,DNp31,720575940628132745,5,23,240,T4d -> LPi11 -> LPC2 -> LPLC4 -> CB0734 -> DNp31
T4d,720575940632922067,DNbe001,720575940632539788,5,23,228,T4d -> LPi11 -> LPC2 -> LPLC4 -> CB0734 -> DNbe001
T4d,720575940632922067,DNp31,720575940628132745,5,22,217,T4d -> LPi11 -> LPC2 -> LPLC4 -> CB0734 -> DNp31
T4d,720575940632922067,DNbe001,720575940632539788,5,22,214,T4d -> LPi11 -> LPC2 -> LPLC4 -> CB0734 -> DNbe001
T4d,720575940627023047,DNa10,720575940623468691,5,18,292,T4d -> LPi11 -> Tlp14 -> LPT45_dCal1 -> PLP248 -> DNa10
T4d,720575940627023047,DNp31,720575940632189900,5,14,159,T4d -> LPi11 -> Tlp14 -> LPT45_dCal1 -> LPC2 -> DNp31
T4d,720575940627023047,DNp31,720575940632189900,5,8,149,T4d -> LPi11 -> Tlp14 -> LPT45_dCal1 -> LPC2 -> DNp31
T4d,720575940627023047,DNa10,720575940627946261,5,9,126,T4d -> LPi11 -> Tlp14 -> TmY15 -> LLPC3 -> DNa10
T4d,720575940627023047,DNae002,720575940620380449,5,18,617,T4d -> LPi11 -> LPT50 -> LPT27 -> PLP230 -> DNae002
T4d,720575940627023047,DNb01,720575940630758418,5,18,496,T4d -> LPi11 -> LPT50 -> LPT27 -> PLP230 -> DNb01
T4d,720575940627023047,DNpe019,720575940636592302,5,18,494,T4d -> LPi11 -> LPT50 -> LPT27 -> PLP230 -> DNpe019
T4d,720575940627023047,DNa09,720575940620711334,5,18,476,T4d -> LPi11 -> LPT50 -> LPT27 -> PLP230 -> DNa09
T4d,720575940627023047,DNae003,720575940622204186,5,18,476,T4d -> LPi11 -> LPT50 -> LPT27 -> PLP230 -> DNae003
T4d,720575940627023047,DNp51,720575940636651376,5,18,468,T4d -> LPi11 -> LPT50 -> LPT27 -> PLP230 -> DNp51
T4d,720575940615688770,DNae003,720575940634253281,4,31,326,T4d -> VS3 -> DNp20 -> CB3716 -> DNae003
T4d,720575940615688770,DNa16,720575940621519130,5,31,653,T4d -> VS3 -> DNp20 -> CB3716 -> CB0415 -> DNa16
T4d,720575940615688770,DNg04,720575940621325034,5,31,454,T4d -> VS3 -> DNp20 -> CB3716 -> CB0415 -> DNg04
T4d,720575940615688770,DNg04,720575940624968013,5,31,414,T4d -> VS3 -> DNp20 -> CB3716 -> CB0415 -> DNg04
T4d,720575940615688770,DNa02,720575940604737708,5,31,384,T4d -> VS3 -> DNp20 -> CB3716 -> CB0415 -> DNa02
T4d,720575940615688770,DNae010,720575940630868281,5,31,260,T4d -> VS3 -> DNp20 -> CB3716 -> CB1331b -> DNae010
T4d,720575940615688770,DNa09,720575940620711334,5,31,259,T4d -> VS3 -> DNp20 -> CB3716 -> CB1331b -> DNa09
T4d,720575940615688770,DNp18,720575940627949589,3,31,110,T4d -> VS3 -> DNp20 -> DNp18
T4d,720575940615688770,DNp18,720575940627949589,5,28,596,T4d -> VS3 -> DNp20 -> OCG01a -> OCG01e -> DNp18
T4d,720575940615688770,DNp18,720575940627949589,4,28,177,T4d -> VS3 -> DNp20 -> OCG01a -> DNp18
T4d,720575940606934473,DNp31,720575940632189900,5,12,748,T4d -> LPi13 -> LPT48_vCal3 -> PLP248 -> PLP020 -> DNp31
T4d,720575940606934473,DNa10,720575940623468691,4,12,628,T4d -> LPi13 -> LPT48_vCal3 -> PLP248 -> DNa10
T4d,720575940606934473,DNp31,720575940628132745,5,12,691,T4d -> LPi13 -> LPT48_vCal3 -> PLP248 -> PLP020 -> DNp31
T4d,720575940606934473,DNp31,720575940632189900,3,12,485,T4d -> LPi13 -> LPT48_vCal3 -> DNp31
T4d,720575940606934473,DNp31,720575940628132745,5,12,667,T4d -> LPi13 -> LPT48_vCal3 -> PLP248 -> PLP020 -> DNp31
T4d,720575940606934473,DNa10,720575940627946261,4,12,510,T4d -> LPi13 -> LPT48_vCal3 -> PLP248 -> DNa10
T4d,720575940606934473,DNp31,720575940632189900,5,12,564,T4d -> LPi13 -> LPT48_vCal3 -> PLP248 -> PLP020 -> DNp31
T4d,720575940606934473,DNa10,720575940623468691,5,12,476,T4d -> LPi13 -> LPT48_vCal3 -> PLP103a -> PLP248 -> DNa10
T4d,720575940606934473,DNp31,720575940632189900,4,12,373,T4d -> LPi13 -> LPT48_vCal3 -> PLP103c -> DNp31
T4d,720575940606934473,DNp31,720575940632189900,5,12,434,T4d -> LPi13 -> LPT48_vCal3 -> PLP103c -> PLP025b -> DNp31
T4d,720575940623530195,DNp31,720575940632189900,5,15,208,T4d -> Tlp1 -> Li32 -> Li24 -> LPLC4 -> DNp31
T4d,720575940623530195,DNg41,720575940636329579,5,15,365,T4d -> Tlp1 -> LPi07 -> LPi12 -> LPT04_HST -> DNg41
T4d,720575940623530195,DNb03,720575940634163682,5,15,285,T4d -> Tlp1 -> LPi07 -> LPi12 -> LPT04_HST -> DNb03
T4d,720575940623530195,DNb03,720575940611016910,5,15,331,T4d -> Tlp1 -> LPi07 -> LPi12 -> H2 -> DNb03
T4d,720575940623530195,DNb03,720575940627997050,5,15,327,T4d -> Tlp1 -> LPi07 -> LPi12 -> H2 -> DNb03
T4d,720575940623530195,DNp15,720575940623431351,5,15,306,T4d -> Tlp1 -> LPi07 -> LPi12 -> H2 -> DNp15
T4d,720575940623530195,DNg41,720575940622037926,5,15,233,T4d -> Tlp1 -> LPi07 -> LPi12 -> H2 -> DNg41
T4d,720575940623530195,DNp18,720575940618440000,5,15,316,T4d -> Tlp1 -> LPi07 -> LPi12 -> CB0478 -> DNp18
T4d,720575940623530195,DNp26,720575940619432261,5,15,163,T4d -> Tlp1 -> LPi07 -> LPT23 -> LPT21 -> DNp26
T4d,720575940623530195,DNp26,720575940627732361,5,15,185,T4d -> Tlp1 -> LPi07 -> LLPC1 -> Nod1 -> DNp26
T4d,720575940632613262,DNae002,720575940620380449,5,18,897,T4d -> LPT45_dCal1 -> LPi13 -> LPT27 -> PLP230 -> DNae002
T4d,720575940632613262,DNb01,720575940630758418,5,18,776,T4d -> LPT45_dCal1 -> LPi13 -> LPT27 -> PLP230 -> DNb01
T4d,720575940632613262,DNpe019,720575940636592302,5,18,774,T4d -> LPT45_dCal1 -> LPi13 -> LPT27 -> PLP230 -> DNpe019
T4d,720575940632613262,DNa09,720575940620711334,5,18,756,T4d -> LPT45_dCal1 -> LPi13 -> LPT27 -> PLP230 -> DNa09
T4d,720575940632613262,DNae003,720575940622204186,5,18,756,T4d -> LPT45_dCal1 -> LPi13 -> LPT27 -> PLP230 -> DNae003
T4d,720575940632613262,DNp51,720575940636651376,5,18,748,T4d -> LPT45_dCal1 -> LPi13 -> LPT27 -> PLP230 -> DNp51
T4d,720575940632613262,DNp26,720575940619432261,4,18,624,T4d -> LPT45_dCal1 -> LPi13 -> LPT27 -> DNp26
T4d,720575940632613262,DNae003,720575940634253281,5,18,802,T4d -> LPT45_dCal1 -> LPi13 -> LPT27 -> WED075 -> DNae003
T4d,720575940632613262,DNae002,720575940627139530,5,18,733,T4d -> LPT45_dCal1 -> LPi13 -> LPT27 -> WED075 -> DNae002
T4d,720575940632613262,DNp51,720575940612682467,5,18,707,T4d -> LPT45_dCal1 -> LPi13 -> LPT27 -> WED075 -> DNp51
T4d,720575940628310546,DNp31,720575940628132745,5,13,284,T4d -> LPi11 -> LPC2 -> LPLC4 -> DNb05 -> DNp31
T4d,720575940628310546,DNa10,720575940627946261,5,13,535,T4d -> LPi11 -> LPC2 -> LPLC4 -> PLP213 -> DNa10
T4d,720575940628310546,DNa10,720575940623468691,5,13,395,T4d -> LPi11 -> LPC2 -> LPLC4 -> PLP213 -> DNa10
T4d,720575940628310546,DNp31,720575940628132745,4,13,171,T4d -> LPi11 -> LPC2 -> LPLC4 -> DNp31
T4d,720575940628310546,DNa10,720575940627946261,5,13,218,T4d -> LPi11 -> LPC2 -> LPLC4 -> DNp07 -> DNa10
T4d,720575940628310546,DNa10,720575940623468691,5,13,187,T4d -> LPi11 -> LPC2 -> LPLC4 -> DNp07 -> DNa10
T4d,720575940628310546,DNa03,720575940620918789,5,13,316,T4d -> LPi11 -> LPC2 -> LPLC4 -> PLP228 -> DNa03
T4d,720575940628310546,DNa16,720575940632962786,5,13,264,T4d -> LPi11 -> LPC2 -> LPLC4 -> PLP228 -> DNa16
T4d,720575940628310546,DNbe001,720575940632539788,5,10,569,T4d -> LPi11 -> LPC2 -> PLP035 -> WED007 -> DNbe001
T4d,720575940628310546,DNbe001,720575940632539788,4,10,305,T4d -> LPi11 -> LPC2 -> PLP035 -> DNbe001
T4d,720575940635913071,DNae002,720575940627139530,3,14,322,T4d -> LPT27 -> PLP230 -> DNae002
T4d,720575940635913071,DNbe001,720575940632868051,5,14,627,T4d -> LPT27 -> PLP230 -> PLP035 -> WED007 -> DNbe001
T4d,720575940635913071,DNp26,720575940619432261,5,14,585,T4d -> LPT27 -> PLP230 -> PLP035 -> WED007 -> DNp26
T4d,720575940635913071,DNp26,720575940619432261,4,14,506,T4d -> LPT27 -> PLP230 -> PLP035 -> DNp26
T4d,720575940635913071,DNbe001,720575940632868051,4,14,476,T4d -> LPT27 -> PLP230 -> PLP035 -> DNbe001
T4d,720575940635913071,DNae003,720575940634253281,5,14,574,T4d -> LPT27 -> PLP230 -> PLP035 -> WED075 -> DNae003
T4d,720575940635913071,DNae002,720575940627139530,5,14,505,T4d -> LPT27 -> PLP230 -> PLP035 -> WED075 -> DNae002
T4d,720575940635913071,DNp51,720575940612682467,5,14,479,T4d -> LPT27 -> PLP230 -> PLP035 -> WED075 -> DNp51
T4d,720575940635913071,DNp26,720575940619432261,5,14,362,T4d -> LPT27 -> PLP230 -> PLP035 -> CB1827 -> DNp26
T4d,720575940635913071,DNae003,720575940634253281,3,14,238,T4d -> LPT27 -> PLP230 -> DNae003
T5a,720575940599704006,DNp15,720575940623431351,5,36,4548,T5a -> LPi14 -> Am1 -> LPi15 -> HSE -> DNp15
T5a,720575940599704006,DNp15,720575940623431351,5,36,4484,T5a -> LPi14 -> Am1 -> LPi15 -> HSN -> DNp15
T5a,720575940599704006,DNp18,720575940627949589,5,36,4391,T5a -> LPi14 -> Am1 -> LPi15 -> HSN -> DNp18
T5a,720575940599704006,DNae002,720575940620380449,5,36,4383,T5a -> LPi14 -> Am1 -> LPi15 -> HSN -> DNae002
T5a,720575940599704006,DNae010,720575940630868281,5,36,4379,T5a -> LPi14 -> Am1 -> LPi15 -> HSN -> DNae010
T5a,720575940599704006,DNp26,720575940627732361,5,36,4279,T5a -> LPi14 -> Am1 -> LPi15 -> LPT26 -> DNp26
T5a,720575940599704006,DNae002,720575940620380449,5,36,2901,T5a -> LPi14 -> Am1 -> DCH -> LPT22 -> DNae002
T5a,720575940599704006,DNae002,720575940620380449,5,36,2581,T5a -> LPi14 -> Am1 -> VCH -> LPT22 -> DNae002
T5a,720575940599704006,DNp31,720575940632189900,5,36,2260,T5a -> LPi14 -> Am1 -> LPT23 -> vCal1 -> DNp31
T5a,720575940599704006,DNp31,720575940628132745,5,36,2139,T5a -> LPi14 -> Am1 -> LPT23 -> vCal1 -> DNp31
T5a,720575940632395859,DNp15,720575940623431351,5,37,4417,T5a -> LPi14 -> Am1 -> LPi15 -> HSE -> DNp15
T5a,720575940632395859,DNp15,720575940623431351,5,37,4353,T5a -> LPi14 -> Am1 -> LPi15 -> HSN -> DNp15
T5a,720575940632395859,DNp18,720575940627949589,5,37,4260,T5a -> LPi14 -> Am1 -> LPi15 -> HSN -> DNp18
T5a,720575940632395859,DNae002,720575940620380449,5,37,4252,T5a -> LPi14 -> Am1 -> LPi15 -> HSN -> DNae002
T5a,720575940632395859,DNae010,720575940630868281,5,37,4248,T5a -> LPi14 -> Am1 -> LPi15 -> HSN -> DNae010
T5a,720575940632395859,DNp26,720575940627732361,5,37,4148,T5a -> LPi14 -> Am1 -> LPi15 -> LPT26 -> DNp26
T5a,720575940632395859,DNae002,720575940620380449,5,37,2770,T5a -> LPi14 -> Am1 -> DCH -> LPT22 -> DNae002
T5a,720575940632395859,DNae002,720575940620380449,5,37,2450,T5a -> LPi14 -> Am1 -> VCH -> LPT22 -> DNae002
T5a,720575940632395859,DNp31,720575940632189900,5,37,2129,T5a -> LPi14 -> Am1 -> LPT23 -> vCal1 -> DNp31
T5a,720575940632395859,DNp31,720575940628132745,5,37,2008,T5a -> LPi14 -> Am1 -> LPT23 -> vCal1 -> DNp31
T5a,720575940623118374,DNp15,720575940623431351,5,27,4539,T5a -> LPi14 -> Am1 -> LPi15 -> HSE -> DNp15
T5a,720575940623118374,DNp15,720575940623431351,5,27,4475,T5a -> LPi14 -> Am1 -> LPi15 -> HSN -> DNp15
T5a,720575940623118374,DNp18,720575940627949589,5,27,4382,T5a -> LPi14 -> Am1 -> LPi15 -> HSN -> DNp18
T5a,720575940623118374,DNae002,720575940620380449,5,27,4374,T5a -> LPi14 -> Am1 -> LPi15 -> HSN -> DNae002
T5a,720575940623118374,DNae010,720575940630868281,5,27,4370,T5a -> LPi14 -> Am1 -> LPi15 -> HSN -> DNae010
T5a,720575940623118374,DNp26,720575940627732361,5,27,4270,T5a -> LPi14 -> Am1 -> LPi15 -> LPT26 -> DNp26
T5a,720575940623118374,DNae002,720575940620380449,5,27,2892,T5a -> LPi14 -> Am1 -> DCH -> LPT22 -> DNae002
T5a,720575940623118374,DNae002,720575940620380449,5,27,2572,T5a -> LPi14 -> Am1 -> VCH -> LPT22 -> DNae002
T5a,720575940623118374,DNp31,720575940632189900,5,27,2251,T5a -> LPi14 -> Am1 -> LPT23 -> vCal1 -> DNp31
T5a,720575940623118374,DNp31,720575940628132745,5,27,2130,T5a -> LPi14 -> Am1 -> LPT23 -> vCal1 -> DNp31
T5a,720575940626217093,DNp15,720575940623431351,5,35,4415,T5a -> LPi14 -> Am1 -> LPi15 -> HSE -> DNp15
T5a,720575940626217093,DNp15,720575940623431351,5,35,4351,T5a -> LPi14 -> Am1 -> LPi15 -> HSN -> DNp15
T5a,720575940626217093,DNp18,720575940627949589,5,35,4258,T5a -> LPi14 -> Am1 -> LPi15 -> HSN -> DNp18
T5a,720575940626217093,DNae002,720575940620380449,5,35,4250,T5a -> LPi14 -> Am1 -> LPi15 -> HSN -> DNae002
T5a,720575940626217093,DNae010,720575940630868281,5,35,4246,T5a -> LPi14 -> Am1 -> LPi15 -> HSN -> DNae010
T5a,720575940626217093,DNp26,720575940627732361,5,35,4146,T5a -> LPi14 -> Am1 -> LPi15 -> LPT26 -> DNp26
T5a,720575940626217093,DNae002,720575940620380449,5,35,2768,T5a -> LPi14 -> Am1 -> DCH -> LPT22 -> DNae002
T5a,720575940626217093,DNae002,720575940620380449,5,35,2448,T5a -> LPi14 -> Am1 -> VCH -> LPT22 -> DNae002
T5a,720575940626217093,DNp31,720575940632189900,5,35,2127,T5a -> LPi14 -> Am1 -> LPT23 -> vCal1 -> DNp31
T5a,720575940626217093,DNp31,720575940628132745,5,35,2006,T5a -> LPi14 -> Am1 -> LPT23 -> vCal1 -> DNp31
T5a,720575940614663530,DNp15,720575940623431351,5,37,4417,T5a -> LPi14 -> Am1 -> LPi15 -> HSE -> DNp15
T5a,720575940614663530,DNp15,720575940623431351,5,37,4353,T5a -> LPi14 -> Am1 -> LPi15 -> HSN -> DNp15
T5a,720575940614663530,DNp18,720575940627949589,5,37,4260,T5a -> LPi14 -> Am1 -> LPi15 -> HSN -> DNp18
T5a,720575940614663530,DNae002,720575940620380449,5,37,4252,T5a -> LPi14 -> Am1 -> LPi15 -> HSN -> DNae002
T5a,720575940614663530,DNae010,720575940630868281,5,37,4248,T5a -> LPi14 -> Am1 -> LPi15 -> HSN -> DNae010
T5a,720575940614663530,DNp26,720575940627732361,5,37,4148,T5a -> LPi14 -> Am1 -> LPi15 -> LPT26 -> DNp26
T5a,720575940614663530,DNae002,720575940620380449,5,37,2770,T5a -> LPi14 -> Am1 -> DCH -> LPT22 -> DNae002
T5a,720575940614663530,DNae002,720575940620380449,5,37,2450,T5a -> LPi14 -> Am1 -> VCH -> LPT22 -> DNae002
T5a,720575940614663530,DNp31,720575940632189900,5,37,2129,T5a -> LPi14 -> Am1 -> LPT23 -> vCal1 -> DNp31
T5a,720575940614663530,DNp31,720575940628132745,5,37,2008,T5a -> LPi14 -> Am1 -> LPT23 -> vCal1 -> DNp31
T5a,720575940628898860,DNp15,720575940623431351,5,31,4543,T5a -> LPi14 -> Am1 -> LPi15 -> HSE -> DNp15
T5a,720575940628898860,DNp15,720575940623431351,5,31,4479,T5a -> LPi14 -> Am1 -> LPi15 -> HSN -> DNp15
T5a,720575940628898860,DNp18,720575940627949589,5,31,4386,T5a -> LPi14 -> Am1 -> LPi15 -> HSN -> DNp18
T5a,720575940628898860,DNae002,720575940620380449,5,31,4378,T5a -> LPi14 -> Am1 -> LPi15 -> HSN -> DNae002
T5a,720575940628898860,DNae010,720575940630868281,5,31,4374,T5a -> LPi14 -> Am1 -> LPi15 -> HSN -> DNae010
T5a,720575940628898860,DNp26,720575940627732361,5,31,4274,T5a -> LPi14 -> Am1 -> LPi15 -> LPT26 -> DNp26
T5a,720575940628898860,DNae002,720575940620380449,5,31,2896,T5a -> LPi14 -> Am1 -> DCH -> LPT22 -> DNae002
T5a,720575940628898860,DNae002,720575940620380449,5,31,2576,T5a -> LPi14 -> Am1 -> VCH -> LPT22 -> DNae002
T5a,720575940628898860,DNp31,720575940632189900,5,31,2255,T5a -> LPi14 -> Am1 -> LPT23 -> vCal1 -> DNp31
T5a,720575940628898860,DNp31,720575940628132745,5,31,2134,T5a -> LPi14 -> Am1 -> LPT23 -> vCal1 -> DNp31
T5a,720575940606681278,DNp15,720575940623431351,5,39,4419,T5a -> LPi14 -> Am1 -> LPi15 -> HSE -> DNp15
T5a,720575940606681278,DNp15,720575940623431351,5,39,4355,T5a -> LPi14 -> Am1 -> LPi15 -> HSN -> DNp15
T5a,720575940606681278,DNp18,720575940627949589,5,39,4262,T5a -> LPi14 -> Am1 -> LPi15 -> HSN -> DNp18
T5a,720575940606681278,DNae002,720575940620380449,5,39,4254,T5a -> LPi14 -> Am1 -> LPi15 -> HSN -> DNae002
T5a,720575940606681278,DNae010,720575940630868281,5,39,4250,T5a -> LPi14 -> Am1 -> LPi15 -> HSN -> DNae010
T5a,720575940606681278,DNp26,720575940627732361,5,39,4150,T5a -> LPi14 -> Am1 -> LPi15 -> LPT26 -> DNp26
T5a,720575940606681278,DNae002,720575940620380449,5,39,2772,T5a -> LPi14 -> Am1 -> DCH -> LPT22 -> DNae002
T5a,720575940606681278,DNae002,720575940620380449,5,39,2452,T5a -> LPi14 -> Am1 -> VCH -> LPT22 -> DNae002
T5a,720575940606681278,DNp31,720575940632189900,5,39,2131,T5a -> LPi14 -> Am1 -> LPT23 -> vCal1 -> DNp31
T5a,720575940606681278,DNp31,720575940628132745,5,39,2010,T5a -> LPi14 -> Am1 -> LPT23 -> vCal1 -> DNp31
T5a,720575940620734061,DNp15,720575940623431351,5,28,4408,T5a -> LPi14 -> Am1 -> LPi15 -> HSE -> DNp15
T5a,720575940620734061,DNp15,720575940623431351,5,28,4344,T5a -> LPi14 -> Am1 -> LPi15 -> HSN -> DNp15
T5a,720575940620734061,DNp18,720575940627949589,5,28,4251,T5a -> LPi14 -> Am1 -> LPi15 -> HSN -> DNp18
T5a,720575940620734061,DNae002,720575940620380449,5,28,4243,T5a -> LPi14 -> Am1 -> LPi15 -> HSN -> DNae002
T5a,720575940620734061,DNae010,720575940630868281,5,28,4239,T5a -> LPi14 -> Am1 -> LPi15 -> HSN -> DNae010
T5a,720575940620734061,DNp26,720575940627732361,5,28,4139,T5a -> LPi14 -> Am1 -> LPi15 -> LPT26 -> DNp26
T5a,720575940620734061,DNae002,720575940620380449,5,28,2761,T5a -> LPi14 -> Am1 -> DCH -> LPT22 -> DNae002
T5a,720575940620734061,DNae002,720575940620380449,5,28,2441,T5a -> LPi14 -> Am1 -> VCH -> LPT22 -> DNae002
T5a,720575940620734061,DNp31,720575940632189900,5,28,2120,T5a -> LPi14 -> Am1 -> LPT23 -> vCal1 -> DNp31
T5a,720575940620734061,DNp31,720575940628132745,5,28,1999,T5a -> LPi14 -> Am1 -> LPT23 -> vCal1 -> DNp31
T5a,720575940626716958,DNp15,720575940623431351,5,21,4533,T5a -> LPi14 -> Am1 -> LPi15 -> HSE -> DNp15
T5a,720575940626716958,DNp15,720575940623431351,5,21,4469,T5a -> LPi14 -> Am1 -> LPi15 -> HSN -> DNp15
T5a,720575940626716958,DNp18,720575940627949589,5,21,4376,T5a -> LPi14 -> Am1 -> LPi15 -> HSN -> DNp18
T5a,720575940626716958,DNae002,720575940620380449,5,21,4368,T5a -> LPi14 -> Am1 -> LPi15 -> HSN -> DNae002
T5a,720575940626716958,DNae010,720575940630868281,5,21,4364,T5a -> LPi14 -> Am1 -> LPi15 -> HSN -> DNae010
T5a,720575940626716958,DNp26,720575940627732361,5,21,4264,T5a -> LPi14 -> Am1 -> LPi15 -> LPT26 -> DNp26
T5a,720575940626716958,DNae002,720575940620380449,5,21,2886,T5a -> LPi14 -> Am1 -> DCH -> LPT22 -> DNae002
T5a,720575940626716958,DNae002,720575940620380449,5,21,2566,T5a -> LPi14 -> Am1 -> VCH -> LPT22 -> DNae002
T5a,720575940626716958,DNp31,720575940632189900,5,21,2245,T5a -> LPi14 -> Am1 -> LPT23 -> vCal1 -> DNp31
T5a,720575940626716958,DNp31,720575940628132745,5,21,2124,T5a -> LPi14 -> Am1 -> LPT23 -> vCal1 -> DNp31
T5a,720575940624632103,DNp15,720575940623431351,5,22,4402,T5a -> LPi14 -> Am1 -> LPi15 -> HSE -> DNp15
T5a,720575940624632103,DNp15,720575940623431351,5,22,4338,T5a -> LPi14 -> Am1 -> LPi15 -> HSN -> DNp15
T5a,720575940624632103,DNp18,720575940627949589,5,22,4245,T5a -> LPi14 -> Am1 -> LPi15 -> HSN -> DNp18
T5a,720575940624632103,DNae002,720575940620380449,5,22,4237,T5a -> LPi14 -> Am1 -> LPi15 -> HSN -> DNae002
T5a,720575940624632103,DNae010,720575940630868281,5,22,4233,T5a -> LPi14 -> Am1 -> LPi15 -> HSN -> DNae010
T5a,720575940624632103,DNp26,720575940627732361,5,22,4133,T5a -> LPi14 -> Am1 -> LPi15 -> LPT26 -> DNp26
T5a,720575940624632103,DNae002,720575940620380449,5,22,2755,T5a -> LPi14 -> Am1 -> DCH -> LPT22 -> DNae002
T5a,720575940624632103,DNae002,720575940620380449,5,22,2435,T5a -> LPi14 -> Am1 -> VCH -> LPT22 -> DNae002
T5a,720575940624632103,DNp31,720575940632189900,5,22,2114,T5a -> LPi14 -> Am1 -> LPT23 -> vCal1 -> DNp31
T5a,720575940624632103,DNp31,720575940628132745,5,22,1993,T5a -> LPi14 -> Am1 -> LPT23 -> vCal1 -> DNp31
T5a,720575940620311791,DNp15,720575940623431351,5,21,4533,T5a -> LPi14 -> Am1 -> LPi15 -> HSE -> DNp15
T5a,720575940620311791,DNp15,720575940623431351,5,21,4469,T5a -> LPi14 -> Am1 -> LPi15 -> HSN -> DNp15
T5a,720575940620311791,DNp18,720575940627949589,5,21,4376,T5a -> LPi14 -> Am1 -> LPi15 -> HSN -> DNp18
T5a,720575940620311791,DNae002,720575940620380449,5,21,4368,T5a -> LPi14 -> Am1 -> LPi15 -> HSN -> DNae002
T5a,720575940620311791,DNae010,720575940630868281,5,21,4364,T5a -> LPi14 -> Am1 -> LPi15 -> HSN -> DNae010
T5a,720575940620311791,DNp26,720575940627732361,5,21,4264,T5a -> LPi14 -> Am1 -> LPi15 -> LPT26 -> DNp26
T5a,720575940620311791,DNae002,720575940620380449,5,21,2886,T5a -> LPi14 -> Am1 -> DCH -> LPT22 -> DNae002
T5a,720575940620311791,DNae002,720575940620380449,5,21,2566,T5a -> LPi14 -> Am1 -> VCH -> LPT22 -> DNae002
T5a,720575940620311791,DNp31,720575940632189900,5,21,2245,T5a -> LPi14 -> Am1 -> LPT23 -> vCal1 -> DNp31
T5a,720575940620311791,DNp31,720575940628132745,5,21,2124,T5a -> LPi14 -> Am1 -> LPT23 -> vCal1 -> DNp31
T5a,720575940611449749,DNp15,720575940623431351,5,27,4539,T5a -> LPi14 -> Am1 -> LPi15 -> HSE -> DNp15
T5a,720575940611449749,DNp15,720575940623431351,5,27,4475,T5a -> LPi14 -> Am1 -> LPi15 -> HSN -> DNp15
T5a,720575940611449749,DNp18,720575940627949589,5,27,4382,T5a -> LPi14 -> Am1 -> LPi15 -> HSN -> DNp18
T5a,720575940611449749,DNae002,720575940620380449,5,27,4374,T5a -> LPi14 -> Am1 -> LPi15 -> HSN -> DNae002
T5a,720575940611449749,DNae010,720575940630868281,5,27,4370,T5a -> LPi14 -> Am1 -> LPi15 -> HSN -> DNae010
T5a,720575940611449749,DNp26,720575940627732361,5,27,4270,T5a -> LPi14 -> Am1 -> LPi15 -> LPT26 -> DNp26
T5a,720575940611449749,DNae002,720575940620380449,5,27,2892,T5a -> LPi14 -> Am1 -> DCH -> LPT22 -> DNae002
T5a,720575940611449749,DNae002,720575940620380449,5,27,2572,T5a -> LPi14 -> Am1 -> VCH -> LPT22 -> DNae002
T5a,720575940611449749,DNp31,720575940632189900,5,27,2251,T5a -> LPi14 -> Am1 -> LPT23 -> vCal1 -> DNp31
T5a,720575940611449749,DNp31,720575940628132745,5,27,2130,T5a -> LPi14 -> Am1 -> LPT23 -> vCal1 -> DNp31
T5a,720575940624079624,DNp15,720575940623431351,5,56,4568,T5a -> LPi14 -> Am1 -> LPi15 -> HSE -> DNp15
T5a,720575940624079624,DNp15,720575940623431351,5,56,4504,T5a -> LPi14 -> Am1 -> LPi15 -> HSN -> DNp15
T5a,720575940624079624,DNp18,720575940627949589,5,54,4411,T5a -> LPi14 -> Am1 -> LPi15 -> HSN -> DNp18
T5a,720575940624079624,DNae002,720575940620380449,5,46,4403,T5a -> LPi14 -> Am1 -> LPi15 -> HSN -> DNae002
T5a,720575940624079624,DNae010,720575940630868281,5,42,4399,T5a -> LPi14 -> Am1 -> LPi15 -> HSN -> DNae010
T5a,720575940624079624,DNp26,720575940627732361,5,56,4299,T5a -> LPi14 -> Am1 -> LPi15 -> LPT26 -> DNp26
T5a,720575940624079624,DNae002,720575940620380449,5,56,2921,T5a -> LPi14 -> Am1 -> DCH -> LPT22 -> DNae002
T5a,720575940624079624,DNae002,720575940620380449,5,56,2601,T5a -> LPi14 -> Am1 -> VCH -> LPT22 -> DNae002
T5a,720575940624079624,DNp31,720575940632189900,5,56,2280,T5a -> LPi14 -> Am1 -> LPT23 -> vCal1 -> DNp31
T5a,720575940624079624,DNp31,720575940628132745,5,56,2159,T5a -> LPi14 -> Am1 -> LPT23 -> vCal1 -> DNp31
T5a,720575940621033837,DNae002,720575940620380449,5,33,1813,T5a -> LPi14 -> H2 -> VCH -> LPT22 -> DNae002
T5a,720575940621033837,DNa13,720575940637607646,5,33,1901,T5a -> LPi14 -> H2 -> PS047b -> LAL081 -> DNa13
T5a,720575940621033837,DNa03,720575940620918789,5,33,1867,T5a -> LPi14 -> H2 -> PS047b -> LAL153 -> DNa03
T5a,720575940621033837,DNae002,720575940620380449,5,33,1784,T5a -> LPi14 -> H2 -> DCH -> LPT22 -> DNae002
T5a,720575940621033837,DNb03,720575940611016910,3,33,1308,T5a -> LPi14 -> H2 -> DNb03
T5a,720575940621033837,DNb03,720575940627997050,3,33,1304,T5a -> LPi14 -> H2 -> DNb03
T5a,720575940621033837,DNp15,720575940623431351,3,33,1283,T5a -> LPi14 -> H2 -> DNp15
T5a,720575940621033837,DNp15,720575940616293855,5,33,1480,T5a -> LPi14 -> H2 -> CB0268 -> PS234 -> DNp15
T5a,720575940621033837,DNa16,720575940632962786,5,33,1422,T5a -> LPi14 -> H2 -> CB0268 -> PS234 -> DNa16
T5a,720575940621033837,DNg41,720575940622037926,3,33,1210,T5a -> LPi14 -> H2 -> DNg41
T5a,720575940618805627,DNa02,720575940629327659,5,24,3728,T5a -> LPi14 -> Am1 -> LPi15 -> HSS -> DNa02
T5a,720575940618805627,DNp18,720575940618440000,5,24,3712,T5a -> LPi14 -> Am1 -> LPi15 -> HSS -> DNp18
T5a,720575940618805627,DNg41,720575940636329579,5,24,3711,T5a -> LPi14 -> Am1 -> LPi15 -> HSS -> DNg41
T5a,720575940618805627,DNp15,720575940616293855,5,24,3531,T5a -> LPi14 -> Am1 -> LPi15 -> HSE -> DNp15
T5a,720575940618805627,DNp15,720575940616293855,5,24,3334,T5a -> LPi14 -> Am1 -> LPi15 -> HSN -> DNp15
T5a,720575940618805627,DNa02,720575940629327659,5,24,3211,T5a -> LPi14 -> Am1 -> LPi15 -> HSN -> DNa02
T5a,720575940618805627,DNp26,720575940619432261,5,24,3258,T5a -> LPi14 -> Am1 -> LPi15 -> LPT26 -> DNp26
T5a,720575940618805627,DNae002,720575940627139530,5,24,2123,T5a -> LPi14 -> Am1 -> VCH -> LPT22 -> DNae002
T5a,720575940618805627,DNb03,720575940627997050,5,24,2019,T5a -> LPi14 -> Am1 -> VCH -> Nod5 -> DNb03
T5a,720575940618805627,DNb03,720575940611016910,5,24,2012,T5a -> LPi14 -> Am1 -> VCH -> Nod5 -> DNb03
T5a,720575940612786581,DNae002,720575940620380449,5,28,1808,T5a -> LPi14 -> H2 -> VCH -> LPT22 -> DNae002
T5a,720575940612786581,DNa13,720575940637607646,5,28,1896,T5a -> LPi14 -> H2 -> PS047b -> LAL081 -> DNa13
T5a,720575940612786581,DNa03,720575940620918789,5,28,1862,T5a -> LPi14 -> H2 -> PS047b -> LAL153 -> DNa03
T5a,720575940612786581,DNae002,720575940620380449,5,28,1779,T5a -> LPi14 -> H2 -> DCH -> LPT22 -> DNae002
T5a,720575940612786581,DNb03,720575940611016910,3,28,1303,T5a -> LPi14 -> H2 -> DNb03
T5a,720575940612786581,DNb03,720575940627997050,3,28,1299,T5a -> LPi14 -> H2 -> DNb03
T5a,720575940612786581,DNp15,720575940623431351,3,28,1278,T5a -> LPi14 -> H2 -> DNp15
T5a,720575940612786581,DNp15,720575940616293855,5,28,1475,T5a -> LPi14 -> H2 -> CB0268 -> PS234 -> DNp15
T5a,720575940612786581,DNa16,720575940632962786,5,28,1417,T5a -> LPi14 -> H2 -> CB0268 -> PS234 -> DNa16
T5a,720575940612786581,DNg41,720575940622037926,3,28,1205,T5a -> LPi14 -> H2 -> DNg41
T5a,720575940622479692,DNa02,720575940629327659,5,32,3736,T5a -> LPi14 -> Am1 -> LPi15 -> HSS -> DNa02
T5a,720575940622479692,DNp18,720575940618440000,5,32,3720,T5a -> LPi14 -> Am1 -> LPi15 -> HSS -> DNp18
T5a,720575940622479692,DNg41,720575940636329579,5,32,3719,T5a -> LPi14 -> Am1 -> LPi15 -> HSS -> DNg41
T5a,720575940622479692,DNp15,720575940616293855,5,32,3539,T5a -> LPi14 -> Am1 -> LPi15 -> HSE -> DNp15
T5a,720575940622479692,DNp15,720575940616293855,5,32,3342,T5a -> LPi14 -> Am1 -> LPi15 -> HSN -> DNp15
T5a,720575940622479692,DNa02,720575940629327659,5,29,3219,T5a -> LPi14 -> Am1 -> LPi15 -> HSN -> DNa02
T5a,720575940622479692,DNp26,720575940619432261,5,32,3266,T5a -> LPi14 -> Am1 -> LPi15 -> LPT26 -> DNp26
T5a,720575940622479692,DNae002,720575940627139530,5,32,2131,T5a -> LPi14 -> Am1 -> VCH -> LPT22 -> DNae002
T5a,720575940622479692,DNb03,720575940627997050,5,32,2027,T5a -> LPi14 -> Am1 -> VCH -> Nod5 -> DNb03
T5a,720575940622479692,DNb03,720575940611016910,5,32,2020,T5a -> LPi14 -> Am1 -> VCH -> Nod5 -> DNb03
T5a,720575940626592284,DNa02,720575940629327659,5,36,3740,T5a -> LPi14 -> Am1 -> LPi15 -> HSS -> DNa02
T5a,720575940626592284,DNp18,720575940618440000,5,36,3724,T5a -> LPi14 -> Am1 -> LPi15 -> HSS -> DNp18
T5a,720575940626592284,DNg41,720575940636329579,5,36,3723,T5a -> LPi14 -> Am1 -> LPi15 -> HSS -> DNg41
T5a,720575940626592284,DNp15,720575940616293855,5,36,3543,T5a -> LPi14 -> Am1 -> LPi15 -> HSE -> DNp15
T5a,720575940626592284,DNp15,720575940616293855,5,36,3346,T5a -> LPi14 -> Am1 -> LPi15 -> HSN -> DNp15
T5a,720575940626592284,DNa02,720575940629327659,5,29,3223,T5a -> LPi14 -> Am1 -> LPi15 -> HSN -> DNa02
T5a,720575940626592284,DNp26,720575940619432261,5,36,3270,T5a -> LPi14 -> Am1 -> LPi15 -> LPT26 -> DNp26
T5a,720575940626592284,DNae002,720575940627139530,5,36,2135,T5a -> LPi14 -> Am1 -> VCH -> LPT22 -> DNae002
T5a,720575940626592284,DNb03,720575940627997050,5,36,2031,T5a -> LPi14 -> Am1 -> VCH -> Nod5 -> DNb03
T5a,720575940626592284,DNb03,720575940611016910,5,36,2024,T5a -> LPi14 -> Am1 -> VCH -> Nod5 -> DNb03
T5a,720575940610730082,DNp15,720575940623431351,5,41,4421,T5a -> LPi14 -> Am1 -> LPi15 -> HSE -> DNp15
T5a,720575940610730082,DNp15,720575940623431351,5,41,4357,T5a -> LPi14 -> Am1 -> LPi15 -> HSN -> DNp15
T5a,720575940610730082,DNp18,720575940627949589,5,41,4264,T5a -> LPi14 -> Am1 -> LPi15 -> HSN -> DNp18
T5a,720575940610730082,DNae002,720575940620380449,5,41,4256,T5a -> LPi14 -> Am1 -> LPi15 -> HSN -> DNae002
T5a,720575940610730082,DNae010,720575940630868281,5,41,4252,T5a -> LPi14 -> Am1 -> LPi15 -> HSN -> DNae010
T5a,720575940610730082,DNp26,720575940627732361,5,41,4152,T5a -> LPi14 -> Am1 -> LPi15 -> LPT26 -> DNp26
T5a,720575940610730082,DNae002,720575940620380449,5,41,2774,T5a -> LPi14 -> Am1 -> DCH -> LPT22 -> DNae002
T5a,720575940610730082,DNae002,720575940620380449,5,41,2454,T5a -> LPi14 -> Am1 -> VCH -> LPT22 -> DNae002
T5a,720575940610730082,DNp31,720575940632189900,5,41,2133,T5a -> LPi14 -> Am1 -> LPT23 -> vCal1 -> DNp31
T5a,720575940610730082,DNp31,720575940628132745,5,41,2012,T5a -> LPi14 -> Am1 -> LPT23 -> vCal1 -> DNp31
T5a,720575940643614408,DNp15,720575940623431351,5,23,4403,T5a -> LPi14 -> Am1 -> LPi15 -> HSE -> DNp15
T5a,720575940643614408,DNp15,720575940623431351,5,23,4339,T5a -> LPi14 -> Am1 -> LPi15 -> HSN -> DNp15
T5a,720575940643614408,DNp18,720575940627949589,5,23,4246,T5a -> LPi14 -> Am1 -> LPi15 -> HSN -> DNp18
T5a,720575940643614408,DNae002,720575940620380449,5,23,4238,T5a -> LPi14 -> Am1 -> LPi15 -> HSN -> DNae002
T5a,720575940643614408,DNae010,720575940630868281,5,23,4234,T5a -> LPi14 -> Am1 -> LPi15 -> HSN -> DNae010
T5a,720575940643614408,DNp26,720575940627732361,5,23,4134,T5a -> LPi14 -> Am1 -> LPi15 -> LPT26 -> DNp26
T5a,720575940643614408,DNae002,720575940620380449,5,23,2756,T5a -> LPi14 -> Am1 -> DCH -> LPT22 -> DNae002
T5a,720575940643614408,DNae002,720575940620380449,5,23,2436,T5a -> LPi14 -> Am1 -> VCH -> LPT22 -> DNae002
T5a,720575940643614408,DNp31,720575940632189900,5,23,2115,T5a -> LPi14 -> Am1 -> LPT23 -> vCal1 -> DNp31
T5a,720575940643614408,DNp31,720575940628132745,5,23,1994,T5a -> LPi14 -> Am1 -> LPT23 -> vCal1 -> DNp31
T5a,720575940624609275,DNp15,720575940623431351,5,18,4398,T5a -> LPi14 -> Am1 -> LPi15 -> HSE -> DNp15
T5a,720575940624609275,DNp15,720575940623431351,5,18,4334,T5a -> LPi14 -> Am1 -> LPi15 -> HSN -> DNp15
T5a,720575940624609275,DNp18,720575940627949589,5,18,4241,T5a -> LPi14 -> Am1 -> LPi15 -> HSN -> DNp18
T5a,720575940624609275,DNae002,720575940620380449,5,18,4233,T5a -> LPi14 -> Am1 -> LPi15 -> HSN -> DNae002
T5a,720575940624609275,DNae010,720575940630868281,5,18,4229,T5a -> LPi14 -> Am1 -> LPi15 -> HSN -> DNae010
T5a,720575940624609275,DNp26,720575940627732361,5,18,4129,T5a -> LPi14 -> Am1 -> LPi15 -> LPT26 -> DNp26
T5a,720575940624609275,DNae002,720575940620380449,5,18,2751,T5a -> LPi14 -> Am1 -> DCH -> LPT22 -> DNae002
T5a,720575940624609275,DNae002,720575940620380449,5,18,2431,T5a -> LPi14 -> Am1 -> VCH -> LPT22 -> DNae002
T5a,720575940624609275,DNp31,720575940632189900,5,18,2110,T5a -> LPi14 -> Am1 -> LPT23 -> vCal1 -> DNp31
T5a,720575940624609275,DNp31,720575940628132745,5,18,1989,T5a -> LPi14 -> Am1 -> LPT23 -> vCal1 -> DNp31
T5a,720575940639471950,DNp15,720575940623431351,5,37,4549,T5a -> LPi14 -> Am1 -> LPi15 -> HSE -> DNp15
T5a,720575940639471950,DNp15,720575940623431351,5,37,4485,T5a -> LPi14 -> Am1 -> LPi15 -> HSN -> DNp15
T5a,720575940639471950,DNp18,720575940627949589,5,37,4392,T5a -> LPi14 -> Am1 -> LPi15 -> HSN -> DNp18
T5a,720575940639471950,DNae002,720575940620380449,5,37,4384,T5a -> LPi14 -> Am1 -> LPi15 -> HSN -> DNae002
T5a,720575940639471950,DNae010,720575940630868281,5,37,4380,T5a -> LPi14 -> Am1 -> LPi15 -> HSN -> DNae010
T5a,720575940639471950,DNp26,720575940627732361,5,37,4280,T5a -> LPi14 -> Am1 -> LPi15 -> LPT26 -> DNp26
T5a,720575940639471950,DNae002,720575940620380449,5,37,2902,T5a -> LPi14 -> Am1 -> DCH -> LPT22 -> DNae002
T5a,720575940639471950,DNae002,720575940620380449,5,37,2582,T5a -> LPi14 -> Am1 -> VCH -> LPT22 -> DNae002
T5a,720575940639471950,DNp31,720575940632189900,5,37,2261,T5a -> LPi14 -> Am1 -> LPT23 -> vCal1 -> DNp31
T5a,720575940639471950,DNp31,720575940628132745,5,37,2140,T5a -> LPi14 -> Am1 -> LPT23 -> vCal1 -> DNp31
T5a,720575940618040347,DNa02,720575940629327659,5,37,3741,T5a -> LPi14 -> Am1 -> LPi15 -> HSS -> DNa02
T5a,720575940618040347,DNp18,720575940618440000,5,37,3725,T5a -> LPi14 -> Am1 -> LPi15 -> HSS -> DNp18
T5a,720575940618040347,DNg41,720575940636329579,5,37,3724,T5a -> LPi14 -> Am1 -> LPi15 -> HSS -> DNg41
T5a,720575940618040347,DNp15,720575940616293855,5,37,3544,T5a -> LPi14 -> Am1 -> LPi15 -> HSE -> DNp15
T5a,720575940618040347,DNp15,720575940616293855,5,37,3347,T5a -> LPi14 -> Am1 -> LPi15 -> HSN -> DNp15
T5a,720575940618040347,DNa02,720575940629327659,5,29,3224,T5a -> LPi14 -> Am1 -> LPi15 -> HSN -> DNa02
T5a,720575940618040347,DNp26,720575940619432261,5,37,3271,T5a -> LPi14 -> Am1 -> LPi15 -> LPT26 -> DNp26
T5a,720575940618040347,DNae002,720575940627139530,5,37,2136,T5a -> LPi14 -> Am1 -> VCH -> LPT22 -> DNae002
T5a,720575940618040347,DNb03,720575940627997050,5,37,2032,T5a -> LPi14 -> Am1 -> VCH -> Nod5 -> DNb03
T5a,720575940618040347,DNb03,720575940611016910,5,37,2025,T5a -> LPi14 -> Am1 -> VCH -> Nod5 -> DNb03
T5a,720575940640545243,DNp15,720575940623431351,5,22,4402,T5a -> LPi14 -> Am1 -> LPi15 -> HSE -> DNp15
T5a,720575940640545243,DNp15,720575940623431351,5,22,4338,T5a -> LPi14 -> Am1 -> LPi15 -> HSN -> DNp15
T5a,720575940640545243,DNp18,720575940627949589,5,22,4245,T5a -> LPi14 -> Am1 -> LPi15 -> HSN -> DNp18
T5a,720575940640545243,DNae002,720575940620380449,5,22,4237,T5a -> LPi14 -> Am1 -> LPi15 -> HSN -> DNae002
T5a,720575940640545243,DNae010,720575940630868281,5,22,4233,T5a -> LPi14 -> Am1 -> LPi15 -> HSN -> DNae010
T5a,720575940640545243,DNp26,720575940627732361,5,22,4133,T5a -> LPi14 -> Am1 -> LPi15 -> LPT26 -> DNp26
T5a,720575940640545243,DNae002,720575940620380449,5,22,2755,T5a -> LPi14 -> Am1 -> DCH -> LPT22 -> DNae002
T5a,720575940640545243,DNae002,720575940620380449,5,22,2435,T5a -> LPi14 -> Am1 -> VCH -> LPT22 -> DNae002
T5a,720575940640545243,DNp31,720575940632189900,5,22,2114,T5a -> LPi14 -> Am1 -> LPT23 -> vCal1 -> DNp31
T5a,720575940640545243,DNp31,720575940628132745,5,22,1993,T5a -> LPi14 -> Am1 -> LPT23 -> vCal1 -> DNp31
T5a,720575940660318849,DNa02,720575940629327659,5,37,3741,T5a -> LPi14 -> Am1 -> LPi15 -> HSS -> DNa02
T5a,720575940660318849,DNp18,720575940618440000,5,37,3725,T5a -> LPi14 -> Am1 -> LPi15 -> HSS -> DNp18
T5a,720575940660318849,DNg41,720575940636329579,5,37,3724,T5a -> LPi14 -> Am1 -> LPi15 -> HSS -> DNg41
T5a,720575940660318849,DNp15,720575940616293855,5,37,3544,T5a -> LPi14 -> Am1 -> LPi15 -> HSE -> DNp15
T5a,720575940660318849,DNp15,720575940616293855,5,37,3347,T5a -> LPi14 -> Am1 -> LPi15 -> HSN -> DNp15
T5a,720575940660318849,DNa02,720575940629327659,5,29,3224,T5a -> LPi14 -> Am1 -> LPi15 -> HSN -> DNa02
T5a,720575940660318849,DNp26,720575940619432261,5,37,3271,T5a -> LPi14 -> Am1 -> LPi15 -> LPT26 -> DNp26
T5a,720575940660318849,DNae002,720575940627139530,5,37,2136,T5a -> LPi14 -> Am1 -> VCH -> LPT22 -> DNae002
T5a,720575940660318849,DNb03,720575940627997050,5,37,2032,T5a -> LPi14 -> Am1 -> VCH -> Nod5 -> DNb03
T5a,720575940660318849,DNb03,720575940611016910,5,37,2025,T5a -> LPi14 -> Am1 -> VCH -> Nod5 -> DNb03
T5a,720575940627834088,DNp15,720575940623431351,5,22,4402,T5a -> LPi14 -> Am1 -> LPi15 -> HSE -> DNp15
T5a,720575940627834088,DNp15,720575940623431351,5,22,4338,T5a -> LPi14 -> Am1 -> LPi15 -> HSN -> DNp15
T5a,720575940627834088,DNp18,720575940627949589,5,22,4245,T5a -> LPi14 -> Am1 -> LPi15 -> HSN -> DNp18
T5a,720575940627834088,DNae002,720575940620380449,5,22,4237,T5a -> LPi14 -> Am1 -> LPi15 -> HSN -> DNae002
T5a,720575940627834088,DNae010,720575940630868281,5,22,4233,T5a -> LPi14 -> Am1 -> LPi15 -> HSN -> DNae010
T5a,720575940627834088,DNp26,720575940627732361,5,22,4133,T5a -> LPi14 -> Am1 -> LPi15 -> LPT26 -> DNp26
T5a,720575940627834088,DNae002,720575940620380449,5,22,2755,T5a -> LPi14 -> Am1 -> DCH -> LPT22 -> DNae002
T5a,720575940627834088,DNae002,720575940620380449,5,22,2435,T5a -> LPi14 -> Am1 -> VCH -> LPT22 -> DNae002
T5a,720575940627834088,DNp31,720575940632189900,5,22,2114,T5a -> LPi14 -> Am1 -> LPT23 -> vCal1 -> DNp31
T5a,720575940627834088,DNp31,720575940628132745,5,22,1993,T5a -> LPi14 -> Am1 -> LPT23 -> vCal1 -> DNp31
T5a,720575940632651940,DNa02,720575940629327659,5,30,3734,T5a -> LPi14 -> Am1 -> LPi15 -> HSS -> DNa02
T5a,720575940632651940,DNp18,720575940618440000,5,30,3718,T5a -> LPi14 -> Am1 -> LPi15 -> HSS -> DNp18
T5a,720575940632651940,DNg41,720575940636329579,5,30,3717,T5a -> LPi14 -> Am1 -> LPi15 -> HSS -> DNg41
T5a,720575940632651940,DNp15,720575940616293855,5,30,3537,T5a -> LPi14 -> Am1 -> LPi15 -> HSE -> DNp15
T5a,720575940632651940,DNp15,720575940616293855,5,30,3340,T5a -> LPi14 -> Am1 -> LPi15 -> HSN -> DNp15
T5a,720575940632651940,DNa02,720575940629327659,5,29,3217,T5a -> LPi14 -> Am1 -> LPi15 -> HSN -> DNa02
T5a,720575940632651940,DNp26,720575940619432261,5,30,3264,T5a -> LPi14 -> Am1 -> LPi15 -> LPT26 -> DNp26
T5a,720575940632651940,DNae002,720575940627139530,5,30,2129,T5a -> LPi14 -> Am1 -> VCH -> LPT22 -> DNae002
T5a,720575940632651940,DNb03,720575940627997050,5,30,2025,T5a -> LPi14 -> Am1 -> VCH -> Nod5 -> DNb03
T5a,720575940632651940,DNb03,720575940611016910,5,30,2018,T5a -> LPi14 -> Am1 -> VCH -> Nod5 -> DNb03
T5a,720575940626978137,DNp15,720575940623431351,5,25,4405,T5a -> LPi14 -> Am1 -> LPi15 -> HSE -> DNp15
T5a,720575940626978137,DNp15,720575940623431351,5,25,4341,T5a -> LPi14 -> Am1 -> LPi15 -> HSN -> DNp15
T5a,720575940626978137,DNp18,720575940627949589,5,25,4248,T5a -> LPi14 -> Am1 -> LPi15 -> HSN -> DNp18
T5a,720575940626978137,DNae002,720575940620380449,5,25,4240,T5a -> LPi14 -> Am1 -> LPi15 -> HSN -> DNae002
T5a,720575940626978137,DNae010,720575940630868281,5,25,4236,T5a -> LPi14 -> Am1 -> LPi15 -> HSN -> DNae010
T5a,720575940626978137,DNp26,720575940627732361,5,25,4136,T5a -> LPi14 -> Am1 -> LPi15 -> LPT26 -> DNp26
T5a,720575940626978137,DNae002,720575940620380449,5,25,2758,T5a -> LPi14 -> Am1 -> DCH -> LPT22 -> DNae002
T5a,720575940626978137,DNae002,720575940620380449,5,25,2438,T5a -> LPi14 -> Am1 -> VCH -> LPT22 -> DNae002
T5a,720575940626978137,DNp31,720575940632189900,5,25,2117,T5a -> LPi14 -> Am1 -> LPT23 -> vCal1 -> DNp31
T5a,720575940626978137,DNp31,720575940628132745,5,25,1996,T5a -> LPi14 -> Am1 -> LPT23 -> vCal1 -> DNp31
T5a,720575940641346805,DNae002,720575940620380449,5,46,1826,T5a -> LPi14 -> H2 -> VCH -> LPT22 -> DNae002
T5a,720575940641346805,DNa13,720575940637607646,5,46,1914,T5a -> LPi14 -> H2 -> PS047b -> LAL081 -> DNa13
T5a,720575940641346805,DNa03,720575940620918789,5,46,1880,T5a -> LPi14 -> H2 -> PS047b -> LAL153 -> DNa03
T5a,720575940641346805,DNae002,720575940620380449,5,46,1797,T5a -> LPi14 -> H2 -> DCH -> LPT22 -> DNae002
T5a,720575940641346805,DNb03,720575940611016910,3,46,1321,T5a -> LPi14 -> H2 -> DNb03
T5a,720575940641346805,DNb03,720575940627997050,3,46,1317,T5a -> LPi14 -> H2 -> DNb03
T5a,720575940641346805,DNp15,720575940623431351,3,46,1296,T5a -> LPi14 -> H2 -> DNp15
T5a,720575940641346805,DNp15,720575940616293855,5,46,1493,T5a -> LPi14 -> H2 -> CB0268 -> PS234 -> DNp15
T5a,720575940641346805,DNa16,720575940632962786,5,46,1435,T5a -> LPi14 -> H2 -> CB0268 -> PS234 -> DNa16
T5a,720575940641346805,DNg41,720575940622037926,3,46,1223,T5a -> LPi14 -> H2 -> DNg41
T5a,720575940616024866,DNp15,720575940623431351,5,23,4403,T5a -> LPi14 -> Am1 -> LPi15 -> HSE -> DNp15
T5a,720575940616024866,DNp15,720575940623431351,5,23,4339,T5a -> LPi14 -> Am1 -> LPi15 -> HSN -> DNp15
T5a,720575940616024866,DNp18,720575940627949589,5,23,4246,T5a -> LPi14 -> Am1 -> LPi15 -> HSN -> DNp18
T5a,720575940616024866,DNae002,720575940620380449,5,23,4238,T5a -> LPi14 -> Am1 -> LPi15 -> HSN -> DNae002
T5a,720575940616024866,DNae010,720575940630868281,5,23,4234,T5a -> LPi14 -> Am1 -> LPi15 -> HSN -> DNae010
T5a,720575940616024866,DNp26,720575940627732361,5,23,4134,T5a -> LPi14 -> Am1 -> LPi15 -> LPT26 -> DNp26
T5a,720575940616024866,DNae002,720575940620380449,5,23,2756,T5a -> LPi14 -> Am1 -> DCH -> LPT22 -> DNae002
T5a,720575940616024866,DNae002,720575940620380449,5,23,2436,T5a -> LPi14 -> Am1 -> VCH -> LPT22 -> DNae002
T5a,720575940616024866,DNp31,720575940632189900,5,23,2115,T5a -> LPi14 -> Am1 -> LPT23 -> vCal1 -> DNp31
T5a,720575940616024866,DNp31,720575940628132745,5,23,1994,T5a -> LPi14 -> Am1 -> LPT23 -> vCal1 -> DNp31
T5b,720575940617185403,DNp15,720575940623431351,5,42,2715,T5b -> LPi15 -> VCH -> Am1 -> HSN -> DNp15
T5b,720575940617185403,DNp18,720575940627949589,5,42,2622,T5b -> LPi15 -> VCH -> Am1 -> HSN -> DNp18
T5b,720575940617185403,DNae002,720575940620380449,5,42,2614,T5b -> LPi15 -> VCH -> Am1 -> HSN -> DNae002
T5b,720575940617185403,DNae010,720575940630868281,5,42,2610,T5b -> LPi15 -> VCH -> Am1 -> HSN -> DNae010
T5b,720575940617185403,DNae002,720575940620380449,5,42,2009,T5b -> LPi15 -> VCH -> Nod5 -> LPT22 -> DNae002
T5b,720575940617185403,DNp26,720575940619432261,5,42,2328,T5b -> LPi15 -> VCH -> LPT22 -> Nod1 -> DNp26
T5b,720575940617185403,DNp26,720575940619432261,5,42,2331,T5b -> LPi15 -> VCH -> LPT22 -> Nod1 -> DNp26
T5b,720575940617185403,DNae002,720575940620380449,4,42,1884,T5b -> LPi15 -> VCH -> LPT22 -> DNae002
T5b,720575940617185403,DNa13,720575940637607646,5,42,1938,T5b -> LPi15 -> VCH -> LPT22 -> LAL081 -> DNa13
T5b,720575940617185403,DNa16,720575940621519130,5,42,2111,T5b -> LPi15 -> VCH -> LPT22 -> PS013 -> DNa16
T5b,720575940619016408,DNp15,720575940623431351,5,31,2704,T5b -> LPi15 -> VCH -> Am1 -> HSN -> DNp15
T5b,720575940619016408,DNp18,720575940627949589,5,31,2611,T5b -> LPi15 -> VCH -> Am1 -> HSN -> DNp18
T5b,720575940619016408,DNae002,720575940620380449,5,31,2603,T5b -> LPi15 -> VCH -> Am1 -> HSN -> DNae002
T5b,720575940619016408,DNae010,720575940630868281,5,31,2599,T5b -> LPi15 -> VCH -> Am1 -> HSN -> DNae010
T5b,720575940619016408,DNae002,720575940620380449,5,31,1998,T5b -> LPi15 -> VCH -> Nod5 -> LPT22 -> DNae002
T5b,720575940619016408,DNp26,720575940619432261,5,31,2317,T5b -> LPi15 -> VCH -> LPT22 -> Nod1 -> DNp26
T5b,720575940619016408,DNp26,720575940619432261,5,31,2320,T5b -> LPi15 -> VCH -> LPT22 -> Nod1 -> DNp26
T5b,720575940619016408,DNae002,720575940620380449,4,31,1873,T5b -> LPi15 -> VCH -> LPT22 -> DNae002
T5b,720575940619016408,DNa13,720575940637607646,5,31,1927,T5b -> LPi15 -> VCH -> LPT22 -> LAL081 -> DNa13
T5b,720575940619016408,DNa16,720575940621519130,5,31,2100,T5b -> LPi15 -> VCH -> LPT22 -> PS013 -> DNa16
T5b,720575940612354711,DNp15,720575940623431351,5,43,2716,T5b -> LPi15 -> VCH -> Am1 -> HSN -> DNp15
T5b,720575940612354711,DNp18,720575940627949589,5,43,2623,T5b -> LPi15 -> VCH -> Am1 -> HSN -> DNp18
T5b,720575940612354711,DNae002,720575940620380449,5,43,2615,T5b -> LPi15 -> VCH -> Am1 -> HSN -> DNae002
T5b,720575940612354711,DNae010,720575940630868281,5,42,2611,T5b -> LPi15 -> VCH -> Am1 -> HSN -> DNae010
T5b,720575940612354711,DNae002,720575940620380449,5,43,2010,T5b -> LPi15 -> VCH -> Nod5 -> LPT22 -> DNae002
T5b,720575940612354711,DNp26,720575940619432261,5,43,2329,T5b -> LPi15 -> VCH -> LPT22 -> Nod1 -> DNp26
T5b,720575940612354711,DNp26,720575940619432261,5,43,2332,T5b -> LPi15 -> VCH -> LPT22 -> Nod1 -> DNp26
T5b,720575940612354711,DNae002,720575940620380449,4,43,1885,T5b -> LPi15 -> VCH -> LPT22 -> DNae002
T5b,720575940612354711,DNa13,720575940637607646,5,43,1939,T5b -> LPi15 -> VCH -> LPT22 -> LAL081 -> DNa13
T5b,720575940612354711,DNa16,720575940621519130,5,43,2112,T5b -> LPi15 -> VCH -> LPT22 -> PS013 -> DNa16
T5b,720575940639410254,DNb03,720575940611016910,5,24,2490,T5b -> LPi15 -> VCH -> Am1 -> H2 -> DNb03
T5b,720575940639410254,DNb03,720575940627997050,5,24,2486,T5b -> LPi15 -> VCH -> Am1 -> H2 -> DNb03
T5b,720575940639410254,DNp15,720575940623431351,5,24,2465,T5b -> LPi15 -> VCH -> Am1 -> H2 -> DNp15
T5b,720575940639410254,DNg41,720575940622037926,5,24,2392,T5b -> LPi15 -> VCH -> Am1 -> H2 -> DNg41
T5b,720575940639410254,DNg41,720575940636329579,5,24,2458,T5b -> LPi15 -> VCH -> Am1 -> LPT04_HST -> DNg41
T5b,720575940639410254,DNb03,720575940634163682,5,24,2378,T5b -> LPi15 -> VCH -> Am1 -> LPT04_HST -> DNb03
T5b,720575940639410254,DNp26,720575940627732361,5,24,2019,T5b -> LPi15 -> VCH -> LPT22 -> Nod1 -> DNp26
T5b,720575940639410254,DNp26,720575940627732361,5,24,1996,T5b -> LPi15 -> VCH -> LPT22 -> Nod1 -> DNp26
T5b,720575940639410254,DNa13,720575940616286175,5,24,1839,T5b -> LPi15 -> VCH -> LPT22 -> LAL081 -> DNa13
T5b,720575940639410254,DNa02,720575940629327659,5,24,1808,T5b -> LPi15 -> VCH -> LPT22 -> LAL081 -> DNa02
T5b,720575940613014550,DNb03,720575940611016910,5,36,2502,T5b -> LPi15 -> VCH -> Am1 -> H2 -> DNb03
T5b,720575940613014550,DNb03,720575940627997050,5,36,2498,T5b -> LPi15 -> VCH -> Am1 -> H2 -> DNb03
T5b,720575940613014550,DNp15,720575940623431351,5,36,2477,T5b -> LPi15 -> VCH -> Am1 -> H2 -> DNp15
T5b,720575940613014550,DNg41,720575940622037926,5,36,2404,T5b -> LPi15 -> VCH -> Am1 -> H2 -> DNg41
T5b,720575940613014550,DNg41,720575940636329579,5,36,2470,T5b -> LPi15 -> VCH -> Am1 -> LPT04_HST -> DNg41
T5b,720575940613014550,DNb03,720575940634163682,5,36,2390,T5b -> LPi15 -> VCH -> Am1 -> LPT04_HST -> DNb03
T5b,720575940613014550,DNp26,720575940627732361,5,36,2031,T5b -> LPi15 -> VCH -> LPT22 -> Nod1 -> DNp26
T5b,720575940613014550,DNp26,720575940627732361,5,36,2008,T5b -> LPi15 -> VCH -> LPT22 -> Nod1 -> DNp26
T5b,720575940613014550,DNa13,720575940616286175,5,36,1851,T5b -> LPi15 -> VCH -> LPT22 -> LAL081 -> DNa13
T5b,720575940613014550,DNa02,720575940629327659,5,36,1820,T5b -> LPi15 -> VCH -> LPT22 -> LAL081 -> DNa02
T5b,720575940635292351,DNb03,720575940611016910,5,49,2515,T5b -> LPi15 -> VCH -> Am1 -> H2 -> DNb03
T5b,720575940635292351,DNb03,720575940627997050,5,49,2511,T5b -> LPi15 -> VCH -> Am1 -> H2 -> DNb03
T5b,720575940635292351,DNp15,720575940623431351,5,49,2490,T5b -> LPi15 -> VCH -> Am1 -> H2 -> DNp15
T5b,720575940635292351,DNg41,720575940622037926,5,49,2417,T5b -> LPi15 -> VCH -> Am1 -> H2 -> DNg41
T5b,720575940635292351,DNg41,720575940636329579,5,49,2483,T5b -> LPi15 -> VCH -> Am1 -> LPT04_HST -> DNg41
T5b,720575940635292351,DNb03,720575940634163682,5,49,2403,T5b -> LPi15 -> VCH -> Am1 -> LPT04_HST -> DNb03
T5b,720575940635292351,DNp26,720575940627732361,5,49,2044,T5b -> LPi15 -> VCH -> LPT22 -> Nod1 -> DNp26
T5b,720575940635292351,DNp26,720575940627732361,5,49,2021,T5b -> LPi15 -> VCH -> LPT22 -> Nod1 -> DNp26
T5b,720575940635292351,DNa13,720575940616286175,5,49,1864,T5b -> LPi15 -> VCH -> LPT22 -> LAL081 -> DNa13
T5b,720575940635292351,DNa02,720575940629327659,5,49,1833,T5b -> LPi15 -> VCH -> LPT22 -> LAL081 -> DNa02
T5b,720575940619738759,DNb03,720575940611016910,5,32,2498,T5b -> LPi15 -> VCH -> Am1 -> H2 -> DNb03
T5b,720575940619738759,DNb03,720575940627997050,5,32,2494,T5b -> LPi15 -> VCH -> Am1 -> H2 -> DNb03
T5b,720575940619738759,DNp15,720575940623431351,5,32,2473,T5b -> LPi15 -> VCH -> Am1 -> H2 -> DNp15
T5b,720575940619738759,DNg41,720575940622037926,5,32,2400,T5b -> LPi15 -> VCH -> Am1 -> H2 -> DNg41
T5b,720575940619738759,DNg41,720575940636329579,5,32,2466,T5b -> LPi15 -> VCH -> Am1 -> LPT04_HST -> DNg41
T5b,720575940619738759,DNb03,720575940634163682,5,32,2386,T5b -> LPi15 -> VCH -> Am1 -> LPT04_HST -> DNb03
T5b,720575940619738759,DNp26,720575940627732361,5,32,2027,T5b -> LPi15 -> VCH -> LPT22 -> Nod1 -> DNp26
T5b,720575940619738759,DNp26,720575940627732361,5,32,2004,T5b -> LPi15 -> VCH -> LPT22 -> Nod1 -> DNp26
T5b,720575940619738759,DNa13,720575940616286175,5,32,1847,T5b -> LPi15 -> VCH -> LPT22 -> LAL081 -> DNa13
T5b,720575940619738759,DNa02,720575940629327659,5,32,1816,T5b -> LPi15 -> VCH -> LPT22 -> LAL081 -> DNa02
T5b,720575940631383594,DNb03,720575940611016910,5,27,2493,T5b -> LPi15 -> VCH -> Am1 -> H2 -> DNb03
T5b,720575940631383594,DNb03,720575940627997050,5,27,2489,T5b -> LPi15 -> VCH -> Am1 -> H2 -> DNb03
T5b,720575940631383594,DNp15,720575940623431351,5,27,2468,T5b -> LPi15 -> VCH -> Am1 -> H2 -> DNp15
T5b,720575940631383594,DNg41,720575940622037926,5,27,2395,T5b -> LPi15 -> VCH -> Am1 -> H2 -> DNg41
T5b,720575940631383594,DNg41,720575940636329579,5,27,2461,T5b -> LPi15 -> VCH -> Am1 -> LPT04_HST -> DNg41
T5b,720575940631383594,DNb03,720575940634163682,5,27,2381,T5b -> LPi15 -> VCH -> Am1 -> LPT04_HST -> DNb03
T5b,720575940631383594,DNp26,720575940627732361,5,27,2022,T5b -> LPi15 -> VCH -> LPT22 -> Nod1 -> DNp26
T5b,720575940631383594,DNp26,720575940627732361,5,27,1999,T5b -> LPi15 -> VCH -> LPT22 -> Nod1 -> DNp26
T5b,720575940631383594,DNa13,720575940616286175,5,27,1842,T5b -> LPi15 -> VCH -> LPT22 -> LAL081 -> DNa13
T5b,720575940631383594,DNa02,720575940629327659,5,27,1811,T5b -> LPi15 -> VCH -> LPT22 -> LAL081 -> DNa02
T5b,720575940649847161,DNb03,720575940611016910,5,46,2512,T5b -> LPi15 -> VCH -> Am1 -> H2 -> DNb03
T5b,720575940649847161,DNb03,720575940627997050,5,46,2508,T5b -> LPi15 -> VCH -> Am1 -> H2 -> DNb03
T5b,720575940649847161,DNp15,720575940623431351,5,46,2487,T5b -> LPi15 -> VCH -> Am1 -> H2 -> DNp15
T5b,720575940649847161,DNg41,720575940622037926,5,46,2414,T5b -> LPi15 -> VCH -> Am1 -> H2 -> DNg41
T5b,720575940649847161,DNg41,720575940636329579,5,46,2480,T5b -> LPi15 -> VCH -> Am1 -> LPT04_HST -> DNg41
T5b,720575940649847161,DNb03,720575940634163682,5,46,2400,T5b -> LPi15 -> VCH -> Am1 -> LPT04_HST -> DNb03
T5b,720575940649847161,DNp26,720575940627732361,5,46,2041,T5b -> LPi15 -> VCH -> LPT22 -> Nod1 -> DNp26
T5b,720575940649847161,DNp26,720575940627732361,5,46,2018,T5b -> LPi15 -> VCH -> LPT22 -> Nod1 -> DNp26
T5b,720575940649847161,DNa13,720575940616286175,5,46,1861,T5b -> LPi15 -> VCH -> LPT22 -> LAL081 -> DNa13
T5b,720575940649847161,DNa02,720575940629327659,5,46,1830,T5b -> LPi15 -> VCH -> LPT22 -> LAL081 -> DNa02
T5b,720575940639991029,DNb03,720575940611016910,5,43,2509,T5b -> LPi15 -> VCH -> Am1 -> H2 -> DNb03
T5b,720575940639991029,DNb03,720575940627997050,5,43,2505,T5b -> LPi15 -> VCH -> Am1 -> H2 -> DNb03
T5b,720575940639991029,DNp15,720575940623431351,5,43,2484,T5b -> LPi15 -> VCH -> Am1 -> H2 -> DNp15
T5b,720575940639991029,DNg41,720575940622037926,5,43,2411,T5b -> LPi15 -> VCH -> Am1 -> H2 -> DNg41
T5b,720575940639991029,DNg41,720575940636329579,5,43,2477,T5b -> LPi15 -> VCH -> Am1 -> LPT04_HST -> DNg41
T5b,720575940639991029,DNb03,720575940634163682,5,43,2397,T5b -> LPi15 -> VCH -> Am1 -> LPT04_HST -> DNb03
T5b,720575940639991029,DNp26,720575940627732361,5,43,2038,T5b -> LPi15 -> VCH -> LPT22 -> Nod1 -> DNp26
T5b,720575940639991029,DNp26,720575940627732361,5,43,2015,T5b -> LPi15 -> VCH -> LPT22 -> Nod1 -> DNp26
T5b,720575940639991029,DNa13,720575940616286175,5,43,1858,T5b -> LPi15 -> VCH -> LPT22 -> LAL081 -> DNa13
T5b,720575940639991029,DNa02,720575940629327659,5,43,1827,T5b -> LPi15 -> VCH -> LPT22 -> LAL081 -> DNa02
T5b,720575940622715319,DNae002,720575940627139530,5,6,2968,T5b -> Am1 -> LPi15 -> VCH -> LPT22 -> DNae002
T5b,720575940622715319,DNb03,720575940627997050,5,6,2864,T5b -> Am1 -> LPi15 -> VCH -> Nod5 -> DNb03
T5b,720575940622715319,DNb03,720575940611016910,5,6,2857,T5b -> Am1 -> LPi15 -> VCH -> Nod5 -> DNb03
T5b,720575940622715319,DNg41,720575940622037926,5,6,2614,T5b -> Am1 -> LPi15 -> HSS -> CB0268 -> DNg41
T5b,720575940622715319,DNp15,720575940623431351,5,6,2612,T5b -> Am1 -> LPi15 -> HSS -> CB0268 -> DNp15
T5b,720575940622715319,DNa02,720575940629327659,4,6,2478,T5b -> Am1 -> LPi15 -> HSS -> DNa02
T5b,720575940622715319,DNp18,720575940618440000,4,6,2462,T5b -> Am1 -> LPi15 -> HSS -> DNp18
T5b,720575940622715319,DNg41,720575940636329579,4,6,2461,T5b -> Am1 -> LPi15 -> HSS -> DNg41
T5b,720575940622715319,DNa16,720575940632962786,5,6,2739,T5b -> Am1 -> LPi15 -> HSS -> PS013 -> DNa16
T5b,720575940622715319,DNa02,720575940629327659,5,6,2668,T5b -> Am1 -> LPi15 -> HSS -> PS013 -> DNa02
T5b,720575940619068436,DNae002,720575940627139530,5,19,2981,T5b -> Am1 -> LPi15 -> VCH -> LPT22 -> DNae002
T5b,720575940619068436,DNb03,720575940627997050,5,19,2877,T5b -> Am1 -> LPi15 -> VCH -> Nod5 -> DNb03
T5b,720575940619068436,DNb03,720575940611016910,5,19,2870,T5b -> Am1 -> LPi15 -> VCH -> Nod5 -> DNb03
T5b,720575940619068436,DNg41,720575940622037926,5,19,2627,T5b -> Am1 -> LPi15 -> HSS -> CB0268 -> DNg41
T5b,720575940619068436,DNp15,720575940623431351,5,19,2625,T5b -> Am1 -> LPi15 -> HSS -> CB0268 -> DNp15
T5b,720575940619068436,DNa02,720575940629327659,4,19,2491,T5b -> Am1 -> LPi15 -> HSS -> DNa02
T5b,720575940619068436,DNp18,720575940618440000,4,19,2475,T5b -> Am1 -> LPi15 -> HSS -> DNp18
T5b,720575940619068436,DNg41,720575940636329579,4,19,2474,T5b -> Am1 -> LPi15 -> HSS -> DNg41
T5b,720575940619068436,DNa16,720575940632962786,5,19,2752,T5b -> Am1 -> LPi15 -> HSS -> PS013 -> DNa16
T5b,720575940619068436,DNa02,720575940629327659,5,19,2681,T5b -> Am1 -> LPi15 -> HSS -> PS013 -> DNa02
T5b,720575940614677702,DNb03,720575940611016910,5,28,2494,T5b -> LPi15 -> VCH -> Am1 -> H2 -> DNb03
T5b,720575940614677702,DNb03,720575940627997050,5,28,2490,T5b -> LPi15 -> VCH -> Am1 -> H2 -> DNb03
T5b,720575940614677702,DNp15,720575940623431351,5,28,2469,T5b -> LPi15 -> VCH -> Am1 -> H2 -> DNp15
T5b,720575940614677702,DNg41,720575940622037926,5,28,2396,T5b -> LPi15 -> VCH -> Am1 -> H2 -> DNg41
T5b,720575940614677702,DNg41,720575940636329579,5,28,2462,T5b -> LPi15 -> VCH -> Am1 -> LPT04_HST -> DNg41
T5b,720575940614677702,DNb03,720575940634163682,5,28,2382,T5b -> LPi15 -> VCH -> Am1 -> LPT04_HST -> DNb03
T5b,720575940614677702,DNp26,720575940627732361,5,28,2023,T5b -> LPi15 -> VCH -> LPT22 -> Nod1 -> DNp26
T5b,720575940614677702,DNp26,720575940627732361,5,28,2000,T5b -> LPi15 -> VCH -> LPT22 -> Nod1 -> DNp26
T5b,720575940614677702,DNa13,720575940616286175,5,28,1843,T5b -> LPi15 -> VCH -> LPT22 -> LAL081 -> DNa13
T5b,720575940614677702,DNa02,720575940629327659,5,28,1812,T5b -> LPi15 -> VCH -> LPT22 -> LAL081 -> DNa02
T5b,720575940617586210,DNp15,720575940623431351,5,46,2719,T5b -> LPi15 -> VCH -> Am1 -> HSN -> DNp15
T5b,720575940617586210,DNp18,720575940627949589,5,46,2626,T5b -> LPi15 -> VCH -> Am1 -> HSN -> DNp18
T5b,720575940617586210,DNae002,720575940620380449,5,46,2618,T5b -> LPi15 -> VCH -> Am1 -> HSN -> DNae002
T5b,720575940617586210,DNae010,720575940630868281,5,42,2614,T5b -> LPi15 -> VCH -> Am1 -> HSN -> DNae010
T5b,720575940617586210,DNae002,720575940620380449,5,46,2013,T5b -> LPi15 -> VCH -> Nod5 -> LPT22 -> DNae002
T5b,720575940617586210,DNp26,720575940619432261,5,46,2332,T5b -> LPi15 -> VCH -> LPT22 -> Nod1 -> DNp26
T5b,720575940617586210,DNp26,720575940619432261,5,46,2335,T5b -> LPi15 -> VCH -> LPT22 -> Nod1 -> DNp26
T5b,720575940617586210,DNae002,720575940620380449,4,46,1888,T5b -> LPi15 -> VCH -> LPT22 -> DNae002
T5b,720575940617586210,DNa13,720575940637607646,5,46,1942,T5b -> LPi15 -> VCH -> LPT22 -> LAL081 -> DNa13
T5b,720575940617586210,DNa16,720575940621519130,5,46,2115,T5b -> LPi15 -> VCH -> LPT22 -> PS013 -> DNa16
T5b,720575940616141324,DNb03,720575940611016910,5,40,2506,T5b -> LPi15 -> VCH -> Am1 -> H2 -> DNb03
T5b,720575940616141324,DNb03,720575940627997050,5,40,2502,T5b -> LPi15 -> VCH -> Am1 -> H2 -> DNb03
T5b,720575940616141324,DNp15,720575940623431351,5,40,2481,T5b -> LPi15 -> VCH -> Am1 -> H2 -> DNp15
T5b,720575940616141324,DNg41,720575940622037926,5,40,2408,T5b -> LPi15 -> VCH -> Am1 -> H2 -> DNg41
T5b,720575940616141324,DNg41,720575940636329579,5,40,2474,T5b -> LPi15 -> VCH -> Am1 -> LPT04_HST -> DNg41
T5b,720575940616141324,DNb03,720575940634163682,5,40,2394,T5b -> LPi15 -> VCH -> Am1 -> LPT04_HST -> DNb03
T5b,720575940616141324,DNp26,720575940627732361,5,40,2035,T5b -> LPi15 -> VCH -> LPT22 -> Nod1 -> DNp26
T5b,720575940616141324,DNp26,720575940627732361,5,40,2012,T5b -> LPi15 -> VCH -> LPT22 -> Nod1 -> DNp26
T5b,720575940616141324,DNa13,720575940616286175,5,40,1855,T5b -> LPi15 -> VCH -> LPT22 -> LAL081 -> DNa13
T5b,720575940616141324,DNa02,720575940629327659,5,40,1824,T5b -> LPi15 -> VCH -> LPT22 -> LAL081 -> DNa02
T5b,720575940602140862,DNp15,720575940623431351,5,18,2691,T5b -> LPi15 -> VCH -> Am1 -> HSN -> DNp15
T5b,720575940602140862,DNp18,720575940627949589,5,18,2598,T5b -> LPi15 -> VCH -> Am1 -> HSN -> DNp18
T5b,720575940602140862,DNae002,720575940620380449,5,18,2590,T5b -> LPi15 -> VCH -> Am1 -> HSN -> DNae002
T5b,720575940602140862,DNae010,720575940630868281,5,18,2586,T5b -> LPi15 -> VCH -> Am1 -> HSN -> DNae010
T5b,720575940602140862,DNae002,720575940620380449,5,18,1985,T5b -> LPi15 -> VCH -> Nod5 -> LPT22 -> DNae002
T5b,720575940602140862,DNp26,720575940619432261,5,18,2304,T5b -> LPi15 -> VCH -> LPT22 -> Nod1 -> DNp26
T5b,720575940602140862,DNp26,720575940619432261,5,18,2307,T5b -> LPi15 -> VCH -> LPT22 -> Nod1 -> DNp26
T5b,720575940602140862,DNae002,720575940620380449,4,18,1860,T5b -> LPi15 -> VCH -> LPT22 -> DNae002
T5b,720575940602140862,DNa13,720575940637607646,5,18,1914,T5b -> LPi15 -> VCH -> LPT22 -> LAL081 -> DNa13
T5b,720575940602140862,DNa16,720575940621519130,5,18,2087,T5b -> LPi15 -> VCH -> LPT22 -> PS013 -> DNa16
T5b,720575940635214437,DNb03,720575940611016910,5,34,2500,T5b -> LPi15 -> VCH -> Am1 -> H2 -> DNb03
T5b,720575940635214437,DNb03,720575940627997050,5,34,2496,T5b -> LPi15 -> VCH -> Am1 -> H2 -> DNb03
T5b,720575940635214437,DNp15,720575940623431351,5,34,2475,T5b -> LPi15 -> VCH -> Am1 -> H2 -> DNp15
T5b,720575940635214437,DNg41,720575940622037926,5,34,2402,T5b -> LPi15 -> VCH -> Am1 -> H2 -> DNg41
T5b,720575940635214437,DNg41,720575940636329579,5,34,2468,T5b -> LPi15 -> VCH -> Am1 -> LPT04_HST -> DNg41
T5b,720575940635214437,DNb03,720575940634163682,5,34,2388,T5b -> LPi15 -> VCH -> Am1 -> LPT04_HST -> DNb03
T5b,720575940635214437,DNp26,720575940627732361,5,34,2029,T5b -> LPi15 -> VCH -> LPT22 -> Nod1 -> DNp26
T5b,720575940635214437,DNp26,720575940627732361,5,34,2006,T5b -> LPi15 -> VCH -> LPT22 -> Nod1 -> DNp26
T5b,720575940635214437,DNa13,720575940616286175,5,34,1849,T5b -> LPi15 -> VCH -> LPT22 -> LAL081 -> DNa13
T5b,720575940635214437,DNa02,720575940629327659,5,34,1818,T5b -> LPi15 -> VCH -> LPT22 -> LAL081 -> DNa02
T5b,720575940609494485,DNb03,720575940611016910,5,45,2511,T5b -> LPi15 -> VCH -> Am1 -> H2 -> DNb03
T5b,720575940609494485,DNb03,720575940627997050,5,45,2507,T5b -> LPi15 -> VCH -> Am1 -> H2 -> DNb03
T5b,720575940609494485,DNp15,720575940623431351,5,45,2486,T5b -> LPi15 -> VCH -> Am1 -> H2 -> DNp15
T5b,720575940609494485,DNg41,720575940622037926,5,45,2413,T5b -> LPi15 -> VCH -> Am1 -> H2 -> DNg41
T5b,720575940609494485,DNg41,720575940636329579,5,45,2479,T5b -> LPi15 -> VCH -> Am1 -> LPT04_HST -> DNg41
T5b,720575940609494485,DNb03,720575940634163682,5,45,2399,T5b -> LPi15 -> VCH -> Am1 -> LPT04_HST -> DNb03
T5b,720575940609494485,DNp26,720575940627732361,5,45,2040,T5b -> LPi15 -> VCH -> LPT22 -> Nod1 -> DNp26
T5b,720575940609494485,DNp26,720575940627732361,5,45,2017,T5b -> LPi15 -> VCH -> LPT22 -> Nod1 -> DNp26
T5b,720575940609494485,DNa13,720575940616286175,5,45,1860,T5b -> LPi15 -> VCH -> LPT22 -> LAL081 -> DNa13
T5b,720575940609494485,DNa02,720575940629327659,5,45,1829,T5b -> LPi15 -> VCH -> LPT22 -> LAL081 -> DNa02
T5b,720575940638726259,DNb03,720575940611016910,5,11,2477,T5b -> LPi15 -> VCH -> Am1 -> H2 -> DNb03
T5b,720575940638726259,DNb03,720575940627997050,5,11,2473,T5b -> LPi15 -> VCH -> Am1 -> H2 -> DNb03
T5b,720575940638726259,DNp15,720575940623431351,5,11,2452,T5b -> LPi15 -> VCH -> Am1 -> H2 -> DNp15
T5b,720575940638726259,DNg41,720575940622037926,5,11,2379,T5b -> LPi15 -> VCH -> Am1 -> H2 -> DNg41
T5b,720575940638726259,DNg41,720575940636329579,5,11,2445,T5b -> LPi15 -> VCH -> Am1 -> LPT04_HST -> DNg41
T5b,720575940638726259,DNb03,720575940634163682,5,11,2365,T5b -> LPi15 -> VCH -> Am1 -> LPT04_HST -> DNb03
T5b,720575940638726259,DNp26,720575940627732361,5,11,2006,T5b -> LPi15 -> VCH -> LPT22 -> Nod1 -> DNp26
T5b,720575940638726259,DNp26,720575940627732361,5,11,1983,T5b -> LPi15 -> VCH -> LPT22 -> Nod1 -> DNp26
T5b,720575940638726259,DNa13,720575940616286175,5,11,1826,T5b -> LPi15 -> VCH -> LPT22 -> LAL081 -> DNa13
T5b,720575940638726259,DNa02,720575940629327659,5,11,1795,T5b -> LPi15 -> VCH -> LPT22 -> LAL081 -> DNa02
T5b,720575940635171695,DNb03,720575940611016910,5,9,1587,T5b -> H2 -> VCH -> Am1 -> H2 -> DNb03
T5b,720575940635171695,DNb03,720575940627997050,5,9,1583,T5b -> H2 -> VCH -> Am1 -> H2 -> DNb03
T5b,720575940635171695,DNp15,720575940623431351,5,9,1562,T5b -> H2 -> VCH -> Am1 -> H2 -> DNp15
T5b,720575940635171695,DNg41,720575940622037926,5,9,1489,T5b -> H2 -> VCH -> Am1 -> H2 -> DNg41
T5b,720575940635171695,DNg41,720575940636329579,5,9,1555,T5b -> H2 -> VCH -> Am1 -> LPT04_HST -> DNg41
T5b,720575940635171695,DNb03,720575940634163682,5,9,1475,T5b -> H2 -> VCH -> Am1 -> LPT04_HST -> DNb03
T5b,720575940635171695,DNp26,720575940627732361,5,9,1116,T5b -> H2 -> VCH -> LPT22 -> Nod1 -> DNp26
T5b,720575940635171695,DNp26,720575940627732361,5,9,1093,T5b -> H2 -> VCH -> LPT22 -> Nod1 -> DNp26
T5b,720575940635171695,DNa13,720575940616286175,5,9,936,T5b -> H2 -> VCH -> LPT22 -> LAL081 -> DNa13
T5b,720575940635171695,DNa02,720575940629327659,5,9,905,T5b -> H2 -> VCH -> LPT22 -> LAL081 -> DNa02
T5b,720575940624169254,DNb03,720575940611016910,5,46,2512,T5b -> LPi15 -> VCH -> Am1 -> H2 -> DNb03
T5b,720575940624169254,DNb03,720575940627997050,5,46,2508,T5b -> LPi15 -> VCH -> Am1 -> H2 -> DNb03
T5b,720575940624169254,DNp15,720575940623431351,5,46,2487,T5b -> LPi15 -> VCH -> Am1 -> H2 -> DNp15
T5b,720575940624169254,DNg41,720575940622037926,5,46,2414,T5b -> LPi15 -> VCH -> Am1 -> H2 -> DNg41
T5b,720575940624169254,DNg41,720575940636329579,5,46,2480,T5b -> LPi15 -> VCH -> Am1 -> LPT04_HST -> DNg41
T5b,720575940624169254,DNb03,720575940634163682,5,46,2400,T5b -> LPi15 -> VCH -> Am1 -> LPT04_HST -> DNb03
T5b,720575940624169254,DNp26,720575940627732361,5,46,2041,T5b -> LPi15 -> VCH -> LPT22 -> Nod1 -> DNp26
T5b,720575940624169254,DNp26,720575940627732361,5,46,2018,T5b -> LPi15 -> VCH -> LPT22 -> Nod1 -> DNp26
T5b,720575940624169254,DNa13,720575940616286175,5,46,1861,T5b -> LPi15 -> VCH -> LPT22 -> LAL081 -> DNa13
T5b,720575940624169254,DNa02,720575940629327659,5,46,1830,T5b -> LPi15 -> VCH -> LPT22 -> LAL081 -> DNa02
T5b,720575940626072250,DNb03,720575940611016910,5,44,2510,T5b -> LPi15 -> VCH -> Am1 -> H2 -> DNb03
T5b,720575940626072250,DNb03,720575940627997050,5,44,2506,T5b -> LPi15 -> VCH -> Am1 -> H2 -> DNb03
T5b,720575940626072250,DNp15,720575940623431351,5,44,2485,T5b -> LPi15 -> VCH -> Am1 -> H2 -> DNp15
T5b,720575940626072250,DNg41,720575940622037926,5,44,2412,T5b -> LPi15 -> VCH -> Am1 -> H2 -> DNg41
T5b,720575940626072250,DNg41,720575940636329579,5,44,2478,T5b -> LPi15 -> VCH -> Am1 -> LPT04_HST -> DNg41
T5b,720575940626072250,DNb03,720575940634163682,5,44,2398,T5b -> LPi15 -> VCH -> Am1 -> LPT04_HST -> DNb03
T5b,720575940626072250,DNp26,720575940627732361,5,44,2039,T5b -> LPi15 -> VCH -> LPT22 -> Nod1 -> DNp26
T5b,720575940626072250,DNp26,720575940627732361,5,44,2016,T5b -> LPi15 -> VCH -> LPT22 -> Nod1 -> DNp26
T5b,720575940626072250,DNa13,720575940616286175,5,44,1859,T5b -> LPi15 -> VCH -> LPT22 -> LAL081 -> DNa13
T5b,720575940626072250,DNa02,720575940629327659,5,44,1828,T5b -> LPi15 -> VCH -> LPT22 -> LAL081 -> DNa02
T5b,720575940623551565,DNp15,720575940623431351,5,29,2702,T5b -> LPi15 -> VCH -> Am1 -> HSN -> DNp15
T5b,720575940623551565,DNp18,720575940627949589,5,29,2609,T5b -> LPi15 -> VCH -> Am1 -> HSN -> DNp18
T5b,720575940623551565,DNae002,720575940620380449,5,29,2601,T5b -> LPi15 -> VCH -> Am1 -> HSN -> DNae002
T5b,720575940623551565,DNae010,720575940630868281,5,29,2597,T5b -> LPi15 -> VCH -> Am1 -> HSN -> DNae010
T5b,720575940623551565,DNae002,720575940620380449,5,29,1996,T5b -> LPi15 -> VCH -> Nod5 -> LPT22 -> DNae002
T5b,720575940623551565,DNp26,720575940619432261,5,29,2315,T5b -> LPi15 -> VCH -> LPT22 -> Nod1 -> DNp26
T5b,720575940623551565,DNp26,720575940619432261,5,29,2318,T5b -> LPi15 -> VCH -> LPT22 -> Nod1 -> DNp26
T5b,720575940623551565,DNae002,720575940620380449,4,29,1871,T5b -> LPi15 -> VCH -> LPT22 -> DNae002
T5b,720575940623551565,DNa13,720575940637607646,5,29,1925,T5b -> LPi15 -> VCH -> LPT22 -> LAL081 -> DNa13
T5b,720575940623551565,DNa16,720575940621519130,5,29,2098,T5b -> LPi15 -> VCH -> LPT22 -> PS013 -> DNa16
T5b,720575940635981167,DNp15,720575940623431351,5,38,2711,T5b -> LPi15 -> VCH -> Am1 -> HSN -> DNp15
T5b,720575940635981167,DNp18,720575940627949589,5,38,2618,T5b -> LPi15 -> VCH -> Am1 -> HSN -> DNp18
T5b,720575940635981167,DNae002,720575940620380449,5,38,2610,T5b -> LPi15 -> VCH -> Am1 -> HSN -> DNae002
T5b,720575940635981167,DNae010,720575940630868281,5,38,2606,T5b -> LPi15 -> VCH -> Am1 -> HSN -> DNae010
T5b,720575940635981167,DNae002,720575940620380449,5,38,2005,T5b -> LPi15 -> VCH -> Nod5 -> LPT22 -> DNae002
T5b,720575940635981167,DNp26,720575940619432261,5,38,2324,T5b -> LPi15 -> VCH -> LPT22 -> Nod1 -> DNp26
T5b,720575940635981167,DNp26,720575940619432261,5,38,2327,T5b -> LPi15 -> VCH -> LPT22 -> Nod1 -> DNp26
T5b,720575940635981167,DNae002,720575940620380449,4,38,1880,T5b -> LPi15 -> VCH -> LPT22 -> DNae002
T5b,720575940635981167,DNa13,720575940637607646,5,38,1934,T5b -> LPi15 -> VCH -> LPT22 -> LAL081 -> DNa13
T5b,720575940635981167,DNa16,720575940621519130,5,38,2107,T5b -> LPi15 -> VCH -> LPT22 -> PS013 -> DNa16
T5b,720575940623164307,DNp15,720575940623431351,5,35,2708,T5b -> LPi15 -> VCH -> Am1 -> HSN -> DNp15
T5b,720575940623164307,DNp18,720575940627949589,5,35,2615,T5b -> LPi15 -> VCH -> Am1 -> HSN -> DNp18
T5b,720575940623164307,DNae002,720575940620380449,5,35,2607,T5b -> LPi15 -> VCH -> Am1 -> HSN -> DNae002
T5b,720575940623164307,DNae010,720575940630868281,5,35,2603,T5b -> LPi15 -> VCH -> Am1 -> HSN -> DNae010
T5b,720575940623164307,DNae002,720575940620380449,5,35,2002,T5b -> LPi15 -> VCH -> Nod5 -> LPT22 -> DNae002
T5b,720575940623164307,DNp26,720575940619432261,5,35,2321,T5b -> LPi15 -> VCH -> LPT22 -> Nod1 -> DNp26
T5b,720575940623164307,DNp26,720575940619432261,5,35,2324,T5b -> LPi15 -> VCH -> LPT22 -> Nod1 -> DNp26
T5b,720575940623164307,DNae002,720575940620380449,4,35,1877,T5b -> LPi15 -> VCH -> LPT22 -> DNae002
T5b,720575940623164307,DNa13,720575940637607646,5,35,1931,T5b -> LPi15 -> VCH -> LPT22 -> LAL081 -> DNa13
T5b,720575940623164307,DNa16,720575940621519130,5,35,2104,T5b -> LPi15 -> VCH -> LPT22 -> PS013 -> DNa16
T5b,720575940640940277,DNb03,720575940611016910,5,41,2507,T5b -> LPi15 -> VCH -> Am1 -> H2 -> DNb03
T5b,720575940640940277,DNb03,720575940627997050,5,41,2503,T5b -> LPi15 -> VCH -> Am1 -> H2 -> DNb03
T5b,720575940640940277,DNp15,720575940623431351,5,41,2482,T5b -> LPi15 -> VCH -> Am1 -> H2 -> DNp15
T5b,720575940640940277,DNg41,720575940622037926,5,41,2409,T5b -> LPi15 -> VCH -> Am1 -> H2 -> DNg41
T5b,720575940640940277,DNg41,720575940636329579,5,41,2475,T5b -> LPi15 -> VCH -> Am1 -> LPT04_HST -> DNg41
T5b,720575940640940277,DNb03,720575940634163682,5,41,2395,T5b -> LPi15 -> VCH -> Am1 -> LPT04_HST -> DNb03
T5b,720575940640940277,DNp26,720575940627732361,5,41,2036,T5b -> LPi15 -> VCH -> LPT22 -> Nod1 -> DNp26
T5b,720575940640940277,DNp26,720575940627732361,5,41,2013,T5b -> LPi15 -> VCH -> LPT22 -> Nod1 -> DNp26
T5b,720575940640940277,DNa13,720575940616286175,5,41,1856,T5b -> LPi15 -> VCH -> LPT22 -> LAL081 -> DNa13
T5b,720575940640940277,DNa02,720575940629327659,5,41,1825,T5b -> LPi15 -> VCH -> LPT22 -> LAL081 -> DNa02
T5b,720575940621915814,DNp15,720575940623431351,5,34,2707,T5b -> LPi15 -> VCH -> Am1 -> HSN -> DNp15
T5b,720575940621915814,DNp18,720575940627949589,5,34,2614,T5b -> LPi15 -> VCH -> Am1 -> HSN -> DNp18
T5b,720575940621915814,DNae002,720575940620380449,5,34,2606,T5b -> LPi15 -> VCH -> Am1 -> HSN -> DNae002
T5b,720575940621915814,DNae010,720575940630868281,5,34,2602,T5b -> LPi15 -> VCH -> Am1 -> HSN -> DNae010
T5b,720575940621915814,DNae002,720575940620380449,5,34,2001,T5b -> LPi15 -> VCH -> Nod5 -> LPT22 -> DNae002
T5b,720575940621915814,DNp26,720575940619432261,5,34,2320,T5b -> LPi15 -> VCH -> LPT22 -> Nod1 -> DNp26
T5b,720575940621915814,DNp26,720575940619432261,5,34,2323,T5b -> LPi15 -> VCH -> LPT22 -> Nod1 -> DNp26
T5b,720575940621915814,DNae002,720575940620380449,4,34,1876,T5b -> LPi15 -> VCH -> LPT22 -> DNae002
T5b,720575940621915814,DNa13,720575940637607646,5,34,1930,T5b -> LPi15 -> VCH -> LPT22 -> LAL081 -> DNa13
T5b,720575940621915814,DNa16,720575940621519130,5,34,2103,T5b -> LPi15 -> VCH -> LPT22 -> PS013 -> DNa16
T5b,720575940640526043,DNb03,720575940611016910,5,24,2490,T5b -> LPi15 -> VCH -> Am1 -> H2 -> DNb03
T5b,720575940640526043,DNb03,720575940627997050,5,24,2486,T5b -> LPi15 -> VCH -> Am1 -> H2 -> DNb03
T5b,720575940640526043,DNp15,720575940623431351,5,24,2465,T5b -> LPi15 -> VCH -> Am1 -> H2 -> DNp15
T5b,720575940640526043,DNg41,720575940622037926,5,24,2392,T5b -> LPi15 -> VCH -> Am1 -> H2 -> DNg41
T5b,720575940640526043,DNg41,720575940636329579,5,24,2458,T5b -> LPi15 -> VCH -> Am1 -> LPT04_HST -> DNg41
T5b,720575940640526043,DNb03,720575940634163682,5,24,2378,T5b -> LPi15 -> VCH -> Am1 -> LPT04_HST -> DNb03
T5b,720575940640526043,DNp26,720575940627732361,5,24,2019,T5b -> LPi15 -> VCH -> LPT22 -> Nod1 -> DNp26
T5b,720575940640526043,DNp26,720575940627732361,5,24,1996,T5b -> LPi15 -> VCH -> LPT22 -> Nod1 -> DNp26
T5b,720575940640526043,DNa13,720575940616286175,5,24,1839,T5b -> LPi15 -> VCH -> LPT22 -> LAL081 -> DNa13
T5b,720575940640526043,DNa02,720575940629327659,5,24,1808,T5b -> LPi15 -> VCH -> LPT22 -> LAL081 -> DNa02
T5b,720575940614621687,DNb03,720575940611016910,5,28,2494,T5b -> LPi15 -> VCH -> Am1 -> H2 -> DNb03
T5b,720575940614621687,DNb03,720575940627997050,5,28,2490,T5b -> LPi15 -> VCH -> Am1 -> H2 -> DNb03
T5b,720575940614621687,DNp15,720575940623431351,5,28,2469,T5b -> LPi15 -> VCH -> Am1 -> H2 -> DNp15
T5b,720575940614621687,DNg41,720575940622037926,5,28,2396,T5b -> LPi15 -> VCH -> Am1 -> H2 -> DNg41
T5b,720575940614621687,DNg41,720575940636329579,5,28,2462,T5b -> LPi15 -> VCH -> Am1 -> LPT04_HST -> DNg41
T5b,720575940614621687,DNb03,720575940634163682,5,28,2382,T5b -> LPi15 -> VCH -> Am1 -> LPT04_HST -> DNb03
T5b,720575940614621687,DNp26,720575940627732361,5,28,2023,T5b -> LPi15 -> VCH -> LPT22 -> Nod1 -> DNp26
T5b,720575940614621687,DNp26,720575940627732361,5,28,2000,T5b -> LPi15 -> VCH -> LPT22 -> Nod1 -> DNp26
T5b,720575940614621687,DNa13,720575940616286175,5,28,1843,T5b -> LPi15 -> VCH -> LPT22 -> LAL081 -> DNa13
T5b,720575940614621687,DNa02,720575940629327659,5,28,1812,T5b -> LPi15 -> VCH -> LPT22 -> LAL081 -> DNa02
T5b,720575940607583939,DNp15,720575940623431351,5,42,2715,T5b -> LPi15 -> VCH -> Am1 -> HSN -> DNp15
T5b,720575940607583939,DNp18,720575940627949589,5,42,2622,T5b -> LPi15 -> VCH -> Am1 -> HSN -> DNp18
T5b,720575940607583939,DNae002,720575940620380449,5,42,2614,T5b -> LPi15 -> VCH -> Am1 -> HSN -> DNae002
T5b,720575940607583939,DNae010,720575940630868281,5,42,2610,T5b -> LPi15 -> VCH -> Am1 -> HSN -> DNae010
T5b,720575940607583939,DNae002,720575940620380449,5,42,2009,T5b -> LPi15 -> VCH -> Nod5 -> LPT22 -> DNae002
T5b,720575940607583939,DNp26,720575940619432261,5,42,2328,T5b -> LPi15 -> VCH -> LPT22 -> Nod1 -> DNp26
T5b,720575940607583939,DNp26,720575940619432261,5,42,2331,T5b -> LPi15 -> VCH -> LPT22 -> Nod1 -> DNp26
T5b,720575940607583939,DNae002,720575940620380449,4,42,1884,T5b -> LPi15 -> VCH -> LPT22 -> DNae002
T5b,720575940607583939,DNa13,720575940637607646,5,42,1938,T5b -> LPi15 -> VCH -> LPT22 -> LAL081 -> DNa13
T5b,720575940607583939,DNa16,720575940621519130,5,42,2111,T5b -> LPi15 -> VCH -> LPT22 -> PS013 -> DNa16
T5c,720575940636240997,DNa10,720575940623468691,5,37,720,T5c -> LPi09 -> LPi13 -> LPT48_vCal3 -> PLP248 -> DNa10
T5c,720575940636240997,DNp31,720575940632189900,4,37,577,T5c -> LPi09 -> LPi13 -> LPT48_vCal3 -> DNp31
T5c,720575940636240997,DNa10,720575940627946261,5,37,602,T5c -> LPi09 -> LPi13 -> LPT48_vCal3 -> PLP248 -> DNa10
T5c,720575940636240997,DNp31,720575940632189900,5,21,465,T5c -> LPi09 -> LPi13 -> LPT48_vCal3 -> PLP103c -> DNp31
T5c,720575940636240997,DNp31,720575940628132745,4,37,442,T5c -> LPi09 -> LPi13 -> LPT48_vCal3 -> DNp31
T5c,720575940636240997,DNp31,720575940632189900,5,37,610,T5c -> LPi09 -> LPi13 -> LPT48_vCal3 -> PS058 -> DNp31
T5c,720575940636240997,DNae002,720575940627139530,5,37,634,T5c -> LPi09 -> LPi13 -> LPT27 -> PLP230 -> DNae002
T5c,720575940636240997,DNae003,720575940634253281,5,37,550,T5c -> LPi09 -> LPi13 -> LPT27 -> PLP230 -> DNae003
T5c,720575940636240997,DNpe019,720575940627620593,5,37,547,T5c -> LPi09 -> LPi13 -> LPT27 -> PLP230 -> DNpe019
T5c,720575940636240997,DNb01,720575940625878160,5,37,519,T5c -> LPi09 -> LPi13 -> LPT27 -> PLP230 -> DNb01
T5c,720575940609351516,DNae002,720575940627139530,4,28,441,T5c -> LPi09 -> LPT27 -> PLP230 -> DNae002
T5c,720575940609351516,DNp26,720575940619432261,5,28,625,T5c -> LPi09 -> LPT27 -> PLP230 -> PLP035 -> DNp26
T5c,720575940609351516,DNbe001,720575940632868051,5,28,595,T5c -> LPi09 -> LPT27 -> PLP230 -> PLP035 -> DNbe001
T5c,720575940609351516,DNae003,720575940634253281,4,28,357,T5c -> LPi09 -> LPT27 -> PLP230 -> DNae003
T5c,720575940609351516,DNpe019,720575940627620593,4,28,354,T5c -> LPi09 -> LPT27 -> PLP230 -> DNpe019
T5c,720575940609351516,DNb01,720575940625878160,4,28,326,T5c -> LPi09 -> LPT27 -> PLP230 -> DNb01
T5c,720575940609351516,DNa09,720575940634140883,4,28,316,T5c -> LPi09 -> LPT27 -> PLP230 -> DNa09
T5c,720575940609351516,DNae010,720575940651341558,5,28,311,T5c -> LPi09 -> LPT27 -> LAL158 -> LAL019 -> DNae010
T5c,720575940609351516,DNa03,720575940620918789,5,28,305,T5c -> LPi09 -> LPT27 -> LAL158 -> LAL019 -> DNa03
T5c,720575940609351516,DNae002,720575940627139530,5,28,295,T5c -> LPi09 -> LPT27 -> LAL158 -> LAL019 -> DNae002
T5c,720575940623041609,DNae002,720575940627139530,4,16,412,T5c -> LPi09 -> LPT27 -> PLP230 -> DNae002
T5c,720575940623041609,DNp26,720575940619432261,5,16,596,T5c -> LPi09 -> LPT27 -> PLP230 -> PLP035 -> DNp26
T5c,720575940623041609,DNbe001,720575940632868051,5,16,566,T5c -> LPi09 -> LPT27 -> PLP230 -> PLP035 -> DNbe001
T5c,720575940623041609,DNae003,720575940634253281,4,16,328,T5c -> LPi09 -> LPT27 -> PLP230 -> DNae003
T5c,720575940623041609,DNpe019,720575940627620593,4,16,325,T5c -> LPi09 -> LPT27 -> PLP230 -> DNpe019
T5c,720575940623041609,DNb01,720575940625878160,4,16,297,T5c -> LPi09 -> LPT27 -> PLP230 -> DNb01
T5c,720575940623041609,DNa09,720575940634140883,4,16,287,T5c -> LPi09 -> LPT27 -> PLP230 -> DNa09
T5c,720575940623041609,DNae010,720575940651341558,5,16,282,T5c -> LPi09 -> LPT27 -> LAL158 -> LAL019 -> DNae010
T5c,720575940623041609,DNa03,720575940620918789,5,16,276,T5c -> LPi09 -> LPT27 -> LAL158 -> LAL019 -> DNa03
T5c,720575940623041609,DNae002,720575940627139530,5,16,266,T5c -> LPi09 -> LPT27 -> LAL158 -> LAL019 -> DNae002
T5c,720575940612916338,DNae002,720575940620380449,4,16,437,T5c -> LPi09 -> LPT27 -> PLP230 -> DNae002
T5c,720575940612916338,DNbe001,720575940632539788,5,16,569,T5c -> LPi09 -> LPT27 -> PLP230 -> PLP035 -> DNbe001
T5c,720575940612916338,DNp26,720575940627732361,5,16,533,T5c -> LPi09 -> LPT27 -> PLP230 -> PLP035 -> DNp26
T5c,720575940612916338,DNb01,720575940630758418,4,16,316,T5c -> LPi09 -> LPT27 -> PLP230 -> DNb01
T5c,720575940612916338,DNpe019,720575940636592302,4,16,314,T5c -> LPi09 -> LPT27 -> PLP230 -> DNpe019
T5c,720575940612916338,DNa09,720575940620711334,4,16,296,T5c -> LPi09 -> LPT27 -> PLP230 -> DNa09
T5c,720575940612916338,DNae003,720575940622204186,4,16,296,T5c -> LPi09 -> LPT27 -> PLP230 -> DNae003
T5c,720575940612916338,DNp51,720575940636651376,4,16,288,T5c -> LPi09 -> LPT27 -> PLP230 -> DNp51
T5c,720575940612916338,DNae002,720575940627139530,5,16,807,T5c -> LPi09 -> LPT27 -> PLP078 -> PLP230 -> DNae002
T5c,720575940612916338,DNae003,720575940634253281,5,16,723,T5c -> LPi09 -> LPT27 -> PLP078 -> PLP230 -> DNae003
T5c,720575940622221606,DNp31,720575940632189900,5,13,1058,T5c -> LPi09 -> LPT45_dCal1 -> LPi13 -> LPT48_vCal3 -> DNp31
T5c,720575940622221606,DNp31,720575940628132745,5,13,923,T5c -> LPi09 -> LPT45_dCal1 -> LPi13 -> LPT48_vCal3 -> DNp31
T5c,720575940622221606,DNa10,720575940627946261,5,13,872,T5c -> LPi09 -> LPT45_dCal1 -> LPi13 -> LPT27 -> DNa10
T5c,720575940622221606,DNp26,720575940627732361,5,13,852,T5c -> LPi09 -> LPT45_dCal1 -> LPi13 -> LPT27 -> DNp26
T5c,720575940622221606,DNp26,720575940619432261,5,13,459,T5c -> LPi09 -> LPT45_dCal1 -> LPi13 -> LPT27 -> DNp26
T5c,720575940622221606,DNa10,720575940623468691,5,13,439,T5c -> LPi09 -> LPT45_dCal1 -> LPi13 -> LPT27 -> DNa10
T5c,720575940622221606,DNp31,720575940628132745,5,13,482,T5c -> LPi09 -> LPT45_dCal1 -> LPi13 -> LPT48_vCal3 -> DNp31
T5c,720575940622221606,DNp31,720575940632189900,5,13,446,T5c -> LPi09 -> LPT45_dCal1 -> LPi13 -> LPT48_vCal3 -> DNp31
T5c,720575940622221606,DNp31,720575940628132745,5,13,384,T5c -> LPi09 -> LPT45_dCal1 -> PLP248 -> PLP020 -> DNp31
T5c,720575940622221606,DNa10,720575940627946261,4,13,227,T5c -> LPi09 -> LPT45_dCal1 -> PLP248 -> DNa10
T5c,720575940640414416,DNae002,720575940620380449,4,27,550,T5c -> LPi09 -> LPT27 -> PLP230 -> DNae002
T5c,720575940640414416,DNbe001,720575940632539788,5,27,682,T5c -> LPi09 -> LPT27 -> PLP230 -> PLP035 -> DNbe001
T5c,720575940640414416,DNp26,720575940627732361,5,27,646,T5c -> LPi09 -> LPT27 -> PLP230 -> PLP035 -> DNp26
T5c,720575940640414416,DNb01,720575940630758418,4,27,429,T5c -> LPi09 -> LPT27 -> PLP230 -> DNb01
T5c,720575940640414416,DNpe019,720575940636592302,4,27,427,T5c -> LPi09 -> LPT27 -> PLP230 -> DNpe019
T5c,720575940640414416,DNa09,720575940620711334,4,27,409,T5c -> LPi09 -> LPT27 -> PLP230 -> DNa09
T5c,720575940640414416,DNae003,720575940622204186,4,27,409,T5c -> LPi09 -> LPT27 -> PLP230 -> DNae003
T5c,720575940640414416,DNp51,720575940636651376,4,27,401,T5c -> LPi09 -> LPT27 -> PLP230 -> DNp51
T5c,720575940640414416,DNae002,720575940627139530,5,27,920,T5c -> LPi09 -> LPT27 -> PLP078 -> PLP230 -> DNae002
T5c,720575940640414416,DNae003,720575940634253281,5,27,836,T5c -> LPi09 -> LPT27 -> PLP078 -> PLP230 -> DNae003
T5c,720575940616905145,DNae002,720575940627139530,4,24,450,T5c -> LPi09 -> LPT27 -> PLP230 -> DNae002
T5c,720575940616905145,DNp26,720575940619432261,5,24,634,T5c -> LPi09 -> LPT27 -> PLP230 -> PLP035 -> DNp26
T5c,720575940616905145,DNbe001,720575940632868051,5,24,604,T5c -> LPi09 -> LPT27 -> PLP230 -> PLP035 -> DNbe001
T5c,720575940616905145,DNae003,720575940634253281,4,24,366,T5c -> LPi09 -> LPT27 -> PLP230 -> DNae003
T5c,720575940616905145,DNpe019,720575940627620593,4,24,363,T5c -> LPi09 -> LPT27 -> PLP230 -> DNpe019
T5c,720575940616905145,DNb01,720575940625878160,4,24,335,T5c -> LPi09 -> LPT27 -> PLP230 -> DNb01
T5c,720575940616905145,DNa09,720575940634140883,4,24,325,T5c -> LPi09 -> LPT27 -> PLP230 -> DNa09
T5c,720575940616905145,DNae010,720575940651341558,5,24,320,T5c -> LPi09 -> LPT27 -> LAL158 -> LAL019 -> DNae010
T5c,720575940616905145,DNa03,720575940620918789,5,24,314,T5c -> LPi09 -> LPT27 -> LAL158 -> LAL019 -> DNa03
T5c,720575940616905145,DNae002,720575940627139530,5,24,304,T5c -> LPi09 -> LPT27 -> LAL158 -> LAL019 -> DNae002
T5c,720575940640806133,DNa10,720575940623468691,5,23,705,T5c -> LPi09 -> LPi13 -> LPT48_vCal3 -> PLP248 -> DNa10
T5c,720575940640806133,DNp31,720575940632189900,4,23,562,T5c -> LPi09 -> LPi13 -> LPT48_vCal3 -> DNp31
T5c,720575940640806133,DNa10,720575940627946261,5,23,587,T5c -> LPi09 -> LPi13 -> LPT48_vCal3 -> PLP248 -> DNa10
T5c,720575940640806133,DNp31,720575940632189900,5,21,450,T5c -> LPi09 -> LPi13 -> LPT48_vCal3 -> PLP103c -> DNp31
T5c,720575940640806133,DNp31,720575940628132745,4,23,427,T5c -> LPi09 -> LPi13 -> LPT48_vCal3 -> DNp31
T5c,720575940640806133,DNp31,720575940632189900,5,23,595,T5c -> LPi09 -> LPi13 -> LPT48_vCal3 -> PS058 -> DNp31
T5c,720575940640806133,DNae002,720575940627139530,5,23,619,T5c -> LPi09 -> LPi13 -> LPT27 -> PLP230 -> DNae002
T5c,720575940640806133,DNae003,720575940634253281,5,23,535,T5c -> LPi09 -> LPi13 -> LPT27 -> PLP230 -> DNae003
T5c,720575940640806133,DNpe019,720575940627620593,5,23,532,T5c -> LPi09 -> LPi13 -> LPT27 -> PLP230 -> DNpe019
T5c,720575940640806133,DNb01,720575940625878160,5,23,504,T5c -> LPi09 -> LPi13 -> LPT27 -> PLP230 -> DNb01
T5c,720575940628933675,DNae002,720575940620380449,4,20,432,T5c -> LPi09 -> LPT27 -> PLP230 -> DNae002
T5c,720575940628933675,DNbe001,720575940632539788,5,20,564,T5c -> LPi09 -> LPT27 -> PLP230 -> PLP035 -> DNbe001
T5c,720575940628933675,DNp26,720575940627732361,5,20,528,T5c -> LPi09 -> LPT27 -> PLP230 -> PLP035 -> DNp26
T5c,720575940628933675,DNb01,720575940630758418,4,20,311,T5c -> LPi09 -> LPT27 -> PLP230 -> DNb01
T5c,720575940628933675,DNpe019,720575940636592302,4,20,309,T5c -> LPi09 -> LPT27 -> PLP230 -> DNpe019
T5c,720575940628933675,DNa09,720575940620711334,4,20,291,T5c -> LPi09 -> LPT27 -> PLP230 -> DNa09
T5c,720575940628933675,DNae003,720575940622204186,4,20,291,T5c -> LPi09 -> LPT27 -> PLP230 -> DNae003
T5c,720575940628933675,DNp51,720575940636651376,4,20,283,T5c -> LPi09 -> LPT27 -> PLP230 -> DNp51
T5c,720575940628933675,DNae002,720575940627139530,5,20,802,T5c -> LPi09 -> LPT27 -> PLP078 -> PLP230 -> DNae002
T5c,720575940628933675,DNae003,720575940634253281,5,20,718,T5c -> LPi09 -> LPT27 -> PLP078 -> PLP230 -> DNae003
T5c,720575940629713719,DNae002,720575940627139530,4,44,485,T5c -> LPi09 -> LPT27 -> PLP230 -> DNae002
T5c,720575940629713719,DNp26,720575940619432261,5,44,669,T5c -> LPi09 -> LPT27 -> PLP230 -> PLP035 -> DNp26
T5c,720575940629713719,DNbe001,720575940632868051,5,44,639,T5c -> LPi09 -> LPT27 -> PLP230 -> PLP035 -> DNbe001
T5c,720575940629713719,DNae003,720575940634253281,4,44,401,T5c -> LPi09 -> LPT27 -> PLP230 -> DNae003
T5c,720575940629713719,DNpe019,720575940627620593,4,44,398,T5c -> LPi09 -> LPT27 -> PLP230 -> DNpe019
T5c,720575940629713719,DNb01,720575940625878160,4,44,370,T5c -> LPi09 -> LPT27 -> PLP230 -> DNb01
T5c,720575940629713719,DNa09,720575940634140883,4,44,360,T5c -> LPi09 -> LPT27 -> PLP230 -> DNa09
T5c,720575940629713719,DNae010,720575940651341558,5,43,355,T5c -> LPi09 -> LPT27 -> LAL158 -> LAL019 -> DNae010
T5c,720575940629713719,DNa03,720575940620918789,5,43,349,T5c -> LPi09 -> LPT27 -> LAL158 -> LAL019 -> DNa03
T5c,720575940629713719,DNae002,720575940627139530,5,43,339,T5c -> LPi09 -> LPT27 -> LAL158 -> LAL019 -> DNae002
T5c,720575940631219364,DNbe001,720575940632539788,5,9,198,T5c -> Tlp14 -> TmY14 -> Li21 -> LCe07 -> DNbe001
T5c,720575940631219364,DNbe001,720575940632868051,5,9,149,T5c -> Tlp14 -> TmY14 -> Li21 -> LCe07 -> DNbe001
T5c,720575940631219364,DNbe001,720575940632539788,5,9,102,T5c -> Tlp14 -> TmY14 -> Li21 -> LC22 -> DNbe001
T5c,720575940631219364,DNbe001,720575940632539788,5,9,129,T5c -> Tlp14 -> TmY14 -> Li21 -> LCe07 -> DNbe001
T5c,720575940631219364,DNp31,720575940628132745,5,9,122,T5c -> Tlp14 -> TmY14 -> Li21 -> LCe07 -> DNp31
T5c,720575940631219364,DNa10,720575940627946261,4,16,469,T5c -> LPC2 -> LPLC4 -> PLP213 -> DNa10
T5c,720575940631219364,DNa10,720575940623468691,4,16,329,T5c -> LPC2 -> LPLC4 -> PLP213 -> DNa10
T5c,720575940631219364,DNa10,720575940627946261,5,16,434,T5c -> LPC2 -> LPLC4 -> PLP213 -> IB018 -> DNa10
T5c,720575940631219364,DNa10,720575940627946261,5,16,328,T5c -> LPC2 -> LPLC4 -> PLP213 -> PS200 -> DNa10
T5c,720575940631219364,DNa10,720575940623468691,5,16,323,T5c -> LPC2 -> LPLC4 -> PLP213 -> PS200 -> DNa10
T5c,720575940636074853,DNa10,720575940623468691,5,13,695,T5c -> LPi09 -> LPi13 -> LPT48_vCal3 -> PLP248 -> DNa10
T5c,720575940636074853,DNp31,720575940632189900,4,13,552,T5c -> LPi09 -> LPi13 -> LPT48_vCal3 -> DNp31
T5c,720575940636074853,DNa10,720575940627946261,5,13,577,T5c -> LPi09 -> LPi13 -> LPT48_vCal3 -> PLP248 -> DNa10
T5c,720575940636074853,DNp31,720575940632189900,5,13,440,T5c -> LPi09 -> LPi13 -> LPT48_vCal3 -> PLP103c -> DNp31
T5c,720575940636074853,DNp31,720575940628132745,4,13,417,T5c -> LPi09 -> LPi13 -> LPT48_vCal3 -> DNp31
T5c,720575940636074853,DNp31,720575940632189900,5,13,585,T5c -> LPi09 -> LPi13 -> LPT48_vCal3 -> PS058 -> DNp31
T5c,720575940636074853,DNae002,720575940627139530,5,13,609,T5c -> LPi09 -> LPi13 -> LPT27 -> PLP230 -> DNae002
T5c,720575940636074853,DNae003,720575940634253281,5,13,525,T5c -> LPi09 -> LPi13 -> LPT27 -> PLP230 -> DNae003
T5c,720575940636074853,DNpe019,720575940627620593,5,13,522,T5c -> LPi09 -> LPi13 -> LPT27 -> PLP230 -> DNpe019
T5c,720575940636074853,DNb01,720575940625878160,5,13,494,T5c -> LPi09 -> LPi13 -> LPT27 -> PLP230 -> DNb01
T5c,720575940639040846,DNae002,720575940627139530,4,24,420,T5c -> LPi09 -> LPT27 -> PLP230 -> DNae002
T5c,720575940639040846,DNp26,720575940619432261,5,24,604,T5c -> LPi09 -> LPT27 -> PLP230 -> PLP035 -> DNp26
T5c,720575940639040846,DNbe001,720575940632868051,5,24,574,T5c -> LPi09 -> LPT27 -> PLP230 -> PLP035 -> DNbe001
T5c,720575940639040846,DNae003,720575940634253281,4,24,336,T5c -> LPi09 -> LPT27 -> PLP230 -> DNae003
T5c,720575940639040846,DNpe019,720575940627620593,4,24,333,T5c -> LPi09 -> LPT27 -> PLP230 -> DNpe019
T5c,720575940639040846,DNb01,720575940625878160,4,24,305,T5c -> LPi09 -> LPT27 -> PLP230 -> DNb01
T5c,720575940639040846,DNa09,720575940634140883,4,24,295,T5c -> LPi09 -> LPT27 -> PLP230 -> DNa09
T5c,720575940639040846,DNae010,720575940651341558,5,24,290,T5c -> LPi09 -> LPT27 -> LAL158 -> LAL019 -> DNae010
T5c,720575940639040846,DNa03,720575940620918789,5,24,284,T5c -> LPi09 -> LPT27 -> LAL158 -> LAL019 -> DNa03
T5c,720575940639040846,DNae002,720575940627139530,5,24,274,T5c -> LPi09 -> LPT27 -> LAL158 -> LAL019 -> DNae002
T5c,720575940621798945,DNae002,720575940620380449,5,23,788,T5c -> LPC2 -> LLPC2 -> LPT42_Nod4 -> PLP230 -> DNae002
T5c,720575940621798945,DNb01,720575940630758418,5,23,667,T5c -> LPC2 -> LLPC2 -> LPT42_Nod4 -> PLP230 -> DNb01
T5c,720575940621798945,DNpe019,720575940636592302,5,23,665,T5c -> LPC2 -> LLPC2 -> LPT42_Nod4 -> PLP230 -> DNpe019
T5c,720575940621798945,DNa09,720575940620711334,5,23,647,T5c -> LPC2 -> LLPC2 -> LPT42_Nod4 -> PLP230 -> DNa09
T5c,720575940621798945,DNae003,720575940622204186,5,23,647,T5c -> LPC2 -> LLPC2 -> LPT42_Nod4 -> PLP230 -> DNae003
T5c,720575940621798945,DNp51,720575940636651376,5,23,639,T5c -> LPC2 -> LLPC2 -> LPT42_Nod4 -> PLP230 -> DNp51
T5c,720575940621798945,DNae003,720575940634253281,5,23,462,T5c -> LPC2 -> LLPC2 -> LPT42_Nod4 -> WED075 -> DNae003
T5c,720575940621798945,DNae002,720575940627139530,5,23,393,T5c -> LPC2 -> LLPC2 -> LPT42_Nod4 -> WED075 -> DNae002
T5c,720575940621798945,DNp51,720575940612682467,5,23,367,T5c -> LPC2 -> LLPC2 -> LPT42_Nod4 -> WED075 -> DNp51
T5c,720575940621798945,DNae010,720575940651341558,5,23,360,T5c -> LPC2 -> LLPC2 -> LPT42_Nod4 -> PLP178 -> DNae010
T5c,720575940627264168,DNa10,720575940623468691,5,25,735,T5c -> LPi09 -> LPi13 -> LPT48_vCal3 -> PLP248 -> DNa10
T5c,720575940627264168,DNp31,720575940632189900,4,25,592,T5c -> LPi09 -> LPi13 -> LPT48_vCal3 -> DNp31
T5c,720575940627264168,DNa10,720575940627946261,5,25,617,T5c -> LPi09 -> LPi13 -> LPT48_vCal3 -> PLP248 -> DNa10
T5c,720575940627264168,DNp31,720575940632189900,5,21,480,T5c -> LPi09 -> LPi13 -> LPT48_vCal3 -> PLP103c -> DNp31
T5c,720575940627264168,DNp31,720575940628132745,4,25,457,T5c -> LPi09 -> LPi13 -> LPT48_vCal3 -> DNp31
T5c,720575940627264168,DNp31,720575940632189900,5,25,625,T5c -> LPi09 -> LPi13 -> LPT48_vCal3 -> PS058 -> DNp31
T5c,720575940627264168,DNae002,720575940627139530,5,25,649,T5c -> LPi09 -> LPi13 -> LPT27 -> PLP230 -> DNae002
T5c,720575940627264168,DNae003,720575940634253281,5,25,565,T5c -> LPi09 -> LPi13 -> LPT27 -> PLP230 -> DNae003
T5c,720575940627264168,DNpe019,720575940627620593,5,25,562,T5c -> LPi09 -> LPi13 -> LPT27 -> PLP230 -> DNpe019
T5c,720575940627264168,DNb01,720575940625878160,5,25,534,T5c -> LPi09 -> LPi13 -> LPT27 -> PLP230 -> DNb01
T5c,720575940624817191,DNae002,720575940627139530,4,31,472,T5c -> LPi09 -> LPT27 -> PLP230 -> DNae002
T5c,720575940624817191,DNp26,720575940619432261,5,31,656,T5c -> LPi09 -> LPT27 -> PLP230 -> PLP035 -> DNp26
T5c,720575940624817191,DNbe001,720575940632868051,5,31,626,T5c -> LPi09 -> LPT27 -> PLP230 -> PLP035 -> DNbe001
T5c,720575940624817191,DNae003,720575940634253281,4,31,388,T5c -> LPi09 -> LPT27 -> PLP230 -> DNae003
T5c,720575940624817191,DNpe019,720575940627620593,4,31,385,T5c -> LPi09 -> LPT27 -> PLP230 -> DNpe019
T5c,720575940624817191,DNb01,720575940625878160,4,31,357,T5c -> LPi09 -> LPT27 -> PLP230 -> DNb01
T5c,720575940624817191,DNa09,720575940634140883,4,31,347,T5c -> LPi09 -> LPT27 -> PLP230 -> DNa09
T5c,720575940624817191,DNae010,720575940651341558,5,31,342,T5c -> LPi09 -> LPT27 -> LAL158 -> LAL019 -> DNae010
T5c,720575940624817191,DNa03,720575940620918789,5,31,336,T5c -> LPi09 -> LPT27 -> LAL158 -> LAL019 -> DNa03
T5c,720575940624817191,DNae002,720575940627139530,5,31,326,T5c -> LPi09 -> LPT27 -> LAL158 -> LAL019 -> DNae002
T5c,720575940628259689,DNa10,720575940623468691,5,36,746,T5c -> LPi09 -> LPi13 -> LPT48_vCal3 -> PLP248 -> DNa10
T5c,720575940628259689,DNp31,720575940632189900,4,36,603,T5c -> LPi09 -> LPi13 -> LPT48_vCal3 -> DNp31
T5c,720575940628259689,DNa10,720575940627946261,5,36,628,T5c -> LPi09 -> LPi13 -> LPT48_vCal3 -> PLP248 -> DNa10
T5c,720575940628259689,DNp31,720575940632189900,5,21,491,T5c -> LPi09 -> LPi13 -> LPT48_vCal3 -> PLP103c -> DNp31
T5c,720575940628259689,DNp31,720575940628132745,4,36,468,T5c -> LPi09 -> LPi13 -> LPT48_vCal3 -> DNp31
T5c,720575940628259689,DNp31,720575940632189900,5,36,636,T5c -> LPi09 -> LPi13 -> LPT48_vCal3 -> PS058 -> DNp31
T5c,720575940628259689,DNae002,720575940627139530,5,36,660,T5c -> LPi09 -> LPi13 -> LPT27 -> PLP230 -> DNae002
T5c,720575940628259689,DNae003,720575940634253281,5,36,576,T5c -> LPi09 -> LPi13 -> LPT27 -> PLP230 -> DNae003
T5c,720575940628259689,DNpe019,720575940627620593,5,36,573,T5c -> LPi09 -> LPi13 -> LPT27 -> PLP230 -> DNpe019
T5c,720575940628259689,DNb01,720575940625878160,5,36,545,T5c -> LPi09 -> LPi13 -> LPT27 -> PLP230 -> DNb01
T5c,720575940631037015,DNae002,720575940620380449,4,27,481,T5c -> LPi09 -> LPT27 -> PLP230 -> DNae002
T5c,720575940631037015,DNbe001,720575940632539788,5,27,613,T5c -> LPi09 -> LPT27 -> PLP230 -> PLP035 -> DNbe001
T5c,720575940631037015,DNp26,720575940627732361,5,27,577,T5c -> LPi09 -> LPT27 -> PLP230 -> PLP035 -> DNp26
T5c,720575940631037015,DNb01,720575940630758418,4,27,360,T5c -> LPi09 -> LPT27 -> PLP230 -> DNb01
T5c,720575940631037015,DNpe019,720575940636592302,4,27,358,T5c -> LPi09 -> LPT27 -> PLP230 -> DNpe019
T5c,720575940631037015,DNa09,720575940620711334,4,27,340,T5c -> LPi09 -> LPT27 -> PLP230 -> DNa09
T5c,720575940631037015,DNae003,720575940622204186,4,27,340,T5c -> LPi09 -> LPT27 -> PLP230 -> DNae003
T5c,720575940631037015,DNp51,720575940636651376,4,27,332,T5c -> LPi09 -> LPT27 -> PLP230 -> DNp51
T5c,720575940631037015,DNae002,720575940627139530,5,27,851,T5c -> LPi09 -> LPT27 -> PLP078 -> PLP230 -> DNae002
T5c,720575940631037015,DNae003,720575940634253281,5,27,767,T5c -> LPi09 -> LPT27 -> PLP078 -> PLP230 -> DNae003
T5c,720575940614724502,DNp26,720575940619432261,5,17,693,T5c -> LPi09 -> LPT45_dCal1 -> LPi13 -> LPT27 -> DNp26
T5c,720575940614724502,DNa10,720575940623468691,5,17,673,T5c -> LPi09 -> LPT45_dCal1 -> LPi13 -> LPT27 -> DNa10
T5c,720575940614724502,DNp31,720575940628132745,5,17,716,T5c -> LPi09 -> LPT45_dCal1 -> LPi13 -> LPT48_vCal3 -> DNp31
T5c,720575940614724502,DNp31,720575940632189900,5,17,680,T5c -> LPi09 -> LPT45_dCal1 -> LPi13 -> LPT48_vCal3 -> DNp31
T5c,720575940614724502,DNp31,720575940632189900,5,17,712,T5c -> LPi09 -> LPT45_dCal1 -> LPi13 -> LPT48_vCal3 -> DNp31
T5c,720575940614724502,DNp31,720575940628132745,5,17,577,T5c -> LPi09 -> LPT45_dCal1 -> LPi13 -> LPT48_vCal3 -> DNp31
T5c,720575940614724502,DNa10,720575940627946261,5,17,526,T5c -> LPi09 -> LPT45_dCal1 -> LPi13 -> LPT27 -> DNa10
T5c,720575940614724502,DNp26,720575940627732361,5,17,506,T5c -> LPi09 -> LPT45_dCal1 -> LPi13 -> LPT27 -> DNp26
T5c,720575940614724502,DNp15,720575940616293855,5,17,1603,T5c -> LPi09 -> LPT45_dCal1 -> LPi14 -> H2 -> DNp15
T5c,720575940614724502,DNb03,720575940634163682,5,17,1530,T5c -> LPi09 -> LPT45_dCal1 -> LPi14 -> H2 -> DNb03
T5c,720575940618040404,DNae002,720575940620380449,4,26,496,T5c -> LPi09 -> LPT27 -> PLP230 -> DNae002
T5c,720575940618040404,DNbe001,720575940632539788,5,26,628,T5c -> LPi09 -> LPT27 -> PLP230 -> PLP035 -> DNbe001
T5c,720575940618040404,DNp26,720575940627732361,5,26,592,T5c -> LPi09 -> LPT27 -> PLP230 -> PLP035 -> DNp26
T5c,720575940618040404,DNb01,720575940630758418,4,26,375,T5c -> LPi09 -> LPT27 -> PLP230 -> DNb01
T5c,720575940618040404,DNpe019,720575940636592302,4,26,373,T5c -> LPi09 -> LPT27 -> PLP230 -> DNpe019
T5c,720575940618040404,DNa09,720575940620711334,4,26,355,T5c -> LPi09 -> LPT27 -> PLP230 -> DNa09
T5c,720575940618040404,DNae003,720575940622204186,4,26,355,T5c -> LPi09 -> LPT27 -> PLP230 -> DNae003
T5c,720575940618040404,DNp51,720575940636651376,4,26,347,T5c -> LPi09 -> LPT27 -> PLP230 -> DNp51
T5c,720575940618040404,DNae002,720575940627139530,5,26,866,T5c -> LPi09 -> LPT27 -> PLP078 -> PLP230 -> DNae002
T5c,720575940618040404,DNae003,720575940634253281,5,26,782,T5c -> LPi09 -> LPT27 -> PLP078 -> PLP230 -> DNae003
T5c,720575940637701598,DNp31,720575940632189900,5,16,1074,T5c -> LPi09 -> LPT45_dCal1 -> LPi13 -> LPT48_vCal3 -> DNp31
T5c,720575940637701598,DNp31,720575940628132745,5,16,939,T5c -> LPi09 -> LPT45_dCal1 -> LPi13 -> LPT48_vCal3 -> DNp31
T5c,720575940637701598,DNa10,720575940627946261,5,16,888,T5c -> LPi09 -> LPT45_dCal1 -> LPi13 -> LPT27 -> DNa10
T5c,720575940637701598,DNp26,720575940627732361,5,16,868,T5c -> LPi09 -> LPT45_dCal1 -> LPi13 -> LPT27 -> DNp26
T5c,720575940637701598,DNp26,720575940619432261,5,16,475,T5c -> LPi09 -> LPT45_dCal1 -> LPi13 -> LPT27 -> DNp26
T5c,720575940637701598,DNa10,720575940623468691,5,16,455,T5c -> LPi09 -> LPT45_dCal1 -> LPi13 -> LPT27 -> DNa10
T5c,720575940637701598,DNp31,720575940628132745,5,16,498,T5c -> LPi09 -> LPT45_dCal1 -> LPi13 -> LPT48_vCal3 -> DNp31
T5c,720575940637701598,DNp31,720575940632189900,5,16,462,T5c -> LPi09 -> LPT45_dCal1 -> LPi13 -> LPT48_vCal3 -> DNp31
T5c,720575940637701598,DNp31,720575940628132745,5,16,400,T5c -> LPi09 -> LPT45_dCal1 -> PLP248 -> PLP020 -> DNp31
T5c,720575940637701598,DNa10,720575940627946261,4,16,243,T5c -> LPi09 -> LPT45_dCal1 -> PLP248 -> DNa10
T5c,720575940621942908,DNp26,720575940619432261,5,29,741,T5c -> LPi09 -> LPT45_dCal1 -> LPi13 -> LPT27 -> DNp26
T5c,720575940621942908,DNa10,720575940623468691,5,29,721,T5c -> LPi09 -> LPT45_dCal1 -> LPi13 -> LPT27 -> DNa10
T5c,720575940621942908,DNp31,720575940628132745,5,29,764,T5c -> LPi09 -> LPT45_dCal1 -> LPi13 -> LPT48_vCal3 -> DNp31
T5c,720575940621942908,DNp31,720575940632189900,5,29,728,T5c -> LPi09 -> LPT45_dCal1 -> LPi13 -> LPT48_vCal3 -> DNp31
T5c,720575940621942908,DNp31,720575940632189900,5,29,760,T5c -> LPi09 -> LPT45_dCal1 -> LPi13 -> LPT48_vCal3 -> DNp31
T5c,720575940621942908,DNp31,720575940628132745,5,29,625,T5c -> LPi09 -> LPT45_dCal1 -> LPi13 -> LPT48_vCal3 -> DNp31
T5c,720575940621942908,DNa10,720575940627946261,5,29,574,T5c -> LPi09 -> LPT45_dCal1 -> LPi13 -> LPT27 -> DNa10
T5c,720575940621942908,DNp26,720575940627732361,5,29,554,T5c -> LPi09 -> LPT45_dCal1 -> LPi13 -> LPT27 -> DNp26
T5c,720575940621942908,DNp15,720575940616293855,5,29,1651,T5c -> LPi09 -> LPT45_dCal1 -> LPi14 -> H2 -> DNp15
T5c,720575940621942908,DNb03,720575940634163682,5,29,1578,T5c -> LPi09 -> LPT45_dCal1 -> LPi14 -> H2 -> DNb03
T5c,720575940620575085,DNae002,720575940620380449,4,24,478,T5c -> LPi09 -> LPT27 -> PLP230 -> DNae002
T5c,720575940620575085,DNbe001,720575940632539788,5,24,610,T5c -> LPi09 -> LPT27 -> PLP230 -> PLP035 -> DNbe001
T5c,720575940620575085,DNp26,720575940627732361,5,24,574,T5c -> LPi09 -> LPT27 -> PLP230 -> PLP035 -> DNp26
T5c,720575940620575085,DNb01,720575940630758418,4,24,357,T5c -> LPi09 -> LPT27 -> PLP230 -> DNb01
T5c,720575940620575085,DNpe019,720575940636592302,4,24,355,T5c -> LPi09 -> LPT27 -> PLP230 -> DNpe019
T5c,720575940620575085,DNa09,720575940620711334,4,24,337,T5c -> LPi09 -> LPT27 -> PLP230 -> DNa09
T5c,720575940620575085,DNae003,720575940622204186,4,24,337,T5c -> LPi09 -> LPT27 -> PLP230 -> DNae003
T5c,720575940620575085,DNp51,720575940636651376,4,24,329,T5c -> LPi09 -> LPT27 -> PLP230 -> DNp51
T5c,720575940620575085,DNae002,720575940627139530,5,24,848,T5c -> LPi09 -> LPT27 -> PLP078 -> PLP230 -> DNae002
T5c,720575940620575085,DNae003,720575940634253281,5,24,764,T5c -> LPi09 -> LPT27 -> PLP078 -> PLP230 -> DNae003
T5c,720575940614971005,DNa10,720575940623468691,5,21,704,T5c -> LPi09 -> LPi13 -> LPT48_vCal3 -> PLP248 -> DNa10
T5c,720575940614971005,DNp31,720575940632189900,4,21,561,T5c -> LPi09 -> LPi13 -> LPT48_vCal3 -> DNp31
T5c,720575940614971005,DNa10,720575940627946261,5,21,586,T5c -> LPi09 -> LPi13 -> LPT48_vCal3 -> PLP248 -> DNa10
T5c,720575940614971005,DNp31,720575940632189900,5,21,449,T5c -> LPi09 -> LPi13 -> LPT48_vCal3 -> PLP103c -> DNp31
T5c,720575940614971005,DNp31,720575940628132745,4,21,426,T5c -> LPi09 -> LPi13 -> LPT48_vCal3 -> DNp31
T5c,720575940614971005,DNp31,720575940632189900,5,21,594,T5c -> LPi09 -> LPi13 -> LPT48_vCal3 -> PS058 -> DNp31
T5c,720575940614971005,DNae002,720575940627139530,5,21,618,T5c -> LPi09 -> LPi13 -> LPT27 -> PLP230 -> DNae002
T5c,720575940614971005,DNae003,720575940634253281,5,21,534,T5c -> LPi09 -> LPi13 -> LPT27 -> PLP230 -> DNae003
T5c,720575940614971005,DNpe019,720575940627620593,5,21,531,T5c -> LPi09 -> LPi13 -> LPT27 -> PLP230 -> DNpe019
T5c,720575940614971005,DNb01,720575940625878160,5,21,503,T5c -> LPi09 -> LPi13 -> LPT27 -> PLP230 -> DNb01
T5c,720575940617732948,DNa10,720575940623468691,5,18,712,T5c -> LPi09 -> LPi13 -> LPT48_vCal3 -> PLP248 -> DNa10
T5c,720575940617732948,DNp31,720575940632189900,4,18,569,T5c -> LPi09 -> LPi13 -> LPT48_vCal3 -> DNp31
T5c,720575940617732948,DNa10,720575940627946261,5,18,594,T5c -> LPi09 -> LPi13 -> LPT48_vCal3 -> PLP248 -> DNa10
T5c,720575940617732948,DNp31,720575940632189900,5,18,457,T5c -> LPi09 -> LPi13 -> LPT48_vCal3 -> PLP103c -> DNp31
T5c,720575940617732948,DNp31,720575940628132745,4,18,434,T5c -> LPi09 -> LPi13 -> LPT48_vCal3 -> DNp31
T5c,720575940617732948,DNp31,720575940632189900,5,18,602,T5c -> LPi09 -> LPi13 -> LPT48_vCal3 -> PS058 -> DNp31
T5c,720575940617732948,DNae002,720575940627139530,5,18,626,T5c -> LPi09 -> LPi13 -> LPT27 -> PLP230 -> DNae002
T5c,720575940617732948,DNae003,720575940634253281,5,18,542,T5c -> LPi09 -> LPi13 -> LPT27 -> PLP230 -> DNae003
T5c,720575940617732948,DNpe019,720575940627620593,5,18,539,T5c -> LPi09 -> LPi13 -> LPT27 -> PLP230 -> DNpe019
T5c,720575940617732948,DNb01,720575940625878160,5,18,511,T5c -> LPi09 -> LPi13 -> LPT27 -> PLP230 -> DNb01
T5c,720575940622362845,DNae002,720575940620380449,4,23,510,T5c -> LPi09 -> LPT27 -> PLP230 -> DNae002
T5c,720575940622362845,DNbe001,720575940632539788,5,23,642,T5c -> LPi09 -> LPT27 -> PLP230 -> PLP035 -> DNbe001
T5c,720575940622362845,DNp26,720575940627732361,5,23,606,T5c -> LPi09 -> LPT27 -> PLP230 -> PLP035 -> DNp26
T5c,720575940622362845,DNb01,720575940630758418,4,23,389,T5c -> LPi09 -> LPT27 -> PLP230 -> DNb01
T5c,720575940622362845,DNpe019,720575940636592302,4,23,387,T5c -> LPi09 -> LPT27 -> PLP230 -> DNpe019
T5c,720575940622362845,DNa09,720575940620711334,4,23,369,T5c -> LPi09 -> LPT27 -> PLP230 -> DNa09
T5c,720575940622362845,DNae003,720575940622204186,4,23,369,T5c -> LPi09 -> LPT27 -> PLP230 -> DNae003
T5c,720575940622362845,DNp51,720575940636651376,4,23,361,T5c -> LPi09 -> LPT27 -> PLP230 -> DNp51
T5c,720575940622362845,DNae002,720575940627139530,5,23,880,T5c -> LPi09 -> LPT27 -> PLP078 -> PLP230 -> DNae002
T5c,720575940622362845,DNae003,720575940634253281,5,23,796,T5c -> LPi09 -> LPT27 -> PLP078 -> PLP230 -> DNae003
T5c,720575940620441560,DNae002,720575940620380449,4,32,484,T5c -> LPi09 -> LPT27 -> PLP230 -> DNae002
T5c,720575940620441560,DNbe001,720575940632539788,5,32,616,T5c -> LPi09 -> LPT27 -> PLP230 -> PLP035 -> DNbe001
T5c,720575940620441560,DNp26,720575940627732361,5,32,580,T5c -> LPi09 -> LPT27 -> PLP230 -> PLP035 -> DNp26
T5c,720575940620441560,DNb01,720575940630758418,4,32,363,T5c -> LPi09 -> LPT27 -> PLP230 -> DNb01
T5c,720575940620441560,DNpe019,720575940636592302,4,32,361,T5c -> LPi09 -> LPT27 -> PLP230 -> DNpe019
T5c,720575940620441560,DNa09,720575940620711334,4,32,343,T5c -> LPi09 -> LPT27 -> PLP230 -> DNa09
T5c,720575940620441560,DNae003,720575940622204186,4,32,343,T5c -> LPi09 -> LPT27 -> PLP230 -> DNae003
T5c,720575940620441560,DNp51,720575940636651376,4,32,335,T5c -> LPi09 -> LPT27 -> PLP230 -> DNp51
T5c,720575940620441560,DNae002,720575940627139530,5,32,854,T5c -> LPi09 -> LPT27 -> PLP078 -> PLP230 -> DNae002
T5c,720575940620441560,DNae003,720575940634253281,5,32,770,T5c -> LPi09 -> LPT27 -> PLP078 -> PLP230 -> DNae003
T5c,720575940620723521,DNae002,720575940627139530,4,30,426,T5c -> LPi09 -> LPT27 -> PLP230 -> DNae002
T5c,720575940620723521,DNp26,720575940619432261,5,30,610,T5c -> LPi09 -> LPT27 -> PLP230 -> PLP035 -> DNp26
T5c,720575940620723521,DNbe001,720575940632868051,5,30,580,T5c -> LPi09 -> LPT27 -> PLP230 -> PLP035 -> DNbe001
T5c,720575940620723521,DNae003,720575940634253281,4,30,342,T5c -> LPi09 -> LPT27 -> PLP230 -> DNae003
T5c,720575940620723521,DNpe019,720575940627620593,4,30,339,T5c -> LPi09 -> LPT27 -> PLP230 -> DNpe019
T5c,720575940620723521,DNb01,720575940625878160,4,30,311,T5c -> LPi09 -> LPT27 -> PLP230 -> DNb01
T5c,720575940620723521,DNa09,720575940634140883,4,30,301,T5c -> LPi09 -> LPT27 -> PLP230 -> DNa09
T5c,720575940620723521,DNae010,720575940651341558,5,30,296,T5c -> LPi09 -> LPT27 -> LAL158 -> LAL019 -> DNae010
T5c,720575940620723521,DNa03,720575940620918789,5,30,290,T5c -> LPi09 -> LPT27 -> LAL158 -> LAL019 -> DNa03
T5c,720575940620723521,DNae002,720575940627139530,5,30,280,T5c -> LPi09 -> LPT27 -> LAL158 -> LAL019 -> DNae002
T5c,720575940617234132,DNa10,720575940623468691,5,25,704,T5c -> LPi09 -> LPi13 -> LPT48_vCal3 -> PLP248 -> DNa10
T5c,720575940617234132,DNp31,720575940632189900,4,25,561,T5c -> LPi09 -> LPi13 -> LPT48_vCal3 -> DNp31
T5c,720575940617234132,DNa10,720575940627946261,5,25,586,T5c -> LPi09 -> LPi13 -> LPT48_vCal3 -> PLP248 -> DNa10
T5c,720575940617234132,DNp31,720575940632189900,5,21,449,T5c -> LPi09 -> LPi13 -> LPT48_vCal3 -> PLP103c -> DNp31
T5c,720575940617234132,DNp31,720575940628132745,4,25,426,T5c -> LPi09 -> LPi13 -> LPT48_vCal3 -> DNp31
T5c,720575940617234132,DNp31,720575940632189900,5,25,594,T5c -> LPi09 -> LPi13 -> LPT48_vCal3 -> PS058 -> DNp31
T5c,720575940617234132,DNae002,720575940627139530,5,25,618,T5c -> LPi09 -> LPi13 -> LPT27 -> PLP230 -> DNae002
T5c,720575940617234132,DNae003,720575940634253281,5,25,534,T5c -> LPi09 -> LPi13 -> LPT27 -> PLP230 -> DNae003
T5c,720575940617234132,DNpe019,720575940627620593,5,25,531,T5c -> LPi09 -> LPi13 -> LPT27 -> PLP230 -> DNpe019
T5c,720575940617234132,DNb01,720575940625878160,5,25,503,T5c -> LPi09 -> LPi13 -> LPT27 -> PLP230 -> DNb01
T5c,720575940646995508,DNae002,720575940627139530,4,28,469,T5c -> LPi09 -> LPT27 -> PLP230 -> DNae002
T5c,720575940646995508,DNp26,720575940619432261,5,28,653,T5c -> LPi09 -> LPT27 -> PLP230 -> PLP035 -> DNp26
T5c,720575940646995508,DNbe001,720575940632868051,5,28,623,T5c -> LPi09 -> LPT27 -> PLP230 -> PLP035 -> DNbe001
T5c,720575940646995508,DNae003,720575940634253281,4,28,385,T5c -> LPi09 -> LPT27 -> PLP230 -> DNae003
T5c,720575940646995508,DNpe019,720575940627620593,4,28,382,T5c -> LPi09 -> LPT27 -> PLP230 -> DNpe019
T5c,720575940646995508,DNb01,720575940625878160,4,28,354,T5c -> LPi09 -> LPT27 -> PLP230 -> DNb01
T5c,720575940646995508,DNa09,720575940634140883,4,28,344,T5c -> LPi09 -> LPT27 -> PLP230 -> DNa09
T5c,720575940646995508,DNae010,720575940651341558,5,28,339,T5c -> LPi09 -> LPT27 -> LAL158 -> LAL019 -> DNae010
T5c,720575940646995508,DNa03,720575940620918789,5,28,333,T5c -> LPi09 -> LPT27 -> LAL158 -> LAL019 -> DNa03
T5c,720575940646995508,DNae002,720575940627139530,5,28,323,T5c -> LPi09 -> LPT27 -> LAL158 -> LAL019 -> DNae002
T5d,720575940623043327,DNae002,720575940620380449,5,16,895,T5d -> LPT45_dCal1 -> LPi13 -> LPT27 -> PLP230 -> DNae002
T5d,720575940623043327,DNb01,720575940630758418,5,16,774,T5d -> LPT45_dCal1 -> LPi13 -> LPT27 -> PLP230 -> DNb01
T5d,720575940623043327,DNpe019,720575940636592302,5,16,772,T5d -> LPT45_dCal1 -> LPi13 -> LPT27 -> PLP230 -> DNpe019
T5d,720575940623043327,DNa09,720575940620711334,5,16,754,T5d -> LPT45_dCal1 -> LPi13 -> LPT27 -> PLP230 -> DNa09
T5d,720575940623043327,DNae003,720575940622204186,5,16,754,T5d -> LPT45_dCal1 -> LPi13 -> LPT27 -> PLP230 -> DNae003
T5d,720575940623043327,DNp51,720575940636651376,5,16,746,T5d -> LPT45_dCal1 -> LPi13 -> LPT27 -> PLP230 -> DNp51
T5d,720575940623043327,DNp26,720575940619432261,4,16,622,T5d -> LPT45_dCal1 -> LPi13 -> LPT27 -> DNp26
T5d,720575940623043327,DNae003,720575940634253281,5,16,800,T5d -> LPT45_dCal1 -> LPi13 -> LPT27 -> WED075 -> DNae003
T5d,720575940623043327,DNae002,720575940627139530,5,16,731,T5d -> LPT45_dCal1 -> LPi13 -> LPT27 -> WED075 -> DNae002
T5d,720575940623043327,DNp51,720575940612682467,5,16,705,T5d -> LPT45_dCal1 -> LPi13 -> LPT27 -> WED075 -> DNp51
T5d,720575940610731618,DNp31,720575940632189900,5,21,757,T5d -> LPi13 -> LPT48_vCal3 -> PLP248 -> PLP020 -> DNp31
T5d,720575940610731618,DNa10,720575940623468691,4,21,637,T5d -> LPi13 -> LPT48_vCal3 -> PLP248 -> DNa10
T5d,720575940610731618,DNp31,720575940628132745,5,21,700,T5d -> LPi13 -> LPT48_vCal3 -> PLP248 -> PLP020 -> DNp31
T5d,720575940610731618,DNp31,720575940632189900,3,21,494,T5d -> LPi13 -> LPT48_vCal3 -> DNp31
T5d,720575940610731618,DNp31,720575940628132745,5,21,676,T5d -> LPi13 -> LPT48_vCal3 -> PLP248 -> PLP020 -> DNp31
T5d,720575940610731618,DNa10,720575940627946261,4,21,519,T5d -> LPi13 -> LPT48_vCal3 -> PLP248 -> DNa10
T5d,720575940610731618,DNp31,720575940632189900,5,21,573,T5d -> LPi13 -> LPT48_vCal3 -> PLP248 -> PLP020 -> DNp31
T5d,720575940610731618,DNa10,720575940623468691,5,16,485,T5d -> LPi13 -> LPT48_vCal3 -> PLP103a -> PLP248 -> DNa10
T5d,720575940610731618,DNp31,720575940632189900,4,21,382,T5d -> LPi13 -> LPT48_vCal3 -> PLP103c -> DNp31
T5d,720575940610731618,DNp31,720575940632189900,5,12,443,T5d -> LPi13 -> LPT48_vCal3 -> PLP103c -> PLP025b -> DNp31
T5d,720575940630834191,DNp31,720575940632189900,5,12,559,T5d -> LPi11 -> LPT48_vCal3 -> PLP248 -> PLP020 -> DNp31
T5d,720575940630834191,DNa10,720575940623468691,4,12,439,T5d -> LPi11 -> LPT48_vCal3 -> PLP248 -> DNa10
T5d,720575940630834191,DNp31,720575940628132745,5,12,502,T5d -> LPi11 -> LPT48_vCal3 -> PLP248 -> PLP020 -> DNp31
T5d,720575940630834191,DNp31,720575940632189900,3,12,296,T5d -> LPi11 -> LPT48_vCal3 -> DNp31
T5d,720575940630834191,DNp31,720575940628132745,5,12,478,T5d -> LPi11 -> LPT48_vCal3 -> PLP248 -> PLP020 -> DNp31
T5d,720575940630834191,DNa10,720575940627946261,4,12,321,T5d -> LPi11 -> LPT48_vCal3 -> PLP248 -> DNa10
T5d,720575940630834191,DNp31,720575940632189900,5,12,375,T5d -> LPi11 -> LPT48_vCal3 -> PLP248 -> PLP020 -> DNp31
T5d,720575940630834191,DNa10,720575940623468691,5,12,287,T5d -> LPi11 -> LPT48_vCal3 -> PLP103a -> PLP248 -> DNa10
T5d,720575940630834191,DNp31,720575940632189900,4,12,184,T5d -> LPi11 -> LPT48_vCal3 -> PLP103c -> DNp31
T5d,720575940630834191,DNp31,720575940632189900,5,12,245,T5d -> LPi11 -> LPT48_vCal3 -> PLP103c -> PLP025b -> DNp31
T5d,720575940617387035,DNp31,720575940632189900,5,24,760,T5d -> LPi13 -> LPT48_vCal3 -> PLP248 -> PLP020 -> DNp31
T5d,720575940617387035,DNa10,720575940623468691,4,24,640,T5d -> LPi13 -> LPT48_vCal3 -> PLP248 -> DNa10
T5d,720575940617387035,DNp31,720575940628132745,5,24,703,T5d -> LPi13 -> LPT48_vCal3 -> PLP248 -> PLP020 -> DNp31
T5d,720575940617387035,DNp31,720575940632189900,3,24,497,T5d -> LPi13 -> LPT48_vCal3 -> DNp31
T5d,720575940617387035,DNp31,720575940628132745,5,24,679,T5d -> LPi13 -> LPT48_vCal3 -> PLP248 -> PLP020 -> DNp31
T5d,720575940617387035,DNa10,720575940627946261,4,24,522,T5d -> LPi13 -> LPT48_vCal3 -> PLP248 -> DNa10
T5d,720575940617387035,DNp31,720575940632189900,5,24,576,T5d -> LPi13 -> LPT48_vCal3 -> PLP248 -> PLP020 -> DNp31
T5d,720575940617387035,DNa10,720575940623468691,5,16,488,T5d -> LPi13 -> LPT48_vCal3 -> PLP103a -> PLP248 -> DNa10
T5d,720575940617387035,DNp31,720575940632189900,4,21,385,T5d -> LPi13 -> LPT48_vCal3 -> PLP103c -> DNp31
T5d,720575940617387035,DNp31,720575940632189900,5,12,446,T5d -> LPi13 -> LPT48_vCal3 -> PLP103c -> PLP025b -> DNp31
T5d,720575940623784955,DNp31,720575940632189900,5,20,756,T5d -> LPi13 -> LPT48_vCal3 -> PLP248 -> PLP020 -> DNp31
T5d,720575940623784955,DNa10,720575940623468691,4,20,636,T5d -> LPi13 -> LPT48_vCal3 -> PLP248 -> DNa10
T5d,720575940623784955,DNp31,720575940628132745,5,20,699,T5d -> LPi13 -> LPT48_vCal3 -> PLP248 -> PLP020 -> DNp31
T5d,720575940623784955,DNp31,720575940632189900,3,20,493,T5d -> LPi13 -> LPT48_vCal3 -> DNp31
T5d,720575940623784955,DNp31,720575940628132745,5,20,675,T5d -> LPi13 -> LPT48_vCal3 -> PLP248 -> PLP020 -> DNp31
T5d,720575940623784955,DNa10,720575940627946261,4,20,518,T5d -> LPi13 -> LPT48_vCal3 -> PLP248 -> DNa10
T5d,720575940623784955,DNp31,720575940632189900,5,20,572,T5d -> LPi13 -> LPT48_vCal3 -> PLP248 -> PLP020 -> DNp31
T5d,720575940623784955,DNa10,720575940623468691,5,16,484,T5d -> LPi13 -> LPT48_vCal3 -> PLP103a -> PLP248 -> DNa10
T5d,720575940623784955,DNp31,720575940632189900,4,20,381,T5d -> LPi13 -> LPT48_vCal3 -> PLP103c -> DNp31
T5d,720575940623784955,DNp31,720575940632189900,5,12,442,T5d -> LPi13 -> LPT48_vCal3 -> PLP103c -> PLP025b -> DNp31
T5d,720575940622282506,DNp31,720575940632189900,5,20,756,T5d -> LPi13 -> LPT48_vCal3 -> PLP248 -> PLP020 -> DNp31
T5d,720575940622282506,DNa10,720575940623468691,4,20,636,T5d -> LPi13 -> LPT48_vCal3 -> PLP248 -> DNa10
T5d,720575940622282506,DNp31,720575940628132745,5,20,699,T5d -> LPi13 -> LPT48_vCal3 -> PLP248 -> PLP020 -> DNp31
T5d,720575940622282506,DNp31,720575940632189900,3,20,493,T5d -> LPi13 -> LPT48_vCal3 -> DNp31
T5d,720575940622282506,DNp31,720575940628132745,5,20,675,T5d -> LPi13 -> LPT48_vCal3 -> PLP248 -> PLP020 -> DNp31
T5d,720575940622282506,DNa10,720575940627946261,4,20,518,T5d -> LPi13 -> LPT48_vCal3 -> PLP248 -> DNa10
T5d,720575940622282506,DNp31,720575940632189900,5,20,572,T5d -> LPi13 -> LPT48_vCal3 -> PLP248 -> PLP020 -> DNp31
T5d,720575940622282506,DNa10,720575940623468691,5,16,484,T5d -> LPi13 -> LPT48_vCal3 -> PLP103a -> PLP248 -> DNa10
T5d,720575940622282506,DNp31,720575940632189900,4,20,381,T5d -> LPi13 -> LPT48_vCal3 -> PLP103c -> DNp31
T5d,720575940622282506,DNp31,720575940632189900,5,12,442,T5d -> LPi13 -> LPT48_vCal3 -> PLP103c -> PLP025b -> DNp31
T5d,720575940629720311,DNp31,720575940632189900,5,21,757,T5d -> LPi13 -> LPT48_vCal3 -> PLP248 -> PLP020 -> DNp31
T5d,720575940629720311,DNa10,720575940623468691,4,21,637,T5d -> LPi13 -> LPT48_vCal3 -> PLP248 -> DNa10
T5d,720575940629720311,DNp31,720575940628132745,5,21,700,T5d -> LPi13 -> LPT48_vCal3 -> PLP248 -> PLP020 -> DNp31
T5d,720575940629720311,DNp31,720575940632189900,3,21,494,T5d -> LPi13 -> LPT48_vCal3 -> DNp31
T5d,720575940629720311,DNp31,720575940628132745,5,21,676,T5d -> LPi13 -> LPT48_vCal3 -> PLP248 -> PLP020 -> DNp31
T5d,720575940629720311,DNa10,720575940627946261,4,21,519,T5d -> LPi13 -> LPT48_vCal3 -> PLP248 -> DNa10
T5d,720575940629720311,DNp31,720575940632189900,5,21,573,T5d -> LPi13 -> LPT48_vCal3 -> PLP248 -> PLP020 -> DNp31
T5d,720575940629720311,DNa10,720575940623468691,5,16,485,T5d -> LPi13 -> LPT48_vCal3 -> PLP103a -> PLP248 -> DNa10
T5d,720575940629720311,DNp31,720575940632189900,4,21,382,T5d -> LPi13 -> LPT48_vCal3 -> PLP103c -> DNp31
T5d,720575940629720311,DNp31,720575940632189900,5,12,443,T5d -> LPi13 -> LPT48_vCal3 -> PLP103c -> PLP025b -> DNp31
T5d,720575940625044068,DNae002,720575940627139530,3,18,326,T5d -> LPT27 -> PLP230 -> DNae002
T5d,720575940625044068,DNbe001,720575940632868051,5,18,631,T5d -> LPT27 -> PLP230 -> PLP035 -> WED007 -> DNbe001
T5d,720575940625044068,DNp26,720575940619432261,5,18,589,T5d -> LPT27 -> PLP230 -> PLP035 -> WED007 -> DNp26
T5d,720575940625044068,DNp26,720575940619432261,4,18,510,T5d -> LPT27 -> PLP230 -> PLP035 -> DNp26
T5d,720575940625044068,DNbe001,720575940632868051,4,18,480,T5d -> LPT27 -> PLP230 -> PLP035 -> DNbe001
T5d,720575940625044068,DNae003,720575940634253281,5,18,578,T5d -> LPT27 -> PLP230 -> PLP035 -> WED075 -> DNae003
T5d,720575940625044068,DNae002,720575940627139530,5,18,509,T5d -> LPT27 -> PLP230 -> PLP035 -> WED075 -> DNae002
T5d,720575940625044068,DNp51,720575940612682467,5,18,483,T5d -> LPT27 -> PLP230 -> PLP035 -> WED075 -> DNp51
T5d,720575940625044068,DNp26,720575940619432261,5,18,366,T5d -> LPT27 -> PLP230 -> PLP035 -> CB1827 -> DNp26
T5d,720575940625044068,DNae003,720575940634253281,3,18,242,T5d -> LPT27 -> PLP230 -> DNae003
T5d,720575940609946066,DNa02,720575940629327659,5,15,1294,T5d -> LPi11 -> Tlp14 -> LPi15 -> HSS -> DNa02
T5d,720575940609946066,DNp18,720575940618440000,5,15,1278,T5d -> LPi11 -> Tlp14 -> LPi15 -> HSS -> DNp18
T5d,720575940609946066,DNg41,720575940636329579,5,15,1277,T5d -> LPi11 -> Tlp14 -> LPi15 -> HSS -> DNg41
T5d,720575940609946066,DNp15,720575940616293855,5,15,1097,T5d -> LPi11 -> Tlp14 -> LPi15 -> HSE -> DNp15
T5d,720575940609946066,DNp15,720575940616293855,5,15,900,T5d -> LPi11 -> Tlp14 -> LPi15 -> HSN -> DNp15
T5d,720575940609946066,DNa02,720575940629327659,5,15,777,T5d -> LPi11 -> Tlp14 -> LPi15 -> HSN -> DNa02
T5d,720575940609946066,DNp26,720575940619432261,5,15,824,T5d -> LPi11 -> Tlp14 -> LPi15 -> LPT26 -> DNp26
T5d,720575940609946066,DNae002,720575940620380449,5,15,235,T5d -> LPi11 -> Tlp4 -> LPLC1 -> DNp03 -> DNae002
T5d,720575940609946066,DNb01,720575940630758418,5,15,226,T5d -> LPi11 -> Tlp4 -> LPLC1 -> DNp03 -> DNb01
T5d,720575940609946066,DNa02,720575940629327659,5,15,1302,T5d -> LPi11 -> Tlp4 -> LPi15 -> HSS -> DNa02
T5d,720575940627563087,DNae002,720575940620380449,4,18,594,T5d -> LPi13 -> LPT27 -> PLP230 -> DNae002
T5d,720575940627563087,DNbe001,720575940632539788,5,18,726,T5d -> LPi13 -> LPT27 -> PLP230 -> PLP035 -> DNbe001
T5d,720575940627563087,DNp26,720575940627732361,5,18,690,T5d -> LPi13 -> LPT27 -> PLP230 -> PLP035 -> DNp26
T5d,720575940627563087,DNb01,720575940630758418,4,18,473,T5d -> LPi13 -> LPT27 -> PLP230 -> DNb01
T5d,720575940627563087,DNpe019,720575940636592302,4,18,471,T5d -> LPi13 -> LPT27 -> PLP230 -> DNpe019
T5d,720575940627563087,DNa09,720575940620711334,4,18,453,T5d -> LPi13 -> LPT27 -> PLP230 -> DNa09
T5d,720575940627563087,DNae003,720575940622204186,4,18,453,T5d -> LPi13 -> LPT27 -> PLP230 -> DNae003
T5d,720575940627563087,DNp51,720575940636651376,4,18,445,T5d -> LPi13 -> LPT27 -> PLP230 -> DNp51
T5d,720575940627563087,DNae002,720575940627139530,5,18,964,T5d -> LPi13 -> LPT27 -> PLP078 -> PLP230 -> DNae002
T5d,720575940627563087,DNae003,720575940634253281,5,18,880,T5d -> LPi13 -> LPT27 -> PLP078 -> PLP230 -> DNae003
T5d,720575940626216581,DNae002,720575940620380449,3,17,384,T5d -> LPT27 -> PLP230 -> DNae002
T5d,720575940626216581,DNbe001,720575940632539788,5,17,780,T5d -> LPT27 -> PLP230 -> PLP035 -> WED007 -> DNbe001
T5d,720575940626216581,DNbe001,720575940632539788,4,17,516,T5d -> LPT27 -> PLP230 -> PLP035 -> DNbe001
T5d,720575940626216581,DNp26,720575940627732361,4,17,480,T5d -> LPT27 -> PLP230 -> PLP035 -> DNp26
T5d,720575940626216581,DNae003,720575940622204186,5,17,618,T5d -> LPT27 -> PLP230 -> PLP035 -> WED075 -> DNae003
T5d,720575940626216581,DNpe019,720575940636592302,5,17,545,T5d -> LPT27 -> PLP230 -> PLP035 -> WED075 -> DNpe019
T5d,720575940626216581,DNae002,720575940620380449,5,17,534,T5d -> LPT27 -> PLP230 -> PLP035 -> WED075 -> DNae002
T5d,720575940626216581,DNp26,720575940627732361,5,17,453,T5d -> LPT27 -> PLP230 -> PLP035 -> CB2192 -> DNp26
T5d,720575940626216581,DNbe001,720575940632539788,5,17,436,T5d -> LPT27 -> PLP230 -> PLP035 -> CB2192 -> DNbe001
T5d,720575940626216581,DNp26,720575940627732361,5,17,415,T5d -> LPT27 -> PLP230 -> PLP035 -> CB1827 -> DNp26
T5d,720575940626333954,DNae002,720575940627139530,3,21,329,T5d -> LPT27 -> PLP230 -> DNae002
T5d,720575940626333954,DNbe001,720575940632868051,5,21,634,T5d -> LPT27 -> PLP230 -> PLP035 -> WED007 -> DNbe001
T5d,720575940626333954,DNp26,720575940619432261,5,21,592,T5d -> LPT27 -> PLP230 -> PLP035 -> WED007 -> DNp26
T5d,720575940626333954,DNp26,720575940619432261,4,21,513,T5d -> LPT27 -> PLP230 -> PLP035 -> DNp26
T5d,720575940626333954,DNbe001,720575940632868051,4,21,483,T5d -> LPT27 -> PLP230 -> PLP035 -> DNbe001
T5d,720575940626333954,DNae003,720575940634253281,5,21,581,T5d -> LPT27 -> PLP230 -> PLP035 -> WED075 -> DNae003
T5d,720575940626333954,DNae002,720575940627139530,5,21,512,T5d -> LPT27 -> PLP230 -> PLP035 -> WED075 -> DNae002
T5d,720575940626333954,DNp51,720575940612682467,5,21,486,T5d -> LPT27 -> PLP230 -> PLP035 -> WED075 -> DNp51
T5d,720575940626333954,DNp26,720575940619432261,5,20,369,T5d -> LPT27 -> PLP230 -> PLP035 -> CB1827 -> DNp26
T5d,720575940626333954,DNae003,720575940634253281,3,21,245,T5d -> LPT27 -> PLP230 -> DNae003
T5d,720575940626256740,DNp31,720575940628132745,4,10,212,T5d -> LLPC3 -> PLP081 -> CB0654 -> DNp31
T5d,720575940626256740,DNp31,720575940632189900,4,10,188,T5d -> LLPC3 -> PLP081 -> CB0654 -> DNp31
T5d,720575940626256740,DNa09,720575940634140883,5,10,218,T5d -> LLPC3 -> PLP081 -> CB0654 -> DNb04 -> DNa09
T5d,720575940626256740,DNa09,720575940620711334,5,10,217,T5d -> LLPC3 -> PLP081 -> CB0654 -> DNb04 -> DNa09
T5d,720575940626256740,DNp31,720575940632189900,4,10,136,T5d -> LLPC3 -> PLP081 -> CB0654 -> DNp31
T5d,720575940626256740,DNp31,720575940628132745,4,10,125,T5d -> LLPC3 -> PLP081 -> CB0654 -> DNp31
T5d,720575940626256740,DNa09,720575940634140883,5,10,158,T5d -> LLPC3 -> PLP081 -> CB0654 -> DNb04 -> DNa09
T5d,720575940626256740,DNa10,720575940623468691,5,10,156,"T5d -> LLPC3 -> PLP081 -> CB0654 -> IB033,IB039 -> DNa10"
T5d,720575940626256740,DNa09,720575940620711334,5,10,144,T5d -> LLPC3 -> PLP081 -> CB0654 -> DNb04 -> DNa09
T5d,720575940626256740,DNge037,720575940608188427,5,10,244,T5d -> LLPC3 -> PLP081 -> DNge030 -> DNae006 -> DNge037
T5d,720575940619058772,DNae002,720575940620380449,3,15,382,T5d -> LPT27 -> PLP230 -> DNae002
T5d,720575940619058772,DNbe001,720575940632539788,5,15,778,T5d -> LPT27 -> PLP230 -> PLP035 -> WED007 -> DNbe001
T5d,720575940619058772,DNbe001,720575940632539788,4,15,514,T5d -> LPT27 -> PLP230 -> PLP035 -> DNbe001
T5d,720575940619058772,DNp26,720575940627732361,4,15,478,T5d -> LPT27 -> PLP230 -> PLP035 -> DNp26
T5d,720575940619058772,DNae003,720575940622204186,5,15,616,T5d -> LPT27 -> PLP230 -> PLP035 -> WED075 -> DNae003
T5d,720575940619058772,DNpe019,720575940636592302,5,15,543,T5d -> LPT27 -> PLP230 -> PLP035 -> WED075 -> DNpe019
T5d,720575940619058772,DNae002,720575940620380449,5,15,532,T5d -> LPT27 -> PLP230 -> PLP035 -> WED075 -> DNae002
T5d,720575940619058772,DNp26,720575940627732361,5,15,451,T5d -> LPT27 -> PLP230 -> PLP035 -> CB2192 -> DNp26
T5d,720575940619058772,DNbe001,720575940632539788,5,15,434,T5d -> LPT27 -> PLP230 -> PLP035 -> CB2192 -> DNbe001
T5d,720575940619058772,DNp26,720575940627732361,5,15,413,T5d -> LPT27 -> PLP230 -> PLP035 -> CB1827 -> DNp26
T5d,720575940621938437,DNp15,720575940623431351,5,21,1349,T5d -> LPi11 -> Tlp14 -> LPi15 -> HSE -> DNp15
T5d,720575940621938437,DNp15,720575940623431351,5,21,1285,T5d -> LPi11 -> Tlp14 -> LPi15 -> HSN -> DNp15
T5d,720575940621938437,DNp18,720575940627949589,5,21,1192,T5d -> LPi11 -> Tlp14 -> LPi15 -> HSN -> DNp18
T5d,720575940621938437,DNae002,720575940620380449,5,21,1184,T5d -> LPi11 -> Tlp14 -> LPi15 -> HSN -> DNae002
T5d,720575940621938437,DNae010,720575940630868281,5,21,1180,T5d -> LPi11 -> Tlp14 -> LPi15 -> HSN -> DNae010
T5d,720575940621938437,DNp26,720575940627732361,5,21,1080,T5d -> LPi11 -> Tlp14 -> LPi15 -> LPT26 -> DNp26
T5d,720575940621938437,DNp15,720575940616293855,5,18,332,T5d -> LPi11 -> Tlp14 -> LPi10 -> H2 -> DNp15
T5d,720575940621938437,DNb03,720575940634163682,5,18,259,T5d -> LPi11 -> Tlp14 -> LPi10 -> H2 -> DNb03
T5d,720575940621938437,DNb03,720575940620776880,5,18,242,T5d -> LPi11 -> Tlp14 -> LPi10 -> H2 -> DNb03
T5d,720575940621938437,DNg41,720575940636329579,5,18,238,T5d -> LPi11 -> Tlp14 -> LPi10 -> H2 -> DNg41
T5d,720575940626241555,DNp31,720575940632189900,5,12,748,T5d -> LPi13 -> LPT48_vCal3 -> PLP248 -> PLP020 -> DNp31
T5d,720575940626241555,DNa10,720575940623468691,4,12,628,T5d -> LPi13 -> LPT48_vCal3 -> PLP248 -> DNa10
T5d,720575940626241555,DNp31,720575940628132745,5,12,691,T5d -> LPi13 -> LPT48_vCal3 -> PLP248 -> PLP020 -> DNp31
T5d,720575940626241555,DNp31,720575940632189900,3,12,485,T5d -> LPi13 -> LPT48_vCal3 -> DNp31
T5d,720575940626241555,DNp31,720575940628132745,5,12,667,T5d -> LPi13 -> LPT48_vCal3 -> PLP248 -> PLP020 -> DNp31
T5d,720575940626241555,DNa10,720575940627946261,4,12,510,T5d -> LPi13 -> LPT48_vCal3 -> PLP248 -> DNa10
T5d,720575940626241555,DNp31,720575940632189900,5,12,564,T5d -> LPi13 -> LPT48_vCal3 -> PLP248 -> PLP020 -> DNp31
T5d,720575940626241555,DNa10,720575940623468691,5,12,476,T5d -> LPi13 -> LPT48_vCal3 -> PLP103a -> PLP248 -> DNa10
T5d,720575940626241555,DNp31,720575940632189900,4,12,373,T5d -> LPi13 -> LPT48_vCal3 -> PLP103c -> DNp31
T5d,720575940626241555,DNp31,720575940632189900,5,12,434,T5d -> LPi13 -> LPT48_vCal3 -> PLP103c -> PLP025b -> DNp31
T5d,720575940629099779,DNa10,720575940627946261,5,11,241,T5d -> LPi11 -> Tlp14 -> LPT45_dCal1 -> PLP248 -> DNa10
T5d,720575940629099779,DNp31,720575940628132745,5,11,105,T5d -> LPi11 -> Tlp14 -> LPT45_dCal1 -> LPC2 -> DNp31
T5d,720575940629099779,DNa02,720575940629327659,5,14,1251,T5d -> LPi11 -> Tlp14 -> LPi15 -> HSS -> DNa02
T5d,720575940629099779,DNp18,720575940618440000,5,14,1235,T5d -> LPi11 -> Tlp14 -> LPi15 -> HSS -> DNp18
T5d,720575940629099779,DNg41,720575940636329579,5,14,1234,T5d -> LPi11 -> Tlp14 -> LPi15 -> HSS -> DNg41
T5d,720575940629099779,DNp15,720575940616293855,5,14,1054,T5d -> LPi11 -> Tlp14 -> LPi15 -> HSE -> DNp15
T5d,720575940629099779,DNp15,720575940616293855,5,14,857,T5d -> LPi11 -> Tlp14 -> LPi15 -> HSN -> DNp15
T5d,720575940629099779,DNa02,720575940629327659,5,14,734,T5d -> LPi11 -> Tlp14 -> LPi15 -> HSN -> DNa02
T5d,720575940629099779,DNp26,720575940619432261,5,14,781,T5d -> LPi11 -> Tlp14 -> LPi15 -> LPT26 -> DNp26
T5d,720575940629099779,DNae002,720575940620380449,5,10,128,T5d -> LPi11 -> Tlp4 -> LPLC1 -> DNp03 -> DNae002
T5d,720575940623999999,DNae002,720575940620380449,3,16,383,T5d -> LPT27 -> PLP230 -> DNae002
T5d,720575940623999999,DNbe001,720575940632539788,5,16,779,T5d -> LPT27 -> PLP230 -> PLP035 -> WED007 -> DNbe001
T5d,720575940623999999,DNbe001,720575940632539788,4,16,515,T5d -> LPT27 -> PLP230 -> PLP035 -> DNbe001
T5d,720575940623999999,DNp26,720575940627732361,4,16,479,T5d -> LPT27 -> PLP230 -> PLP035 -> DNp26
T5d,720575940623999999,DNae003,720575940622204186,5,16,617,T5d -> LPT27 -> PLP230 -> PLP035 -> WED075 -> DNae003
T5d,720575940623999999,DNpe019,720575940636592302,5,16,544,T5d -> LPT27 -> PLP230 -> PLP035 -> WED075 -> DNpe019
T5d,720575940623999999,DNae002,720575940620380449,5,16,533,T5d -> LPT27 -> PLP230 -> PLP035 -> WED075 -> DNae002
T5d,720575940623999999,DNp26,720575940627732361,5,16,452,T5d -> LPT27 -> PLP230 -> PLP035 -> CB2192 -> DNp26
T5d,720575940623999999,DNbe001,720575940632539788,5,16,435,T5d -> LPT27 -> PLP230 -> PLP035 -> CB2192 -> DNbe001
T5d,720575940623999999,DNp26,720575940627732361,5,16,414,T5d -> LPT27 -> PLP230 -> PLP035 -> CB1827 -> DNp26
T5d,720575940627038010,DNp31,720575940632189900,5,19,755,T5d -> LPi13 -> LPT48_vCal3 -> PLP248 -> PLP020 -> DNp31
T5d,720575940627038010,DNa10,720575940623468691,4,19,635,T5d -> LPi13 -> LPT48_vCal3 -> PLP248 -> DNa10
T5d,720575940627038010,DNp31,720575940628132745,5,19,698,T5d -> LPi13 -> LPT48_vCal3 -> PLP248 -> PLP020 -> DNp31
T5d,720575940627038010,DNp31,720575940632189900,3,19,492,T5d -> LPi13 -> LPT48_vCal3 -> DNp31
T5d,720575940627038010,DNp31,720575940628132745,5,19,674,T5d -> LPi13 -> LPT48_vCal3 -> PLP248 -> PLP020 -> DNp31
T5d,720575940627038010,DNa10,720575940627946261,4,19,517,T5d -> LPi13 -> LPT48_vCal3 -> PLP248 -> DNa10
T5d,720575940627038010,DNp31,720575940632189900,5,19,571,T5d -> LPi13 -> LPT48_vCal3 -> PLP248 -> PLP020 -> DNp31
T5d,720575940627038010,DNa10,720575940623468691,5,16,483,T5d -> LPi13 -> LPT48_vCal3 -> PLP103a -> PLP248 -> DNa10
T5d,720575940627038010,DNp31,720575940632189900,4,19,380,T5d -> LPi13 -> LPT48_vCal3 -> PLP103c -> DNp31
T5d,720575940627038010,DNp31,720575940632189900,5,12,441,T5d -> LPi13 -> LPT48_vCal3 -> PLP103c -> PLP025b -> DNp31
T5d,720575940644671255,DNp31,720575940632189900,4,16,182,T5d -> LLPC3 -> PLP081 -> CB0654 -> DNp31
T5d,720575940644671255,DNp31,720575940628132745,4,16,171,T5d -> LLPC3 -> PLP081 -> CB0654 -> DNp31
T5d,720575940644671255,DNa09,720575940634140883,5,16,204,T5d -> LLPC3 -> PLP081 -> CB0654 -> DNb04 -> DNa09
T5d,720575940644671255,DNa10,720575940623468691,5,16,202,"T5d -> LLPC3 -> PLP081 -> CB0654 -> IB033,IB039 -> DNa10"
T5d,720575940644671255,DNa09,720575940620711334,5,16,190,T5d -> LLPC3 -> PLP081 -> CB0654 -> DNb04 -> DNa09
T5d,720575940644671255,DNp31,720575940628132745,4,16,143,T5d -> LLPC3 -> PLP081 -> CB0654 -> DNp31
T5d,720575940644671255,DNp31,720575940632189900,4,16,119,T5d -> LLPC3 -> PLP081 -> CB0654 -> DNp31
T5d,720575940644671255,DNa09,720575940634140883,5,16,149,T5d -> LLPC3 -> PLP081 -> CB0654 -> DNb04 -> DNa09
T5d,720575940644671255,DNa09,720575940620711334,5,16,148,T5d -> LLPC3 -> PLP081 -> CB0654 -> DNb04 -> DNa09
T5d,720575940644671255,DNa03,720575940620918789,5,16,282,T5d -> LLPC3 -> PLP081 -> PLP038 -> LAL157 -> DNa03
T5d,720575940646527028,DNp31,720575940632189900,5,22,758,T5d -> LPi13 -> LPT48_vCal3 -> PLP248 -> PLP020 -> DNp31
T5d,720575940646527028,DNa10,720575940623468691,4,22,638,T5d -> LPi13 -> LPT48_vCal3 -> PLP248 -> DNa10
T5d,720575940646527028,DNp31,720575940628132745,5,22,701,T5d -> LPi13 -> LPT48_vCal3 -> PLP248 -> PLP020 -> DNp31
T5d,720575940646527028,DNp31,720575940632189900,3,22,495,T5d -> LPi13 -> LPT48_vCal3 -> DNp31
T5d,720575940646527028,DNp31,720575940628132745,5,22,677,T5d -> LPi13 -> LPT48_vCal3 -> PLP248 -> PLP020 -> DNp31
T5d,720575940646527028,DNa10,720575940627946261,4,22,520,T5d -> LPi13 -> LPT48_vCal3 -> PLP248 -> DNa10
T5d,720575940646527028,DNp31,720575940632189900,5,22,574,T5d -> LPi13 -> LPT48_vCal3 -> PLP248 -> PLP020 -> DNp31
T5d,720575940646527028,DNa10,720575940623468691,5,16,486,T5d -> LPi13 -> LPT48_vCal3 -> PLP103a -> PLP248 -> DNa10
T5d,720575940646527028,DNp31,720575940632189900,4,21,383,T5d -> LPi13 -> LPT48_vCal3 -> PLP103c -> DNp31
T5d,720575940646527028,DNp31,720575940632189900,5,12,444,T5d -> LPi13 -> LPT48_vCal3 -> PLP103c -> PLP025b -> DNp31
T5d,720575940621828272,DNp31,720575940632189900,5,19,566,T5d -> LPi11 -> LPT48_vCal3 -> PLP248 -> PLP020 -> DNp31
T5d,720575940621828272,DNa10,720575940623468691,4,19,446,T5d -> LPi11 -> LPT48_vCal3 -> PLP248 -> DNa10
T5d,720575940621828272,DNp31,720575940628132745,5,19,509,T5d -> LPi11 -> LPT48_vCal3 -> PLP248 -> PLP020 -> DNp31
T5d,720575940621828272,DNp31,720575940632189900,3,19,303,T5d -> LPi11 -> LPT48_vCal3 -> DNp31
T5d,720575940621828272,DNp31,720575940628132745,5,19,485,T5d -> LPi11 -> LPT48_vCal3 -> PLP248 -> PLP020 -> DNp31
T5d,720575940621828272,DNa10,720575940627946261,4,19,328,T5d -> LPi11 -> LPT48_vCal3 -> PLP248 -> DNa10
T5d,720575940621828272,DNp31,720575940632189900,5,19,382,T5d -> LPi11 -> LPT48_vCal3 -> PLP248 -> PLP020 -> DNp31
T5d,720575940621828272,DNa10,720575940623468691,5,16,294,T5d -> LPi11 -> LPT48_vCal3 -> PLP103a -> PLP248 -> DNa10
T5d,720575940621828272,DNp31,720575940632189900,4,19,191,T5d -> LPi11 -> LPT48_vCal3 -> PLP103c -> DNp31
T5d,720575940621828272,DNp31,720575940632189900,5,12,252,T5d -> LPi11 -> LPT48_vCal3 -> PLP103c -> PLP025b -> DNp31
T5d,720575940631003192,DNbe001,720575940632539788,5,13,142,T5d -> LPi11 -> Tlp14 -> TmY15 -> LLPC1 -> DNbe001
T5d,720575940631003192,DNp31,720575940628132745,5,14,217,T5d -> LPi11 -> LPC2 -> LPLC4 -> DNb05 -> DNp31
T5d,720575940631003192,DNbe001,720575940632539788,5,14,456,T5d -> LPi11 -> LPC2 -> LPLC4 -> PLP034 -> DNbe001
T5d,720575940631003192,DNp26,720575940627732361,5,14,368,T5d -> LPi11 -> LPC2 -> LPLC4 -> PLP034 -> DNp26
T5d,720575940631003192,DNa16,720575940621519130,5,14,450,T5d -> LPi11 -> LPC2 -> LPLC4 -> CB0527 -> DNa16
T5d,720575940631003192,DNa16,720575940632962786,5,14,356,T5d -> LPi11 -> LPC2 -> LPLC4 -> CB0527 -> DNa16
T5d,720575940631003192,DNge037,720575940627826760,5,14,275,T5d -> LPi11 -> LPC2 -> LPLC4 -> DNbe007 -> DNge037
T5d,720575940631003192,DNp31,720575940628132745,5,14,228,T5d -> LPi11 -> LPC2 -> LPLC4 -> DNbe007 -> DNp31
T5d,720575940631003192,DNae010,720575940630868281,5,14,353,T5d -> LPi11 -> LPC2 -> LPLC4 -> PLP029 -> DNae010
T5d,720575940631003192,DNae002,720575940620380449,5,14,309,T5d -> LPi11 -> LPC2 -> LPLC4 -> PLP029 -> DNae002
T5d,720575940621608993,DNp31,720575940632189900,5,21,757,T5d -> LPi13 -> LPT48_vCal3 -> PLP248 -> PLP020 -> DNp31
T5d,720575940621608993,DNa10,720575940623468691,4,21,637,T5d -> LPi13 -> LPT48_vCal3 -> PLP248 -> DNa10
T5d,720575940621608993,DNp31,720575940628132745,5,21,700,T5d -> LPi13 -> LPT48_vCal3 -> PLP248 -> PLP020 -> DNp31
T5d,720575940621608993,DNp31,720575940632189900,3,21,494,T5d -> LPi13 -> LPT48_vCal3 -> DNp31
T5d,720575940621608993,DNp31,720575940628132745,5,21,676,T5d -> LPi13 -> LPT48_vCal3 -> PLP248 -> PLP020 -> DNp31
T5d,720575940621608993,DNa10,720575940627946261,4,21,519,T5d -> LPi13 -> LPT48_vCal3 -> PLP248 -> DNa10
T5d,720575940621608993,DNp31,720575940632189900,5,21,573,T5d -> LPi13 -> LPT48_vCal3 -> PLP248 -> PLP020 -> DNp31
T5d,720575940621608993,DNa10,720575940623468691,5,16,485,T5d -> LPi13 -> LPT48_vCal3 -> PLP103a -> PLP248 -> DNa10
T5d,720575940621608993,DNp31,720575940632189900,4,21,382,T5d -> LPi13 -> LPT48_vCal3 -> PLP103c -> DNp31
T5d,720575940621608993,DNp31,720575940632189900,5,12,443,T5d -> LPi13 -> LPT48_vCal3 -> PLP103c -> PLP025b -> DNp31
T5d,720575940619232704,DNa02,720575940629327659,5,7,1252,T5d -> LPi11 -> Tlp14 -> LPi15 -> HSS -> DNa02
T5d,720575940619232704,DNp18,720575940618440000,5,7,1236,T5d -> LPi11 -> Tlp14 -> LPi15 -> HSS -> DNp18
T5d,720575940619232704,DNg41,720575940636329579,5,7,1235,T5d -> LPi11 -> Tlp14 -> LPi15 -> HSS -> DNg41
T5d,720575940619232704,DNp15,720575940616293855,5,7,1055,T5d -> LPi11 -> Tlp14 -> LPi15 -> HSE -> DNp15
T5d,720575940619232704,DNp15,720575940616293855,5,7,858,T5d -> LPi11 -> Tlp14 -> LPi15 -> HSN -> DNp15
T5d,720575940619232704,DNa02,720575940629327659,5,7,735,T5d -> LPi11 -> Tlp14 -> LPi15 -> HSN -> DNa02
T5d,720575940619232704,DNp26,720575940619432261,5,7,782,T5d -> LPi11 -> Tlp14 -> LPi15 -> LPT26 -> DNp26
T5d,720575940619232704,DNp31,720575940632189900,5,7,211,T5d -> LPi11 -> Tlp14 -> LPLC4 -> DNb05 -> DNp31
T5d,720575940619232704,DNp26,720575940619432261,4,7,112,T5d -> LPi11 -> Tlp14 -> LPLC4 -> DNp26
T5d,720575940619232704,DNa10,720575940623468691,4,7,106,T5d -> LPi11 -> Tlp14 -> LPLC4 -> DNa10
T5d,720575940617519773,DNp31,720575940632189900,5,17,753,T5d -> LPi13 -> LPT48_vCal3 -> PLP248 -> PLP020 -> DNp31
T5d,720575940617519773,DNa10,720575940623468691,4,17,633,T5d -> LPi13 -> LPT48_vCal3 -> PLP248 -> DNa10
T5d,720575940617519773,DNp31,720575940628132745,5,17,696,T5d -> LPi13 -> LPT48_vCal3 -> PLP248 -> PLP020 -> DNp31
T5d,720575940617519773,DNp31,720575940632189900,3,17,490,T5d -> LPi13 -> LPT48_vCal3 -> DNp31
T5d,720575940617519773,DNp31,720575940628132745,5,17,672,T5d -> LPi13 -> LPT48_vCal3 -> PLP248 -> PLP020 -> DNp31
T5d,720575940617519773,DNa10,720575940627946261,4,17,515,T5d -> LPi13 -> LPT48_vCal3 -> PLP248 -> DNa10
T5d,720575940617519773,DNp31,720575940632189900,5,17,569,T5d -> LPi13 -> LPT48_vCal3 -> PLP248 -> PLP020 -> DNp31
T5d,720575940617519773,DNa10,720575940623468691,5,16,481,T5d -> LPi13 -> LPT48_vCal3 -> PLP103a -> PLP248 -> DNa10
T5d,720575940617519773,DNp31,720575940632189900,4,17,378,T5d -> LPi13 -> LPT48_vCal3 -> PLP103c -> DNp31
T5d,720575940617519773,DNp31,720575940632189900,5,12,439,T5d -> LPi13 -> LPT48_vCal3 -> PLP103c -> PLP025b -> DNp31
T5d,720575940629987575,DNp31,720575940632189900,5,13,749,T5d -> LPi13 -> LPT48_vCal3 -> PLP248 -> PLP020 -> DNp31
T5d,720575940629987575,DNa10,720575940623468691,4,13,629,T5d -> LPi13 -> LPT48_vCal3 -> PLP248 -> DNa10
T5d,720575940629987575,DNp31,720575940628132745,5,13,692,T5d -> LPi13 -> LPT48_vCal3 -> PLP248 -> PLP020 -> DNp31
T5d,720575940629987575,DNp31,720575940632189900,3,13,486,T5d -> LPi13 -> LPT48_vCal3 -> DNp31
T5d,720575940629987575,DNp31,720575940628132745,5,13,668,T5d -> LPi13 -> LPT48_vCal3 -> PLP248 -> PLP020 -> DNp31
T5d,720575940629987575,DNa10,720575940627946261,4,13,511,T5d -> LPi13 -> LPT48_vCal3 -> PLP248 -> DNa10
T5d,720575940629987575,DNp31,720575940632189900,5,13,565,T5d -> LPi13 -> LPT48_vCal3 -> PLP248 -> PLP020 -> DNp31
T5d,720575940629987575,DNa10,720575940623468691,5,13,477,T5d -> LPi13 -> LPT48_vCal3 -> PLP103a -> PLP248 -> DNa10
T5d,720575940629987575,DNp31,720575940632189900,4,13,374,T5d -> LPi13 -> LPT48_vCal3 -> PLP103c -> DNp31
T5d,720575940629987575,DNp31,720575940632189900,5,12,435,T5d -> LPi13 -> LPT48_vCal3 -> PLP103c -> PLP025b -> DNp31
T5d,720575940635183028,DNp31,720575940628132745,5,13,175,T5d -> LPi11 -> Tlp14 -> LPC2 -> LPLC4 -> DNp31
T5d,720575940635183028,DNp31,720575940628132745,4,13,150,T5d -> LPi11 -> Tlp14 -> LPC2 -> DNp31
T5d,720575940635183028,DNp31,720575940628132745,3,14,107,T5d -> LPi11 -> LPC2 -> DNp31
T5d,720575940635183028,DNa10,720575940627946261,5,13,252,T5d -> LPi11 -> LPC2 -> LLPC2 -> PLP248 -> DNa10
T5d,720575940635183028,DNp31,720575940632189900,5,13,359,T5d -> LPi11 -> LPC2 -> LLPC2 -> LPT48_vCal3 -> DNp31
T5d,720575940635183028,DNp31,720575940628132745,5,13,224,T5d -> LPi11 -> LPC2 -> LLPC2 -> LPT48_vCal3 -> DNp31
T5d,720575940635183028,DNp31,720575940628132745,4,13,119,T5d -> LPi11 -> LPC2 -> LLPC2 -> DNp31
T5d,720575940635183028,DNp31,720575940628132745,5,9,199,T5d -> LPi11 -> LPC2 -> LLPC2 -> DNb05 -> DNp31
T5d,720575940635183028,DNp31,720575940628132745,5,8,127,T5d -> LPi11 -> LPC2 -> LLPC2 -> LLPC2 -> DNp31
T5d,720575940635183028,DNp31,720575940628132745,5,6,272,T5d -> LPi11 -> LPC2 -> LLPC2 -> PS058 -> DNp31
T5d,720575940620754285,DNae002,720575940620380449,3,11,378,T5d -> LPT27 -> PLP230 -> DNae002
T5d,720575940620754285,DNbe001,720575940632539788,5,11,774,T5d -> LPT27 -> PLP230 -> PLP035 -> WED007 -> DNbe001
T5d,720575940620754285,DNbe001,720575940632539788,4,11,510,T5d -> LPT27 -> PLP230 -> PLP035 -> DNbe001
T5d,720575940620754285,DNp26,720575940627732361,4,11,474,T5d -> LPT27 -> PLP230 -> PLP035 -> DNp26
T5d,720575940620754285,DNae003,720575940622204186,5,11,612,T5d -> LPT27 -> PLP230 -> PLP035 -> WED075 -> DNae003
T5d,720575940620754285,DNpe019,720575940636592302,5,11,539,T5d -> LPT27 -> PLP230 -> PLP035 -> WED075 -> DNpe019
T5d,720575940620754285,DNae002,720575940620380449,5,11,528,T5d -> LPT27 -> PLP230 -> PLP035 -> WED075 -> DNae002
T5d,720575940620754285,DNp26,720575940627732361,5,11,447,T5d -> LPT27 -> PLP230 -> PLP035 -> CB2192 -> DNp26
T5d,720575940620754285,DNbe001,720575940632539788,5,11,430,T5d -> LPT27 -> PLP230 -> PLP035 -> CB2192 -> DNbe001
T5d,720575940620754285,DNp26,720575940627732361,5,11,409,T5d -> LPT27 -> PLP230 -> PLP035 -> CB1827 -> DNp26
T5d,720575940633655194,DNp31,720575940632189900,5,22,603,T5d -> LPi11 -> LPT48_vCal3 -> PLP248 -> PLP020 -> DNp31
T5d,720575940633655194,DNa10,720575940623468691,4,22,483,T5d -> LPi11 -> LPT48_vCal3 -> PLP248 -> DNa10
T5d,720575940633655194,DNp31,720575940628132745,5,22,546,T5d -> LPi11 -> LPT48_vCal3 -> PLP248 -> PLP020 -> DNp31
T5d,720575940633655194,DNp31,720575940632189900,3,22,340,T5d -> LPi11 -> LPT48_vCal3 -> DNp31
T5d,720575940633655194,DNp31,720575940628132745,5,22,522,T5d -> LPi11 -> LPT48_vCal3 -> PLP248 -> PLP020 -> DNp31
T5d,720575940633655194,DNa10,720575940627946261,4,22,365,T5d -> LPi11 -> LPT48_vCal3 -> PLP248 -> DNa10
T5d,720575940633655194,DNp31,720575940632189900,5,22,419,T5d -> LPi11 -> LPT48_vCal3 -> PLP248 -> PLP020 -> DNp31
T5d,720575940633655194,DNa10,720575940623468691,5,16,331,T5d -> LPi11 -> LPT48_vCal3 -> PLP103a -> PLP248 -> DNa10
T5d,720575940633655194,DNp31,720575940632189900,4,21,228,T5d -> LPi11 -> LPT48_vCal3 -> PLP103c -> DNp31
T5d,720575940633655194,DNp31,720575940632189900,5,12,289,T5d -> LPi11 -> LPT48_vCal3 -> PLP103c -> PLP025b -> DNp31
