visual_type,visual_root_id,dn_type,dn_root_id,hops,path_strength,min_edge_weight,path,edge_weights
T4a,720575940605852192,DNp15,720575940623431351,5,4.6107265329868305e-06,0.028450008906532306,T4a -> LPi14 -> Am1 -> LPi15 -> HSE -> DNp15,"0.31092437,0.07629601,0.05724515,0.02845001,0.11934156"
T4a,720575940605852192,DNp15,720575940623431351,5,5.060091400004862e-06,0.026032521566531797,T4a -> LPi14 -> Am1 -> LPi15 -> HSN -> DNp15,"0.31092437,0.07629601,0.05724515,0.02603252,0.14313535"
T4a,720575940605852192,DNp18,720575940627949589,5,1.8588090857160718e-06,0.026032521566531797,T4a -> LPi14 -> Am1 -> LPi15 -> HSN -> DNp18,"0.31092437,0.07629601,0.05724515,0.02603252,0.05258033"
T4a,720575940605852192,DNae002,720575940620380449,5,1.5834299619062834e-06,0.026032521566531797,T4a -> LPi14 -> Am1 -> LPi15 -> HSN -> DNae002,"0.31092437,0.07629601,0.05724515,0.02603252,0.04479065"
T4a,720575940605852192,DNae010,720575940630868281,5,1.4457404000013891e-06,0.026032521566531797,T4a -> LPi14 -> Am1 -> LPi15 -> HSN -> DNae010,"0.31092437,0.07629601,0.05724515,0.02603252,0.04089581"
T4a,720575940605852192,DNp26,720575940627732361,5,1.5172388102569062e-06,0.02147746647326768,T4a -> LPi14 -> Am1 -> LPi15 -> LPT26 -> DNp26,"0.31092437,0.07629601,0.05724515,0.02147747,0.05202064"
T4a,720575940605852192,DNae002,720575940620380449,5,1.7740607499302095e-07,0.008837947938962922,T4a -> LPi14 -> Am1 -> DCH -> LPT22 -> DNae002,"0.31092437,0.07629601,0.03200376,0.00883795,0.02643988"
T4a,720575940605852192,DNae002,720575940620380449,5,9.623169690741515e-08,0.007047707558859975,T4a -> LPi14 -> Am1 -> VCH -> LPT22 -> DNae002,"0.31092437,0.07629601,0.02176979,0.00704771,0.02643988"
T4a,720575940605852192,DNp31,720575940632189900,5,2.705933315654006e-07,0.008570498680070879,T4a -> LPi14 -> Am1 -> LPT23 -> vCal1 -> DNp31,"0.31092437,0.07629601,0.00857050,0.01423488,0.09349766"
T4a,720575940605852192,DNp31,720575940628132745,5,1.2176699920443024e-07,0.008570498680070879,T4a -> LPi14 -> Am1 -> LPT23 -> vCal1 -> DNp31,"0.31092437,0.07629601,0.00857050,0.01423488,0.04207395"
T4a,720575940617407705,DNp15,720575940623431351,5,3.5264307580078908e-06,0.028450008906532306,T4a -> LPi14 -> Am1 -> LPi15 -> HSE -> DNp15,"0.23780488,0.07629601,0.05724515,0.02845001,0.11934156"
T4a,720575940617407705,DNp15,720575940623431351,5,3.870119345323428e-06,0.026032521566531797,T4a -> LPi14 -> Am1 -> LPi15 -> HSN -> DNp15,"0.23780488,0.07629601,0.05724515,0.02603252,0.14313535"
T4a,720575940617407705,DNp18,720575940627949589,5,1.4216764942004433e-06,0.026032521566531797,T4a -> LPi14 -> Am1 -> LPi15 -> HSN -> DNp18,"0.23780488,0.07629601,0.05724515,0.02603252,0.05258033"
T4a,720575940617407705,DNae002,720575940620380449,5,1.211057754318896e-06,0.026032521566531797,T4a -> LPi14 -> Am1 -> LPi15 -> HSN -> DNae002,"0.23780488,0.07629601,0.05724515,0.02603252,0.04479065"
T4a,720575940617407705,DNae010,720575940630868281,5,1.1057483843781225e-06,0.026032521566531797,T4a -> LPi14 -> Am1 -> LPi15 -> HSN -> DNae010,"0.23780488,0.07629601,0.05724515,0.02603252,0.04089581"
T4a,720575940617407705,DNp26,720575940627732361,5,1.1604326497037413e-06,0.02147746647326768,T4a -> LPi14 -> Am1 -> LPi15 -> LPT26 -> DNp26,"0.23780488,0.07629601,0.05724515,0.02147747,0.05202064"
T4a,720575940617407705,DNae002,720575940620380449,5,1.3568582630893377e-07,0.008837947938962922,T4a -> LPi14 -> Am1 -> DCH -> LPT22 -> DNae002,"0.23780488,0.07629601,0.03200376,0.00883795,0.02643988"
T4a,720575940617407705,DNae002,720575940620380449,5,7.360107207437604e-08,0.007047707558859975,T4a -> LPi14 -> Am1 -> VCH -> LPT22 -> DNae002,"0.23780488,0.07629601,0.02176979,0.00704771,0.02643988"
T4a,720575940617407705,DNp31,720575940632189900,5,2.0695841328197495e-07,0.008570498680070879,T4a -> LPi14 -> Am1 -> LPT23 -> vCal1 -> DNp31,"0.23780488,0.07629601,0.00857050,0.01423488,0.09349766"
T4a,720575940617407705,DNp31,720575940628132745,5,9.313128597688873e-08,0.008570498680070879,T4a -> LPi14 -> Am1 -> LPT23 -> vCal1 -> DNp31,"0.23780488,0.07629601,0.00857050,0.01423488,0.04207395"
T4a,720575940629088508,DNp15,720575940623431351,5,3.5301790517264053e-06,0.028450008906532306,T4a -> LPi14 -> Am1 -> LPi15 -> HSE -> DNp15,"0.22314050,0.08139647,0.05724515,0.02845001,0.11934156"
T4a,720575940629088508,DNp15,720575940623431351,5,3.874232950559838e-06,0.026032521566531797,T4a -> LPi14 -> Am1 -> LPi15 -> HSN -> DNp15,"0.22314050,0.08139647,0.05724515,0.02603252,0.14313535"
T4a,720575940629088508,DNp18,720575940627949589,5,1.4231876144913695e-06,0.026032521566531797,T4a -> LPi14 -> Am1 -> LPi15 -> HSN -> DNp18,"0.22314050,0.08139647,0.05724515,0.02603252,0.05258033"
T4a,720575940629088508,DNae002,720575940620380449,5,1.2123450049370925e-06,0.026032521566531797,T4a -> LPi14 -> Am1 -> LPi15 -> HSN -> DNae002,"0.22314050,0.08139647,0.05724515,0.02603252,0.04479065"
T4a,720575940629088508,DNae010,720575940630868281,5,1.1069237001599539e-06,0.026032521566531797,T4a -> LPi14 -> Am1 -> LPi15 -> HSN -> DNae010,"0.22314050,0.08139647,0.05724515,0.02603252,0.04089581"
T4a,720575940629088508,DNp26,720575940627732361,5,1.1616660901737595e-06,0.02147746647326768,T4a -> LPi14 -> Am1 -> LPi15 -> LPT26 -> DNp26,"0.22314050,0.08139647,0.05724515,0.02147747,0.05202064"
T4a,720575940629088508,DNae002,720575940620380449,5,1.3583004871548194e-07,0.008837947938962922,T4a -> LPi14 -> Am1 -> DCH -> LPT22 -> DNae002,"0.22314050,0.08139647,0.03200376,0.00883795,0.02643988"
T4a,720575940629088508,DNae002,720575940620380449,5,7.367930370716958e-08,0.007047707558859975,T4a -> LPi14 -> Am1 -> VCH -> LPT22 -> DNae002,"0.22314050,0.08139647,0.02176979,0.00704771,0.02643988"
T4a,720575940629088508,DNp31,720575940632189900,5,2.0717839234118013e-07,0.008570498680070879,T4a -> LPi14 -> Am1 -> LPT23 -> vCal1 -> DNp31,"0.22314050,0.08139647,0.00857050,0.01423488,0.09349766"
T4a,720575940629088508,DNp31,720575940628132745,5,9.323027655353106e-08,0.008570498680070879,T4a -> LPi14 -> Am1 -> LPT23 -> vCal1 -> DNp31,"0.22314050,0.08139647,0.00857050,0.01423488,0.04207395"
T4a,720575940654955937,DNp15,720575940623431351,5,2.433912622557807e-06,0.028450008906532306,T4a -> LPi14 -> Am1 -> LPi15 -> HSE -> DNp15,"0.15384615,0.08139647,0.05724515,0.02845001,0.11934156"
T4a,720575940654955937,DNp15,720575940623431351,5,2.6711235727506585e-06,0.026032521566531797,T4a -> LPi14 -> Am1 -> LPi15 -> HSN -> DNp15,"0.15384615,0.08139647,0.05724515,0.02603252,0.14313535"
T4a,720575940654955937,DNp18,720575940627949589,5,9.812290675410583e-07,0.026032521566531797,T4a -> LPi14 -> Am1 -> LPi15 -> HSN -> DNp18,"0.15384615,0.08139647,0.05724515,0.02603252,0.05258033"
T4a,720575940654955937,DNae002,720575940620380449,5,8.358617982757162e-07,0.026032521566531797,T4a -> LPi14 -> Am1 -> LPi15 -> HSN -> DNae002,"0.15384615,0.08139647,0.05724515,0.02603252,0.04479065"
T4a,720575940654955937,DNae010,720575940630868281,5,7.631781636430452e-07,0.026032521566531797,T4a -> LPi14 -> Am1 -> LPi15 -> HSN -> DNae010,"0.15384615,0.08139647,0.05724515,0.02603252,0.04089581"
T4a,720575940654955937,DNp26,720575940627732361,5,8.009207801198001e-07,0.02147746647326768,T4a -> LPi14 -> Am1 -> LPi15 -> LPT26 -> DNp26,"0.15384615,0.08139647,0.05724515,0.02147747,0.05202064"
T4a,720575940654955937,DNae002,720575940620380449,5,9.364920737648614e-08,0.008837947938962922,T4a -> LPi14 -> Am1 -> DCH -> LPT22 -> DNae002,"0.15384615,0.08139647,0.03200376,0.00883795,0.02643988"
T4a,720575940654955937,DNae002,720575940620380449,5,5.0798836174173914e-08,0.007047707558859975,T4a -> LPi14 -> Am1 -> VCH -> LPT22 -> DNae002,"0.15384615,0.08139647,0.02176979,0.00704771,0.02643988"
T4a,720575940654955937,DNp31,720575940632189900,5,1.4284094286770826e-07,0.008570498680070879,T4a -> LPi14 -> Am1 -> LPT23 -> vCal1 -> DNp31,"0.15384615,0.08139647,0.00857050,0.01423488,0.09349766"
T4a,720575940654955937,DNp31,720575940628132745,5,6.427842429046871e-08,0.008570498680070879,T4a -> LPi14 -> Am1 -> LPT23 -> vCal1 -> DNp31,"0.15384615,0.08139647,0.00857050,0.01423488,0.04207395"
T4a,720575940640283701,DNp15,720575940623431351,5,4.560845274702917e-06,0.028450008906532306,T4a -> LPi14 -> Am1 -> LPi15 -> HSE -> DNp15,"0.28828829,0.08139647,0.05724515,0.02845001,0.11934156"
T4a,720575940640283701,DNp15,720575940623431351,5,5.005348676866098e-06,0.026032521566531797,T4a -> LPi14 -> Am1 -> LPi15 -> HSN -> DNp15,"0.28828829,0.08139647,0.05724515,0.02603252,0.14313535"
T4a,720575940640283701,DNp18,720575940627949589,5,1.8386995139508117e-06,0.026032521566531797,T4a -> LPi14 -> Am1 -> LPi15 -> HSN -> DNp18,"0.28828829,0.08139647,0.05724515,0.02603252,0.05258033"
T4a,720575940640283701,DNae002,720575940620380449,5,1.5662995859580989e-06,0.026032521566531797,T4a -> LPi14 -> Am1 -> LPi15 -> HSN -> DNae002,"0.28828829,0.08139647,0.05724515,0.02603252,0.04479065"
T4a,720575940640283701,DNae010,720575940630868281,5,1.4300996219617423e-06,0.026032521566531797,T4a -> LPi14 -> Am1 -> LPi15 -> HSN -> DNae010,"0.28828829,0.08139647,0.05724515,0.02603252,0.04089581"
T4a,720575940640283701,DNp26,720575940627732361,5,1.500824524909175e-06,0.02147746647326768,T4a -> LPi14 -> Am1 -> LPi15 -> LPT26 -> DNp26,"0.28828829,0.08139647,0.05724515,0.02147747,0.05202064"
T4a,720575940640283701,DNae002,720575940620380449,5,1.7548680301179384e-07,0.008837947938962922,T4a -> LPi14 -> Am1 -> DCH -> LPT22 -> DNae002,"0.28828829,0.08139647,0.03200376,0.00883795,0.02643988"
T4a,720575940640283701,DNae002,720575940620380449,5,9.519061192998352e-08,0.007047707558859975,T4a -> LPi14 -> Am1 -> VCH -> LPT22 -> DNae002,"0.28828829,0.08139647,0.02176979,0.00704771,0.02643988"
T4a,720575940640283701,DNp31,720575940632189900,5,2.676659109593091e-07,0.008570498680070879,T4a -> LPi14 -> Am1 -> LPT23 -> vCal1 -> DNp31,"0.28828829,0.08139647,0.00857050,0.01423488,0.09349766"
T4a,720575940640283701,DNp31,720575940628132745,5,1.204496599316891e-07,0.008570498680070879,T4a -> LPi14 -> Am1 -> LPT23 -> vCal1 -> DNp31,"0.28828829,0.08139647,0.00857050,0.01423488,0.04207395"
T4a,720575940640779984,DNp15,720575940623431351,5,2.863549078827981e-06,0.028450008906532306,T4a -> LPi14 -> Am1 -> LPi15 -> HSE -> DNp15,"0.19310345,0.07629601,0.05724515,0.02845001,0.11934156"
T4a,720575940640779984,DNp15,720575940623431351,5,3.1426327203758055e-06,0.026032521566531797,T4a -> LPi14 -> Am1 -> LPi15 -> HSN -> DNp15,"0.19310345,0.07629601,0.05724515,0.02603252,0.14313535"
T4a,720575940640779984,DNp18,720575940627949589,5,1.1544365095258062e-06,0.026032521566531797,T4a -> LPi14 -> Am1 -> LPi15 -> HSN -> DNp18,"0.19310345,0.07629601,0.05724515,0.02603252,0.05258033"
T4a,720575940640779984,DNae002,720575940620380449,5,9.83408878484946e-07,0.026032521566531797,T4a -> LPi14 -> Am1 -> LPi15 -> HSN -> DNae002,"0.19310345,0.07629601,0.05724515,0.02603252,0.04479065"
T4a,720575940640779984,DNae010,720575940630868281,5,8.978950629645159e-07,0.026032521566531797,T4a -> LPi14 -> Am1 -> LPi15 -> HSN -> DNae010,"0.19310345,0.07629601,0.05724515,0.02603252,0.04089581"
T4a,720575940640779984,DNp26,720575940627732361,5,9.423000402192005e-07,0.02147746647326768,T4a -> LPi14 -> Am1 -> LPi15 -> LPT26 -> DNp26,"0.19310345,0.07629601,0.05724515,0.02147747,0.05202064"
T4a,720575940640779984,DNae002,720575940620380449,5,1.1018025011682121e-07,0.008837947938962922,T4a -> LPi14 -> Am1 -> DCH -> LPT22 -> DNae002,"0.19310345,0.07629601,0.03200376,0.00883795,0.02643988"
T4a,720575940640779984,DNae002,720575940620380449,5,5.976589265526696e-08,0.007047707558859975,T4a -> LPi14 -> Am1 -> VCH -> LPT22 -> DNae002,"0.19310345,0.07629601,0.02176979,0.00704771,0.02643988"
T4a,720575940640779984,DNp31,720575940632189900,5,1.6805535522384243e-07,0.008570498680070879,T4a -> LPi14 -> Am1 -> LPT23 -> vCal1 -> DNp31,"0.19310345,0.07629601,0.00857050,0.01423488,0.09349766"
T4a,720575940640779984,DNp31,720575940628132745,5,7.562490985072909e-08,0.008570498680070879,T4a -> LPi14 -> Am1 -> LPT23 -> vCal1 -> DNp31,"0.19310345,0.07629601,0.00857050,0.01423488,0.04207395"
T4a,720575940626623516,DNp15,720575940623431351,5,3.6464983878517906e-06,0.028450008906532306,T4a -> LPi14 -> Am1 -> LPi15 -> HSE -> DNp15,"0.24590164,0.07629601,0.05724515,0.02845001,0.11934156"
T4a,720575940626623516,DNp15,720575940623431351,5,4.0018888564504555e-06,0.026032521566531797,T4a -> LPi14 -> Am1 -> LPi15 -> HSN -> DNp15,"0.24590164,0.07629601,0.05724515,0.02603252,0.14313535"
T4a,720575940626623516,DNp18,720575940627949589,5,1.470081620736902e-06,0.026032521566531797,T4a -> LPi14 -> Am1 -> LPi15 -> HSN -> DNp18,"0.24590164,0.07629601,0.05724515,0.02603252,0.05258033"
T4a,720575940626623516,DNae002,720575940620380449,5,1.2522917509981017e-06,0.026032521566531797,T4a -> LPi14 -> Am1 -> LPi15 -> HSN -> DNae002,"0.24590164,0.07629601,0.05724515,0.02603252,0.04479065"
T4a,720575940626623516,DNae010,720575940630868281,5,1.1433968161287016e-06,0.026032521566531797,T4a -> LPi14 -> Am1 -> LPi15 -> HSN -> DNae010,"0.24590164,0.07629601,0.05724515,0.02603252,0.04089581"
T4a,720575940626623516,DNp26,720575940627732361,5,1.199942966906769e-06,0.02147746647326768,T4a -> LPi14 -> Am1 -> LPi15 -> LPT26 -> DNp26,"0.24590164,0.07629601,0.05724515,0.02147747,0.05202064"
T4a,720575940626623516,DNae002,720575940620380449,5,1.4030564637241577e-07,0.008837947938962922,T4a -> LPi14 -> Am1 -> DCH -> LPT22 -> DNae002,"0.24590164,0.07629601,0.03200376,0.00883795,0.02643988"
T4a,720575940626623516,DNae002,720575940620380449,5,7.610703543630307e-08,0.007047707558859975,T4a -> LPi14 -> Am1 -> VCH -> LPT22 -> DNae002,"0.24590164,0.07629601,0.02176979,0.00704771,0.02643988"
T4a,720575940626623516,DNp31,720575940632189900,5,2.140049166345769e-07,0.008570498680070879,T4a -> LPi14 -> Am1 -> LPT23 -> vCal1 -> DNp31,"0.24590164,0.07629601,0.00857050,0.01423488,0.09349766"
T4a,720575940626623516,DNp31,720575940628132745,5,9.63022124855596e-08,0.008570498680070879,T4a -> LPi14 -> Am1 -> LPT23 -> vCal1 -> DNp31,"0.24590164,0.07629601,0.00857050,0.01423488,0.04207395"
T4a,720575940623517320,DNp15,720575940623431351,5,2.8505282966893233e-06,0.028450008906532306,T4a -> LPi14 -> Am1 -> LPi15 -> HSE -> DNp15,"0.18018018,0.08139647,0.05724515,0.02845001,0.11934156"
T4a,720575940623517320,DNp15,720575940623431351,5,3.1283429230413116e-06,0.026032521566531797,T4a -> LPi14 -> Am1 -> LPi15 -> HSN -> DNp15,"0.18018018,0.08139647,0.05724515,0.02603252,0.14313535"
T4a,720575940623517320,DNp18,720575940627949589,5,1.1491871962192573e-06,0.026032521566531797,T4a -> LPi14 -> Am1 -> LPi15 -> HSN -> DNp18,"0.18018018,0.08139647,0.05724515,0.02603252,0.05258033"
T4a,720575940623517320,DNae002,720575940620380449,5,9.789372412238119e-07,0.026032521566531797,T4a -> LPi14 -> Am1 -> LPi15 -> HSN -> DNae002,"0.18018018,0.08139647,0.05724515,0.02603252,0.04479065"
T4a,720575940623517320,DNae010,720575940630868281,5,8.93812263726089e-07,0.026032521566531797,T4a -> LPi14 -> Am1 -> LPi15 -> HSN -> DNae010,"0.18018018,0.08139647,0.05724515,0.02603252,0.04089581"
T4a,720575940623517320,DNp26,720575940627732361,5,9.380153280682343e-07,0.02147746647326768,T4a -> LPi14 -> Am1 -> LPi15 -> LPT26 -> DNp26,"0.18018018,0.08139647,0.05724515,0.02147747,0.05202064"
T4a,720575940623517320,DNae002,720575940620380449,5,1.0967925188237112e-07,0.008837947938962922,T4a -> LPi14 -> Am1 -> DCH -> LPT22 -> DNae002,"0.18018018,0.08139647,0.03200376,0.00883795,0.02643988"
T4a,720575940623517320,DNae002,720575940620380449,5,5.9494132456239705e-08,0.007047707558859975,T4a -> LPi14 -> Am1 -> VCH -> LPT22 -> DNae002,"0.18018018,0.08139647,0.02176979,0.00704771,0.02643988"
T4a,720575940623517320,DNp31,720575940632189900,5,1.672911943495682e-07,0.008570498680070879,T4a -> LPi14 -> Am1 -> LPT23 -> vCal1 -> DNp31,"0.18018018,0.08139647,0.00857050,0.01423488,0.09349766"
T4a,720575940623517320,DNp31,720575940628132745,5,7.528103745730569e-08,0.008570498680070879,T4a -> LPi14 -> Am1 -> LPT23 -> vCal1 -> DNp31,"0.18018018,0.08139647,0.00857050,0.01423488,0.04207395"
T4a,720575940637988954,DNae002,720575940620380449,5,2.0073620920194152e-07,0.007047707558859975,T4a -> LPi14 -> H2 -> VCH -> LPT22 -> DNae002,"0.15048544,0.07330021,0.09766044,0.00704771,0.02643988"
T4a,720575940637988954,DNae002,720575940620380449,5,2.1521249736684093e-07,0.008837947938962922,T4a -> LPi14 -> H2 -> DCH -> LPT22 -> DNae002,"0.15048544,0.07330021,0.08349431,0.00883795,0.02643988"
T4a,720575940637988954,DNb03,720575940611016910,3,0.0004687833497175753,0.04249839021249195,T4a -> LPi14 -> H2 -> DNb03,"0.15048544,0.07330021,0.04249839"
T4a,720575940637988954,DNb03,720575940627997050,3,0.00045931297901621014,0.04163983687486585,T4a -> LPi14 -> H2 -> DNb03,"0.15048544,0.07330021,0.04163984"
T4a,720575940637988954,DNp15,720575940623431351,3,0.00040959353283404303,0.037132431852328826,T4a -> LPi14 -> H2 -> DNp15,"0.15048544,0.07330021,0.03713243"
T4a,720575940637988954,DNp15,720575940616293855,5,4.491526527225847e-07,0.024039493453530802,T4a -> LPi14 -> H2 -> CB0268 -> PS234 -> DNp15,"0.15048544,0.07330021,0.02403949,0.02590674,0.06538171"
T4a,720575940637988954,DNa16,720575940632962786,5,2.9856968244564877e-07,0.024039493453530802,T4a -> LPi14 -> H2 -> CB0268 -> PS234 -> DNa16,"0.15048544,0.07330021,0.02403949,0.02590674,0.04346183"
T4a,720575940637988954,DNg41,720575940622037926,3,0.00023675926753412895,0.021463833440652502,T4a -> LPi14 -> H2 -> DNg41,"0.15048544,0.07330021,0.02146383"
T4a,720575940637988954,DNa02,720575940629327659,5,7.489909504395737e-07,0.03593140078070007,T4a -> LPi14 -> Am1 -> LPi15 -> HSS -> DNa02,"0.15048544,0.06622201,0.05190589,0.03593140,0.04029851"
T4a,720575940637988954,DNp18,720575940618440000,5,5.270677058648852e-07,0.028358208955223882,T4a -> LPi14 -> Am1 -> LPi15 -> HSS -> DNp18,"0.15048544,0.06622201,0.05190589,0.03593140,0.02835821"
T4a,720575940631002199,DNae002,720575940620380449,5,2.6126226595803604e-07,0.007047707558859975,T4a -> HSS -> CB0268 -> VCH -> LPT22 -> DNae002,"0.15463918,0.06343284,0.14293405,0.00704771,0.02643988"
T4a,720575940631002199,DNae002,720575940620380449,5,2.640763454535828e-07,0.008837947938962922,T4a -> HSS -> CB0268 -> DCH -> LPT22 -> DNae002,"0.15463918,0.06343284,0.11520861,0.00883795,0.02643988"
T4a,720575940631002199,DNa02,720575940604737708,5,1.1533380115737593e-06,0.03272032481490327,T4a -> HSS -> CB0268 -> PS047a -> LAL046 -> DNa02,"0.15463918,0.06343284,0.05814266,0.03272032,0.06180312"
T4a,720575940631002199,DNae002,720575940620380449,5,9.155363597028812e-07,0.03272032481490327,T4a -> HSS -> CB0268 -> PS047a -> LAL046 -> DNae002,"0.15463918,0.06343284,0.05814266,0.03272032,0.04906021"
T4a,720575940631002199,DNa16,720575940621519130,5,8.025805750642141e-07,0.03272032481490327,T4a -> HSS -> CB0268 -> PS047a -> LAL046 -> DNa16,"0.15463918,0.06343284,0.05814266,0.03272032,0.04300733"
T4a,720575940631002199,DNa16,720575940632962786,5,8.853989058298292e-07,0.031048483401003104,T4a -> HSS -> CB0268 -> PS047a -> LAL126 -> DNa16,"0.15463918,0.06343284,0.05814266,0.03104848,0.05000000"
T4a,720575940631002199,DNg41,720575940622037926,4,1.4847458574684827e-05,0.026032959159302604,T4a -> HSS -> CB0268 -> PS047a -> DNg41,"0.15463918,0.06343284,0.05814266,0.02603296"
T4a,720575940631002199,DNg41,720575940622037926,5,8.494132775602353e-07,0.026032959159302604,T4a -> HSS -> CB0268 -> PS234 -> PS047a -> DNg41,"0.15463918,0.06343284,0.03768506,0.08826584,0.02603296"
T4a,720575940631002199,DNp15,720575940623431351,4,3.1860653171183e-05,0.03768506056527591,T4a -> HSS -> CB0268 -> PS234 -> DNp15,"0.15463918,0.06343284,0.03768506,0.08618899"
T4a,720575940631002199,DNa16,720575940621519130,4,1.497066835754382e-05,0.03768506056527591,T4a -> HSS -> CB0268 -> PS234 -> DNa16,"0.15463918,0.06343284,0.03768506,0.04049844"
T4a,720575940612923762,DNae002,720575940620380449,5,3.843511233598684e-07,0.007047707558859975,T4a -> LPi14 -> H2 -> VCH -> LPT22 -> DNae002,"0.28813559,0.07330021,0.09766044,0.00704771,0.02643988"
T4a,720575940612923762,DNae002,720575940620380449,5,4.1206898074285236e-07,0.008837947938962922,T4a -> LPi14 -> H2 -> DCH -> LPT22 -> DNae002,"0.28813559,0.07330021,0.08349431,0.00883795,0.02643988"
T4a,720575940612923762,DNb03,720575940611016910,3,0.0008975829910940124,0.04249839021249195,T4a -> LPi14 -> H2 -> DNb03,"0.28813559,0.07330021,0.04249839"
T4a,720575940612923762,DNb03,720575940627997050,3,0.0008794500013749414,0.04163983687486585,T4a -> LPi14 -> H2 -> DNb03,"0.28813559,0.07330021,0.04163984"
T4a,720575940612923762,DNp15,720575940623431351,3,0.0007842518053498189,0.037132431852328826,T4a -> LPi14 -> H2 -> DNp15,"0.28813559,0.07330021,0.03713243"
T4a,720575940612923762,DNp15,720575940616293855,5,8.599959485153045e-07,0.024039493453530802,T4a -> LPi14 -> H2 -> CB0268 -> PS234 -> DNp15,"0.28813559,0.07330021,0.02403949,0.02590674,0.06538171"
T4a,720575940612923762,DNa16,720575940632962786,5,5.716736073945664e-07,0.024039493453530802,T4a -> LPi14 -> H2 -> CB0268 -> PS234 -> DNa16,"0.28813559,0.07330021,0.02403949,0.02590674,0.04346183"
T4a,720575940612923762,DNg41,720575940622037926,3,0.000453324742976774,0.021463833440652502,T4a -> LPi14 -> H2 -> DNg41,"0.28813559,0.07330021,0.02146383"
T4a,720575940612923762,DNa02,720575940629327659,5,1.4340985830723826e-06,0.03593140078070007,T4a -> LPi14 -> Am1 -> LPi15 -> HSS -> DNa02,"0.28813559,0.06622201,0.05190589,0.03593140,0.04029851"
T4a,720575940612923762,DNp18,720575940618440000,5,1.0091804843842691e-06,0.028358208955223882,T4a -> LPi14 -> Am1 -> LPi15 -> HSS -> DNp18,"0.28813559,0.06622201,0.05190589,0.03593140,0.02835821"
T4a,720575940612670361,DNae002,720575940620380449,5,6.868389842808467e-07,0.007047707558859975,T4a -> HSE -> CB0268 -> VCH -> LPT22 -> DNae002,"0.19101124,0.13500597,0.14293405,0.00704771,0.02643988"
T4a,720575940612670361,DNae002,720575940620380449,5,6.942369890991826e-07,0.008837947938962922,T4a -> HSE -> CB0268 -> DCH -> LPT22 -> DNae002,"0.19101124,0.13500597,0.11520861,0.00883795,0.02643988"
T4a,720575940612670361,DNa02,720575940604737708,5,3.0320394929478587e-06,0.03272032481490327,T4a -> HSE -> CB0268 -> PS047a -> LAL046 -> DNa02,"0.19101124,0.13500597,0.05814266,0.03272032,0.06180312"
T4a,720575940612670361,DNae002,720575940620380449,5,2.4068767108967536e-06,0.03272032481490327,T4a -> HSE -> CB0268 -> PS047a -> LAL046 -> DNae002,"0.19101124,0.13500597,0.05814266,0.03272032,0.04906021"
T4a,720575940612670361,DNa16,720575940621519130,5,2.109924389422479e-06,0.03272032481490327,T4a -> HSE -> CB0268 -> PS047a -> LAL046 -> DNa16,"0.19101124,0.13500597,0.05814266,0.03272032,0.04300733"
T4a,720575940612670361,DNa16,720575940632962786,5,2.3276475955437442e-06,0.031048483401003104,T4a -> HSE -> CB0268 -> PS047a -> LAL126 -> DNa16,"0.19101124,0.13500597,0.05814266,0.03104848,0.05000000"
T4a,720575940612670361,DNg41,720575940622037926,4,3.903285967911817e-05,0.026032959159302604,T4a -> HSE -> CB0268 -> PS047a -> DNg41,"0.19101124,0.13500597,0.05814266,0.02603296"
T4a,720575940612670361,DNg41,720575940622037926,5,2.2330440664854537e-06,0.026032959159302604,T4a -> HSE -> CB0268 -> PS234 -> PS047a -> DNg41,"0.19101124,0.13500597,0.03768506,0.08826584,0.02603296"
T4a,720575940612670361,DNp15,720575940623431351,4,8.375927760702551e-05,0.03768506056527591,T4a -> HSE -> CB0268 -> PS234 -> DNp15,"0.19101124,0.13500597,0.03768506,0.08618899"
T4a,720575940612670361,DNa16,720575940621519130,4,3.9356768996072224e-05,0.03768506056527591,T4a -> HSE -> CB0268 -> PS234 -> DNa16,"0.19101124,0.13500597,0.03768506,0.04049844"
T4a,720575940622720717,DNa02,720575940629327659,5,1.2990953578346622e-06,0.03593140078070007,T4a -> LPi14 -> Am1 -> LPi15 -> HSS -> DNa02,"0.21739130,0.07950952,0.05190589,0.03593140,0.04029851"
T4a,720575940622720717,DNp18,720575940618440000,5,9.141782147725401e-07,0.028358208955223882,T4a -> LPi14 -> Am1 -> LPi15 -> HSS -> DNp18,"0.21739130,0.07950952,0.05190589,0.03593140,0.02835821"
T4a,720575940622720717,DNg41,720575940636329579,5,8.901208933311575e-07,0.027611940298507463,T4a -> LPi14 -> Am1 -> LPi15 -> HSS -> DNg41,"0.21739130,0.07950952,0.05190589,0.03593140,0.02761194"
T4a,720575940622720717,DNp15,720575940616293855,5,2.32785914201629e-06,0.028956293594419914,T4a -> LPi14 -> Am1 -> LPi15 -> HSE -> DNp15,"0.21739130,0.07950952,0.05190589,0.02895629,0.08960573"
T4a,720575940622720717,DNp15,720575940616293855,5,3.0557686382648884e-06,0.020189415754783387,T4a -> LPi14 -> Am1 -> LPi15 -> HSN -> DNp15,"0.21739130,0.07950952,0.05190589,0.02018942,0.16870144"
T4a,720575940622720717,DNa02,720575940629327659,5,5.830084901952747e-07,0.020189415754783387,T4a -> LPi14 -> Am1 -> LPi15 -> HSN -> DNa02,"0.21739130,0.07950952,0.05190589,0.02018942,0.03218646"
T4a,720575940622720717,DNp26,720575940619432261,5,1.2967716669522473e-06,0.01711780892045818,T4a -> LPi14 -> Am1 -> LPi15 -> LPT26 -> DNp26,"0.21739130,0.07950952,0.05190589,0.01711781,0.08443790"
T4a,720575940622720717,DNae002,720575940627139530,5,1.0105690925178248e-07,0.009160420925126807,T4a -> LPi14 -> Am1 -> VCH -> LPT22 -> DNae002,"0.21739130,0.07950952,0.02469037,0.00916042,0.02585007"
T4a,720575940622720717,DNb03,720575940627997050,5,8.986470140451456e-08,0.005375123022181846,T4a -> LPi14 -> Am1 -> VCH -> Nod5 -> DNb03,"0.21739130,0.07950952,0.02469037,0.00537512,0.03917526"
T4a,720575940622720717,DNb03,720575940611016910,5,8.158768943304611e-08,0.005375123022181846,T4a -> LPi14 -> Am1 -> VCH -> Nod5 -> DNb03,"0.21739130,0.07950952,0.02469037,0.00537512,0.03556701"
T4a,720575940630775545,DNae002,720575940620380449,5,2.1061965583497428e-07,0.007047707558859975,T4a -> LPi14 -> H2 -> VCH -> LPT22 -> DNae002,"0.15789474,0.07330021,0.09766044,0.00704771,0.02643988"
T4a,720575940630775545,DNae002,720575940620380449,5,2.2580869842564972e-07,0.008837947938962922,T4a -> LPi14 -> H2 -> DCH -> LPT22 -> DNae002,"0.15789474,0.07330021,0.08349431,0.00883795,0.02643988"
T4a,720575940630775545,DNb03,720575940611016910,3,0.0004918643635406817,0.04249839021249195,T4a -> LPi14 -> H2 -> DNb03,"0.15789474,0.07330021,0.04249839"
T4a,720575940630775545,DNb03,720575940627997050,3,0.00048192770973177904,0.04163983687486585,T4a -> LPi14 -> H2 -> DNb03,"0.15789474,0.07330021,0.04163984"
T4a,720575940630775545,DNp15,720575940623431351,3,0.00042976027723504005,0.037132431852328826,T4a -> LPi14 -> H2 -> DNp15,"0.15789474,0.07330021,0.03713243"
T4a,720575940630775545,DNp15,720575940616293855,5,4.7126712968176123e-07,0.024039493453530802,T4a -> LPi14 -> H2 -> CB0268 -> PS234 -> DNp15,"0.15789474,0.07330021,0.02403949,0.02590674,0.06538171"
T4a,720575940630775545,DNa16,720575940632962786,5,3.132700573029048e-07,0.024039493453530802,T4a -> LPi14 -> H2 -> CB0268 -> PS234 -> DNa16,"0.15789474,0.07330021,0.02403949,0.02590674,0.04346183"
T4a,720575940630775545,DNg41,720575940622037926,3,0.0002484163452225665,0.021463833440652502,T4a -> LPi14 -> H2 -> DNg41,"0.15789474,0.07330021,0.02146383"
T4a,720575940630775545,DNa02,720575940629327659,5,7.858682637888904e-07,0.03593140078070007,T4a -> LPi14 -> Am1 -> LPi15 -> HSS -> DNa02,"0.15789474,0.06622201,0.05190589,0.03593140,0.04029851"
T4a,720575940630775545,DNp18,720575940618440000,5,5.530184078514414e-07,0.028358208955223882,T4a -> LPi14 -> Am1 -> LPi15 -> HSS -> DNp18,"0.15789474,0.06622201,0.05190589,0.03593140,0.02835821"
T4a,720575940621149094,DNae002,720575940620380449,5,2.0123860794577285e-07,0.007047707558859975,T4a -> LPi14 -> H2 -> VCH -> LPT22 -> DNae002,"0.15086207,0.07330021,0.09766044,0.00704771,0.02643988"
T4a,720575940621149094,DNae002,720575940620380449,5,2.1575112708772566e-07,0.008837947938962922,T4a -> LPi14 -> H2 -> DCH -> LPT22 -> DNae002,"0.15086207,0.07330021,0.08349431,0.00883795,0.02643988"
T4a,720575940621149094,DNb03,720575940611016910,3,0.00046995661171631226,0.04249839021249195,T4a -> LPi14 -> H2 -> DNb03,"0.15086207,0.07330021,0.04249839"
T4a,720575940621149094,DNb03,720575940627997050,3,0.00046046253875234636,0.04163983687486585,T4a -> LPi14 -> H2 -> DNb03,"0.15086207,0.07330021,0.04163984"
T4a,720575940621149094,DNp15,720575940623431351,3,0.00041061865569152534,0.037132431852328826,T4a -> LPi14 -> H2 -> DNp15,"0.15086207,0.07330021,0.03713243"
T4a,720575940621149094,DNp15,720575940616293855,5,4.502767833884643e-07,0.024039493453530802,T4a -> LPi14 -> H2 -> CB0268 -> PS234 -> DNp15,"0.15086207,0.07330021,0.02403949,0.02590674,0.06538171"
T4a,720575940621149094,DNa16,720575940632962786,5,2.9931693693452823e-07,0.024039493453530802,T4a -> LPi14 -> H2 -> CB0268 -> PS234 -> DNa16,"0.15086207,0.07330021,0.02403949,0.02590674,0.04346183"
T4a,720575940621149094,DNg41,720575940622037926,3,0.0002373518240991476,0.021463833440652502,T4a -> LPi14 -> H2 -> DNg41,"0.15086207,0.07330021,0.02146383"
T4a,720575940621149094,DNa02,720575940629327659,5,7.508655106603625e-07,0.03593140078070007,T4a -> LPi14 -> Am1 -> LPi15 -> HSS -> DNa02,"0.15086207,0.06622201,0.05190589,0.03593140,0.04029851"
T4a,720575940621149094,DNp18,720575940618440000,5,5.283868408350699e-07,0.028358208955223882,T4a -> LPi14 -> Am1 -> LPi15 -> HSS -> DNp18,"0.15086207,0.06622201,0.05190589,0.03593140,0.02835821"
T4a,720575940618504081,DNae002,720575940620380449,5,2.242881880720523e-07,0.007047707558859975,T4a -> LPi14 -> H2 -> VCH -> LPT22 -> DNae002,"0.16814159,0.07330021,0.09766044,0.00704771,0.02643988"
T4a,720575940618504081,DNae002,720575940620380449,5,2.4046295024088365e-07,0.008837947938962922,T4a -> LPi14 -> H2 -> DCH -> LPT22 -> DNae002,"0.16814159,0.07330021,0.08349431,0.00883795,0.02643988"
T4a,720575940618504081,DNb03,720575940611016910,3,0.0005237847647144133,0.04249839021249195,T4a -> LPi14 -> H2 -> DNb03,"0.16814159,0.07330021,0.04249839"
T4a,720575940618504081,DNb03,720575940627997050,3,0.0005132032543161423,0.04163983687486585,T4a -> LPi14 -> H2 -> DNb03,"0.16814159,0.07330021,0.04163984"
T4a,720575940618504081,DNp15,720575940623431351,3,0.0004576503247252197,0.037132431852328826,T4a -> LPi14 -> H2 -> DNp15,"0.16814159,0.07330021,0.03713243"
T4a,720575940618504081,DNp15,720575940616293855,5,5.018508372127311e-07,0.024039493453530802,T4a -> LPi14 -> H2 -> CB0268 -> PS234 -> DNp15,"0.16814159,0.07330021,0.02403949,0.02590674,0.06538171"
T4a,720575940618504081,DNa16,720575940632962786,5,3.33600267511353e-07,0.024039493453530802,T4a -> LPi14 -> H2 -> CB0268 -> PS234 -> DNa16,"0.16814159,0.07330021,0.02403949,0.02590674,0.04346183"
T4a,720575940618504081,DNg41,720575940622037926,3,0.0002645377599567744,0.021463833440652502,T4a -> LPi14 -> H2 -> DNg41,"0.16814159,0.07330021,0.02146383"
T4a,720575940618504081,DNa02,720575940629327659,5,8.368685640937744e-07,0.03593140078070007,T4a -> LPi14 -> Am1 -> LPi15 -> HSS -> DNa02,"0.16814159,0.06622201,0.05190589,0.03593140,0.04029851"
T4a,720575940618504081,DNp18,720575940618440000,5,5.889075080659894e-07,0.028358208955223882,T4a -> LPi14 -> Am1 -> LPi15 -> HSS -> DNp18,"0.16814159,0.06622201,0.05190589,0.03593140,0.02835821"
T4a,720575940618981278,DNa02,720575940629327659,5,1.1066367863036011e-06,0.03593140078070007,T4a -> LPi14 -> Am1 -> LPi15 -> HSS -> DNa02,"0.18518519,0.07950952,0.05190589,0.03593140,0.04029851"
T4a,720575940618981278,DNp18,720575940618440000,5,7.787444051766082e-07,0.028358208955223882,T4a -> LPi14 -> Am1 -> LPi15 -> HSS -> DNp18,"0.18518519,0.07950952,0.05190589,0.03593140,0.02835821"
T4a,720575940618981278,DNg41,720575940636329579,5,7.582511313561711e-07,0.027611940298507463,T4a -> LPi14 -> Am1 -> LPi15 -> HSS -> DNg41,"0.18518519,0.07950952,0.05190589,0.03593140,0.02761194"
T4a,720575940618981278,DNp15,720575940616293855,5,1.9829911209768394e-06,0.028956293594419914,T4a -> LPi14 -> Am1 -> LPi15 -> HSE -> DNp15,"0.18518519,0.07950952,0.05190589,0.02895629,0.08960573"
T4a,720575940618981278,DNp15,720575940616293855,5,2.6030621733367566e-06,0.020189415754783387,T4a -> LPi14 -> Am1 -> LPi15 -> HSN -> DNp15,"0.18518519,0.07950952,0.05190589,0.02018942,0.16870144"
T4a,720575940618981278,DNa02,720575940629327659,5,4.966368620181969e-07,0.020189415754783387,T4a -> LPi14 -> Am1 -> LPi15 -> HSN -> DNa02,"0.18518519,0.07950952,0.05190589,0.02018942,0.03218646"
T4a,720575940618981278,DNp26,720575940619432261,5,1.1046573459222846e-06,0.01711780892045818,T4a -> LPi14 -> Am1 -> LPi15 -> LPT26 -> DNp26,"0.18518519,0.07950952,0.05190589,0.01711781,0.08443790"
T4a,720575940618981278,DNae002,720575940627139530,5,8.608551528855544e-08,0.009160420925126807,T4a -> LPi14 -> Am1 -> VCH -> LPT22 -> DNae002,"0.18518519,0.07950952,0.02469037,0.00916042,0.02585007"
T4a,720575940618981278,DNb03,720575940627997050,5,7.655141230754944e-08,0.005375123022181846,T4a -> LPi14 -> Am1 -> VCH -> Nod5 -> DNb03,"0.18518519,0.07950952,0.02469037,0.00537512,0.03917526"
T4a,720575940618981278,DNb03,720575940611016910,5,6.95006243318541e-08,0.005375123022181846,T4a -> LPi14 -> Am1 -> VCH -> Nod5 -> DNb03,"0.18518519,0.07950952,0.02469037,0.00537512,0.03556701"
T4a,720575940645393774,DNa02,720575940629327659,5,1.1509022577557456e-06,0.03593140078070007,T4a -> LPi14 -> Am1 -> LPi15 -> HSS -> DNa02,"0.19259259,0.07950952,0.05190589,0.03593140,0.04029851"
T4a,720575940645393774,DNp18,720575940618440000,5,8.098941813836728e-07,0.028358208955223882,T4a -> LPi14 -> Am1 -> LPi15 -> HSS -> DNp18,"0.19259259,0.07950952,0.05190589,0.03593140,0.02835821"
T4a,720575940645393774,DNg41,720575940636329579,5,7.885811766104182e-07,0.027611940298507463,T4a -> LPi14 -> Am1 -> LPi15 -> HSS -> DNg41,"0.19259259,0.07950952,0.05190589,0.03593140,0.02761194"
T4a,720575940645393774,DNp15,720575940616293855,5,2.0623107658159135e-06,0.028956293594419914,T4a -> LPi14 -> Am1 -> LPi15 -> HSE -> DNp15,"0.19259259,0.07950952,0.05190589,0.02895629,0.08960573"
T4a,720575940645393774,DNp15,720575940616293855,5,2.7071846602702276e-06,0.020189415754783387,T4a -> LPi14 -> Am1 -> LPi15 -> HSN -> DNp15,"0.19259259,0.07950952,0.05190589,0.02018942,0.16870144"
T4a,720575940645393774,DNa02,720575940629327659,5,5.16502336498925e-07,0.020189415754783387,T4a -> LPi14 -> Am1 -> LPi15 -> HSN -> DNa02,"0.19259259,0.07950952,0.05190589,0.02018942,0.03218646"
T4a,720575940645393774,DNp26,720575940619432261,5,1.1488436397591763e-06,0.01711780892045818,T4a -> LPi14 -> Am1 -> LPi15 -> LPT26 -> DNp26,"0.19259259,0.07950952,0.05190589,0.01711781,0.08443790"
T4a,720575940645393774,DNae002,720575940627139530,5,8.952893590009768e-08,0.009160420925126807,T4a -> LPi14 -> Am1 -> VCH -> LPT22 -> DNae002,"0.19259259,0.07950952,0.02469037,0.00916042,0.02585007"
T4a,720575940645393774,DNb03,720575940627997050,5,7.961346879985143e-08,0.005375123022181846,T4a -> LPi14 -> Am1 -> VCH -> Nod5 -> DNb03,"0.19259259,0.07950952,0.02469037,0.00537512,0.03917526"
T4a,720575940645393774,DNb03,720575940611016910,5,7.228064930512826e-08,0.005375123022181846,T4a -> LPi14 -> Am1 -> VCH -> Nod5 -> DNb03,"0.19259259,0.07950952,0.02469037,0.00537512,0.03556701"
T4a,720575940632213063,DNa02,720575940629327659,5,9.95973107673241e-07,0.03593140078070007,T4a -> LPi14 -> Am1 -> LPi15 -> HSS -> DNa02,"0.16666667,0.07950952,0.05190589,0.03593140,0.04029851"
T4a,720575940632213063,DNp18,720575940618440000,5,7.008699646589474e-07,0.028358208955223882,T4a -> LPi14 -> Am1 -> LPi15 -> HSS -> DNp18,"0.16666667,0.07950952,0.05190589,0.03593140,0.02835821"
T4a,720575940632213063,DNg41,720575940636329579,5,6.824260182205541e-07,0.027611940298507463,T4a -> LPi14 -> Am1 -> LPi15 -> HSS -> DNg41,"0.16666667,0.07950952,0.05190589,0.03593140,0.02761194"
T4a,720575940632213063,DNp15,720575940616293855,5,1.7846920088791559e-06,0.028956293594419914,T4a -> LPi14 -> Am1 -> LPi15 -> HSE -> DNp15,"0.16666667,0.07950952,0.05190589,0.02895629,0.08960573"
T4a,720575940632213063,DNp15,720575940616293855,5,2.3427559560030812e-06,0.020189415754783387,T4a -> LPi14 -> Am1 -> LPi15 -> HSN -> DNp15,"0.16666667,0.07950952,0.05190589,0.02018942,0.16870144"
T4a,720575940632213063,DNa02,720575940629327659,5,4.4697317581637725e-07,0.020189415754783387,T4a -> LPi14 -> Am1 -> LPi15 -> HSN -> DNa02,"0.16666667,0.07950952,0.05190589,0.02018942,0.03218646"
T4a,720575940632213063,DNp26,720575940619432261,5,9.941916113300562e-07,0.01711780892045818,T4a -> LPi14 -> Am1 -> LPi15 -> LPT26 -> DNp26,"0.16666667,0.07950952,0.05190589,0.01711781,0.08443790"
T4a,720575940632213063,DNae002,720575940627139530,5,7.74769637596999e-08,0.009160420925126807,T4a -> LPi14 -> Am1 -> VCH -> LPT22 -> DNae002,"0.16666667,0.07950952,0.02469037,0.00916042,0.02585007"
T4a,720575940632213063,DNb03,720575940627997050,5,6.88962710767945e-08,0.005375123022181846,T4a -> LPi14 -> Am1 -> VCH -> Nod5 -> DNb03,"0.16666667,0.07950952,0.02469037,0.00537512,0.03917526"
T4a,720575940632213063,DNb03,720575940611016910,5,6.255056189866868e-08,0.005375123022181846,T4a -> LPi14 -> Am1 -> VCH -> Nod5 -> DNb03,"0.16666667,0.07950952,0.02469037,0.00537512,0.03556701"
T4a,720575940623731125,DNa02,720575940629327659,5,1.7831131443827377e-06,0.03593140078070007,T4a -> LPi14 -> Am1 -> LPi15 -> HSS -> DNa02,"0.29838710,0.07950952,0.05190589,0.03593140,0.04029851"
T4a,720575940623731125,DNp18,720575940618440000,5,1.2547833238248896e-06,0.028358208955223882,T4a -> LPi14 -> Am1 -> LPi15 -> HSS -> DNp18,"0.29838710,0.07950952,0.05190589,0.03593140,0.02835821"
T4a,720575940623731125,DNg41,720575940636329579,5,1.2217627100400241e-06,0.027611940298507463,T4a -> LPi14 -> Am1 -> LPi15 -> HSS -> DNg41,"0.29838710,0.07950952,0.05190589,0.03593140,0.02761194"
T4a,720575940623731125,DNp15,720575940616293855,5,3.1951744029933274e-06,0.028956293594419914,T4a -> LPi14 -> Am1 -> LPi15 -> HSE -> DNp15,"0.29838710,0.07950952,0.05190589,0.02895629,0.08960573"
T4a,720575940623731125,DNp15,720575940616293855,5,4.194288888973258e-06,0.020189415754783387,T4a -> LPi14 -> Am1 -> LPi15 -> HSN -> DNp15,"0.29838710,0.07950952,0.05190589,0.02018942,0.16870144"
T4a,720575940623731125,DNa02,720575940629327659,5,8.002261696067399e-07,0.020189415754783387,T4a -> LPi14 -> Am1 -> LPi15 -> HSN -> DNa02,"0.29838710,0.07950952,0.05190589,0.02018942,0.03218646"
T4a,720575940623731125,DNp26,720575940619432261,5,1.7799236912521975e-06,0.01711780892045818,T4a -> LPi14 -> Am1 -> LPi15 -> LPT26 -> DNp26,"0.29838710,0.07950952,0.05190589,0.01711781,0.08443790"
T4a,720575940623731125,DNae002,720575940627139530,5,1.3870875769881755e-07,0.009160420925126807,T4a -> LPi14 -> Am1 -> VCH -> LPT22 -> DNae002,"0.29838710,0.07950952,0.02469037,0.00916042,0.02585007"
T4a,720575940623731125,DNb03,720575940627997050,5,1.233465498310353e-07,0.005375123022181846,T4a -> LPi14 -> Am1 -> VCH -> Nod5 -> DNb03,"0.29838710,0.07950952,0.02469037,0.00537512,0.03917526"
T4a,720575940623731125,DNb03,720575940611016910,5,1.1198568339922943e-07,0.005375123022181846,T4a -> LPi14 -> Am1 -> VCH -> Nod5 -> DNb03,"0.29838710,0.07950952,0.02469037,0.00537512,0.03556701"
T4a,720575940617270621,DNp15,720575940623431351,5,2.471515573988436e-06,0.028450008906532306,T4a -> LPi14 -> Am1 -> LPi15 -> HSE -> DNp15,"0.16666667,0.07629601,0.05724515,0.02845001,0.11934156"
T4a,720575940617270621,DNp15,720575940623431351,5,2.712391336038642e-06,0.026032521566531797,T4a -> LPi14 -> Am1 -> LPi15 -> HSN -> DNp15,"0.16666667,0.07629601,0.05724515,0.02603252,0.14313535"
T4a,720575940617270621,DNp18,720575940627949589,5,9.963886540550114e-07,0.026032521566531797,T4a -> LPi14 -> Am1 -> LPi15 -> HSN -> DNp18,"0.16666667,0.07629601,0.05724515,0.02603252,0.05258033"
T4a,720575940617270621,DNae002,720575940620380449,5,8.487755201209356e-07,0.026032521566531797,T4a -> LPi14 -> Am1 -> LPi15 -> HSN -> DNae002,"0.16666667,0.07629601,0.05724515,0.02603252,0.04479065"
T4a,720575940617270621,DNae010,720575940630868281,5,7.749689531538977e-07,0.026032521566531797,T4a -> LPi14 -> Am1 -> LPi15 -> HSN -> DNae010,"0.16666667,0.07629601,0.05724515,0.02603252,0.04089581"
T4a,720575940617270621,DNp26,720575940627732361,5,8.132946775701434e-07,0.02147746647326768,T4a -> LPi14 -> Am1 -> LPi15 -> LPT26 -> DNp26,"0.16666667,0.07629601,0.05724515,0.02147747,0.05202064"
T4a,720575940617270621,DNae002,720575940620380449,5,9.509604920797068e-08,0.008837947938962922,T4a -> LPi14 -> Am1 -> DCH -> LPT22 -> DNae002,"0.16666667,0.07629601,0.03200376,0.00883795,0.02643988"
T4a,720575940617270621,DNae002,720575940620380449,5,5.158365735127208e-08,0.007047707558859975,T4a -> LPi14 -> Am1 -> VCH -> LPT22 -> DNae002,"0.16666667,0.07629601,0.02176979,0.00704771,0.02643988"
T4a,720575940617270621,DNp31,720575940632189900,5,1.450477768301021e-07,0.008570498680070879,T4a -> LPi14 -> Am1 -> LPT23 -> vCal1 -> DNp31,"0.16666667,0.07629601,0.00857050,0.01423488,0.09349766"
T4a,720575940617270621,DNp31,720575940628132745,5,6.527149957354595e-08,0.008570498680070879,T4a -> LPi14 -> Am1 -> LPT23 -> vCal1 -> DNp31,"0.16666667,0.07629601,0.00857050,0.01423488,0.04207395"
T4a,720575940618774848,DNp15,720575940623431351,5,3.352674341006781e-06,0.028450008906532306,T4a -> LPi14 -> Am1 -> LPi15 -> HSE -> DNp15,"0.21192053,0.08139647,0.05724515,0.02845001,0.11934156"
T4a,720575940618774848,DNp15,720575940623431351,5,3.679428497563821e-06,0.026032521566531797,T4a -> LPi14 -> Am1 -> LPi15 -> HSN -> DNp15,"0.21192053,0.08139647,0.05724515,0.02603252,0.14313535"
T4a,720575940618774848,DNp18,720575940627949589,5,1.3516267950234446e-06,0.026032521566531797,T4a -> LPi14 -> Am1 -> LPi15 -> HSN -> DNp18,"0.21192053,0.08139647,0.05724515,0.02603252,0.05258033"
T4a,720575940618774848,DNae002,720575940620380449,5,1.1513857883533047e-06,0.026032521566531797,T4a -> LPi14 -> Am1 -> LPi15 -> HSN -> DNae002,"0.21192053,0.08139647,0.05724515,0.02603252,0.04479065"
T4a,720575940618774848,DNae010,720575940630868281,5,1.0512652850182347e-06,0.026032521566531797,T4a -> LPi14 -> Am1 -> LPi15 -> HSN -> DNae010,"0.21192053,0.08139647,0.05724515,0.02603252,0.04089581"
T4a,720575940618774848,DNp26,720575940627732361,5,1.1032551143372082e-06,0.02147746647326768,T4a -> LPi14 -> Am1 -> LPi15 -> LPT26 -> DNp26,"0.21192053,0.08139647,0.05724515,0.02147747,0.05202064"
T4a,720575940618774848,DNae002,720575940620380449,5,1.2900023267754382e-07,0.008837947938962922,T4a -> LPi14 -> Am1 -> DCH -> LPT22 -> DNae002,"0.21192053,0.08139647,0.03200376,0.00883795,0.02643988"
T4a,720575940618774848,DNae002,720575940620380449,5,6.997455578959055e-08,0.007047707558859975,T4a -> LPi14 -> Am1 -> VCH -> LPT22 -> DNae002,"0.21192053,0.08139647,0.02176979,0.00704771,0.02643988"
T4a,720575940618774848,DNp31,720575940632189900,5,1.9676103388399544e-07,0.008570498680070879,T4a -> LPi14 -> Am1 -> LPT23 -> vCal1 -> DNp31,"0.21192053,0.08139647,0.00857050,0.01423488,0.09349766"
T4a,720575940618774848,DNp31,720575940628132745,5,8.854246524779795e-08,0.008570498680070879,T4a -> LPi14 -> Am1 -> LPT23 -> vCal1 -> DNp31,"0.21192053,0.08139647,0.00857050,0.01423488,0.04207395"
T4a,720575940618087709,DNa02,720575940629327659,5,1.0818328583347272e-06,0.03593140078070007,T4a -> LPi14 -> Am1 -> LPi15 -> HSS -> DNa02,"0.18103448,0.07950952,0.05190589,0.03593140,0.04029851"
T4a,720575940618087709,DNp18,720575940618440000,5,7.612897891985118e-07,0.028358208955223882,T4a -> LPi14 -> Am1 -> LPi15 -> HSS -> DNp18,"0.18103448,0.07950952,0.05190589,0.03593140,0.02835821"
T4a,720575940618087709,DNg41,720575940636329579,5,7.412558473774984e-07,0.027611940298507463,T4a -> LPi14 -> Am1 -> LPi15 -> HSS -> DNg41,"0.18103448,0.07950952,0.05190589,0.03593140,0.02761194"
T4a,720575940618087709,DNp15,720575940616293855,5,1.9385447682652902e-06,0.028956293594419914,T4a -> LPi14 -> Am1 -> LPi15 -> HSE -> DNp15,"0.18103448,0.07950952,0.05190589,0.02895629,0.08960573"
T4a,720575940618087709,DNp15,720575940616293855,5,2.5447176763481747e-06,0.020189415754783387,T4a -> LPi14 -> Am1 -> LPi15 -> HSN -> DNp15,"0.18103448,0.07950952,0.05190589,0.02018942,0.16870144"
T4a,720575940618087709,DNa02,720575940629327659,5,4.855053461453754e-07,0.020189415754783387,T4a -> LPi14 -> Am1 -> LPi15 -> HSN -> DNa02,"0.18103448,0.07950952,0.05190589,0.02018942,0.03218646"
T4a,720575940618087709,DNp26,720575940619432261,5,1.0798977847205784e-06,0.01711780892045818,T4a -> LPi14 -> Am1 -> LPi15 -> LPT26 -> DNp26,"0.18103448,0.07950952,0.05190589,0.01711781,0.08443790"
T4a,720575940618087709,DNae002,720575940627139530,5,8.415601235967403e-08,0.009160420925126807,T4a -> LPi14 -> Am1 -> VCH -> LPT22 -> DNae002,"0.18103448,0.07950952,0.02469037,0.00916042,0.02585007"
T4a,720575940618087709,DNb03,720575940627997050,5,7.483560479031126e-08,0.005375123022181846,T4a -> LPi14 -> Am1 -> VCH -> Nod5 -> DNb03,"0.18103448,0.07950952,0.02469037,0.00537512,0.03917526"
T4a,720575940618087709,DNb03,720575940611016910,5,6.794285171751943e-08,0.005375123022181846,T4a -> LPi14 -> Am1 -> VCH -> Nod5 -> DNb03,"0.18103448,0.07950952,0.02469037,0.00537512,0.03556701"
T4a,720575940621540544,DNp15,720575940623431351,5,3.1511823568352557e-06,0.028450008906532306,T4a -> LPi14 -> Am1 -> LPi15 -> HSE -> DNp15,"0.21250000,0.07629601,0.05724515,0.02845001,0.11934156"
T4a,720575940621540544,DNp15,720575940623431351,5,3.4582989534492683e-06,0.026032521566531797,T4a -> LPi14 -> Am1 -> LPi15 -> HSN -> DNp15,"0.21250000,0.07629601,0.05724515,0.02603252,0.14313535"
T4a,720575940621540544,DNp18,720575940627949589,5,1.2703955339201395e-06,0.026032521566531797,T4a -> LPi14 -> Am1 -> LPi15 -> HSN -> DNp18,"0.21250000,0.07629601,0.05724515,0.02603252,0.05258033"
T4a,720575940621540544,DNae002,720575940620380449,5,1.0821887881541928e-06,0.026032521566531797,T4a -> LPi14 -> Am1 -> LPi15 -> HSN -> DNae002,"0.21250000,0.07629601,0.05724515,0.02603252,0.04479065"
T4a,720575940621540544,DNae010,720575940630868281,5,9.880854152712196e-07,0.026032521566531797,T4a -> LPi14 -> Am1 -> LPi15 -> HSN -> DNae010,"0.21250000,0.07629601,0.05724515,0.02603252,0.04089581"
T4a,720575940621540544,DNp26,720575940627732361,5,1.0369507139019328e-06,0.02147746647326768,T4a -> LPi14 -> Am1 -> LPi15 -> LPT26 -> DNp26,"0.21250000,0.07629601,0.05724515,0.02147747,0.05202064"
T4a,720575940621540544,DNae002,720575940620380449,5,1.212474627401626e-07,0.008837947938962922,T4a -> LPi14 -> Am1 -> DCH -> LPT22 -> DNae002,"0.21250000,0.07629601,0.03200376,0.00883795,0.02643988"
T4a,720575940621540544,DNae002,720575940620380449,5,6.57691631228719e-08,0.007047707558859975,T4a -> LPi14 -> Am1 -> VCH -> LPT22 -> DNae002,"0.21250000,0.07629601,0.02176979,0.00704771,0.02643988"
T4a,720575940621540544,DNp31,720575940632189900,5,1.849359154583802e-07,0.008570498680070879,T4a -> LPi14 -> Am1 -> LPT23 -> vCal1 -> DNp31,"0.21250000,0.07629601,0.00857050,0.01423488,0.09349766"
T4a,720575940621540544,DNp31,720575940628132745,5,8.322116195627108e-08,0.008570498680070879,T4a -> LPi14 -> Am1 -> LPT23 -> vCal1 -> DNp31,"0.21250000,0.07629601,0.00857050,0.01423488,0.04207395"
T4a,720575940640759248,DNa02,720575940629327659,5,7.469798307549307e-07,0.03593140078070007,T4a -> LPi14 -> Am1 -> LPi15 -> HSS -> DNa02,"0.12500000,0.07950952,0.05190589,0.03593140,0.04029851"
T4a,720575940640759248,DNp18,720575940618440000,5,5.256524734942106e-07,0.028358208955223882,T4a -> LPi14 -> Am1 -> LPi15 -> HSS -> DNp18,"0.12500000,0.07950952,0.05190589,0.03593140,0.02835821"
T4a,720575940640759248,DNg41,720575940636329579,5,5.118195136654155e-07,0.027611940298507463,T4a -> LPi14 -> Am1 -> LPi15 -> HSS -> DNg41,"0.12500000,0.07950952,0.05190589,0.03593140,0.02761194"
T4a,720575940640759248,DNp15,720575940616293855,5,1.338519006659367e-06,0.028956293594419914,T4a -> LPi14 -> Am1 -> LPi15 -> HSE -> DNp15,"0.12500000,0.07950952,0.05190589,0.02895629,0.08960573"
T4a,720575940640759248,DNp15,720575940616293855,5,1.757066967002311e-06,0.020189415754783387,T4a -> LPi14 -> Am1 -> LPi15 -> HSN -> DNp15,"0.12500000,0.07950952,0.05190589,0.02018942,0.16870144"
T4a,720575940640759248,DNa02,720575940629327659,5,3.35229881862283e-07,0.020189415754783387,T4a -> LPi14 -> Am1 -> LPi15 -> HSN -> DNa02,"0.12500000,0.07950952,0.05190589,0.02018942,0.03218646"
T4a,720575940640759248,DNp26,720575940619432261,5,7.456437084975422e-07,0.01711780892045818,T4a -> LPi14 -> Am1 -> LPi15 -> LPT26 -> DNp26,"0.12500000,0.07950952,0.05190589,0.01711781,0.08443790"
T4a,720575940640759248,DNae002,720575940627139530,5,5.810772281977492e-08,0.009160420925126807,T4a -> LPi14 -> Am1 -> VCH -> LPT22 -> DNae002,"0.12500000,0.07950952,0.02469037,0.00916042,0.02585007"
T4a,720575940640759248,DNb03,720575940627997050,5,5.1672203307595875e-08,0.005375123022181846,T4a -> LPi14 -> Am1 -> VCH -> Nod5 -> DNb03,"0.12500000,0.07950952,0.02469037,0.00537512,0.03917526"
T4a,720575940640759248,DNb03,720575940611016910,5,4.6912921424001515e-08,0.005375123022181846,T4a -> LPi14 -> Am1 -> VCH -> Nod5 -> DNb03,"0.12500000,0.07950952,0.02469037,0.00537512,0.03556701"
T4a,720575940638282566,DNp15,720575940623431351,5,1.933608361254258e-06,0.028450008906532306,T4a -> LPi14 -> Am1 -> LPi15 -> HSE -> DNp15,"0.12222222,0.08139647,0.05724515,0.02845001,0.11934156"
T4a,720575940638282566,DNp15,720575940623431351,5,2.122059282796356e-06,0.026032521566531797,T4a -> LPi14 -> Am1 -> LPi15 -> HSN -> DNp15,"0.12222222,0.08139647,0.05724515,0.02603252,0.14313535"
T4a,720575940638282566,DNp18,720575940627949589,5,7.795319814353962e-07,0.026032521566531797,T4a -> LPi14 -> Am1 -> LPi15 -> HSN -> DNp18,"0.12222222,0.08139647,0.05724515,0.02603252,0.05258033"
T4a,720575940638282566,DNae002,720575940620380449,5,6.640457619634857e-07,0.026032521566531797,T4a -> LPi14 -> Am1 -> LPi15 -> HSN -> DNae002,"0.12222222,0.08139647,0.05724515,0.02603252,0.04479065"
T4a,720575940638282566,DNae010,720575940630868281,5,6.063026522275303e-07,0.026032521566531797,T4a -> LPi14 -> Am1 -> LPi15 -> HSN -> DNae010,"0.12222222,0.08139647,0.05724515,0.02603252,0.04089581"
T4a,720575940638282566,DNp26,720575940627732361,5,6.362870642062857e-07,0.02147746647326768,T4a -> LPi14 -> Am1 -> LPi15 -> LPT26 -> DNp26,"0.12222222,0.08139647,0.05724515,0.02147747,0.05202064"
T4a,720575940638282566,DNae002,720575940620380449,5,7.439909252687509e-08,0.008837947938962922,T4a -> LPi14 -> Am1 -> DCH -> LPT22 -> DNae002,"0.12222222,0.08139647,0.03200376,0.00883795,0.02643988"
T4a,720575940638282566,DNae002,720575940620380449,5,4.035685318281593e-08,0.007047707558859975,T4a -> LPi14 -> Am1 -> VCH -> LPT22 -> DNae002,"0.12222222,0.08139647,0.02176979,0.00704771,0.02643988"
T4a,720575940638282566,DNp31,720575940632189900,5,1.1347919350045709e-07,0.008570498680070879,T4a -> LPi14 -> Am1 -> LPT23 -> vCal1 -> DNp31,"0.12222222,0.08139647,0.00857050,0.01423488,0.09349766"
T4a,720575940638282566,DNp31,720575940628132745,5,5.106563707520569e-08,0.008570498680070879,T4a -> LPi14 -> Am1 -> LPT23 -> vCal1 -> DNp31,"0.12222222,0.08139647,0.00857050,0.01423488,0.04207395"
T4a,720575940604565280,DNa02,720575940629327659,5,1.0147650531010379e-06,0.03593140078070007,T4a -> LPi14 -> Am1 -> LPi15 -> HSS -> DNa02,"0.16981132,0.07950952,0.05190589,0.03593140,0.04029851"
T4a,720575940604565280,DNp18,720575940618440000,5,7.14093926256286e-07,0.028358208955223882,T4a -> LPi14 -> Am1 -> LPi15 -> HSS -> DNp18,"0.16981132,0.07950952,0.05190589,0.03593140,0.02835821"
T4a,720575940604565280,DNg41,720575940636329579,5,6.95301980828489e-07,0.027611940298507463,T4a -> LPi14 -> Am1 -> LPi15 -> HSS -> DNg41,"0.16981132,0.07950952,0.05190589,0.03593140,0.02761194"
T4a,720575940604565280,DNp15,720575940616293855,5,1.8183654430089512e-06,0.028956293594419914,T4a -> LPi14 -> Am1 -> LPi15 -> HSE -> DNp15,"0.16981132,0.07950952,0.05190589,0.02895629,0.08960573"
T4a,720575940604565280,DNp15,720575940616293855,5,2.386958898569177e-06,0.020189415754783387,T4a -> LPi14 -> Am1 -> LPi15 -> HSN -> DNp15,"0.16981132,0.07950952,0.05190589,0.02018942,0.16870144"
T4a,720575940604565280,DNa02,720575940629327659,5,4.5540663196385603e-07,0.020189415754783387,T4a -> LPi14 -> Am1 -> LPi15 -> HSN -> DNa02,"0.16981132,0.07950952,0.05190589,0.02018942,0.03218646"
T4a,720575940604565280,DNp26,720575940619432261,5,1.0129499436193025e-06,0.01711780892045818,T4a -> LPi14 -> Am1 -> LPi15 -> LPT26 -> DNp26,"0.16981132,0.07950952,0.05190589,0.01711781,0.08443790"
T4a,720575940604565280,DNae002,720575940627139530,5,7.89387932645999e-08,0.009160420925126807,T4a -> LPi14 -> Am1 -> VCH -> LPT22 -> DNae002,"0.16981132,0.07950952,0.02469037,0.00916042,0.02585007"
T4a,720575940604565280,DNb03,720575940627997050,5,7.019620071975288e-08,0.005375123022181846,T4a -> LPi14 -> Am1 -> VCH -> Nod5 -> DNb03,"0.16981132,0.07950952,0.02469037,0.00537512,0.03917526"
T4a,720575940604565280,DNb03,720575940611016910,5,6.373076117977565e-08,0.005375123022181846,T4a -> LPi14 -> Am1 -> VCH -> Nod5 -> DNb03,"0.16981132,0.07950952,0.02469037,0.00537512,0.03556701"
T4a,720575940625429227,DNae002,720575940620380449,5,3.193903701159469e-07,0.007047707558859975,T4a -> LPi14 -> H2 -> VCH -> LPT22 -> DNae002,"0.23943662,0.07330021,0.09766044,0.00704771,0.02643988"
T4a,720575940625429227,DNae002,720575940620380449,5,3.424235192088491e-07,0.008837947938962922,T4a -> LPi14 -> H2 -> DCH -> LPT22 -> DNae002,"0.23943662,0.07330021,0.08349431,0.00883795,0.02643988"
T4a,720575940625429227,DNb03,720575940611016910,3,0.0007458788235851652,0.04249839021249195,T4a -> LPi14 -> H2 -> DNb03,"0.23943662,0.07330021,0.04249839"
T4a,720575940625429227,DNb03,720575940627997050,3,0.0007308105645228386,0.04163983687486585,T4a -> LPi14 -> H2 -> DNb03,"0.23943662,0.07330021,0.04163984"
T4a,720575940625429227,DNp15,720575940623431351,3,0.000651702204445624,0.037132431852328826,T4a -> LPi14 -> H2 -> DNp15,"0.23943662,0.07330021,0.03713243"
T4a,720575940625429227,DNp15,720575940616293855,5,7.146445205972248e-07,0.024039493453530802,T4a -> LPi14 -> H2 -> CB0268 -> PS234 -> DNp15,"0.23943662,0.07330021,0.02403949,0.02590674,0.06538171"
T4a,720575940625429227,DNa16,720575940632962786,5,4.7505271600393544e-07,0.024039493453530802,T4a -> LPi14 -> H2 -> CB0268 -> PS234 -> DNa16,"0.23943662,0.07330021,0.02403949,0.02590674,0.04346183"
T4a,720575940625429227,DNg41,720575940622037926,3,0.0003767064765581642,0.021463833440652502,T4a -> LPi14 -> H2 -> DNg41,"0.23943662,0.07330021,0.02146383"
T4a,720575940625429227,DNa02,720575940629327659,5,1.191715723961557e-06,0.03593140078070007,T4a -> LPi14 -> Am1 -> LPi15 -> HSS -> DNa02,"0.23943662,0.06622201,0.05190589,0.03593140,0.04029851"
T4a,720575940625429227,DNp18,720575940618440000,5,8.386147687136884e-07,0.028358208955223882,T4a -> LPi14 -> Am1 -> LPi15 -> HSS -> DNp18,"0.23943662,0.06622201,0.05190589,0.03593140,0.02835821"
T4a,720575940625467011,DNp15,720575940623431351,5,3.3072078903730154e-06,0.028450008906532306,T4a -> LPi14 -> Am1 -> LPi15 -> HSE -> DNp15,"0.22302158,0.07629601,0.05724515,0.02845001,0.11934156"
T4a,720575940625467011,DNp15,720575940623431351,5,3.629530852540917e-06,0.026032521566531797,T4a -> LPi14 -> Am1 -> LPi15 -> HSN -> DNp15,"0.22302158,0.07629601,0.05724515,0.02603252,0.14313535"
T4a,720575940625467011,DNp18,720575940627949589,5,1.3332970478721737e-06,0.026032521566531797,T4a -> LPi14 -> Am1 -> LPi15 -> HSN -> DNp18,"0.22302158,0.07629601,0.05724515,0.02603252,0.05258033"
T4a,720575940625467011,DNae002,720575940620380449,5,1.1357715592985184e-06,0.026032521566531797,T4a -> LPi14 -> Am1 -> LPi15 -> HSN -> DNae002,"0.22302158,0.07629601,0.05724515,0.02603252,0.04479065"
T4a,720575940625467011,DNae010,720575940630868281,5,1.0370088150116906e-06,0.026032521566531797,T4a -> LPi14 -> Am1 -> LPi15 -> HSN -> DNae010,"0.22302158,0.07629601,0.05724515,0.02603252,0.04089581"
T4a,720575940625467011,DNp26,720575940627732361,5,1.088293597324077e-06,0.02147746647326768,T4a -> LPi14 -> Am1 -> LPi15 -> LPT26 -> DNp26,"0.22302158,0.07629601,0.05724515,0.02147747,0.05202064"
T4a,720575940625467011,DNae002,720575940620380449,5,1.272508284365651e-07,0.008837947938962922,T4a -> LPi14 -> Am1 -> DCH -> LPT22 -> DNae002,"0.22302158,0.07629601,0.03200376,0.00883795,0.02643988"
T4a,720575940625467011,DNae002,720575940620380449,5,6.902561343407633e-08,0.007047707558859975,T4a -> LPi14 -> Am1 -> VCH -> LPT22 -> DNae002,"0.22302158,0.07629601,0.02176979,0.00704771,0.02643988"
T4a,720575940625467011,DNp31,720575940632189900,5,1.9409270856402155e-07,0.008570498680070879,T4a -> LPi14 -> Am1 -> LPT23 -> vCal1 -> DNp31,"0.22302158,0.07629601,0.00857050,0.01423488,0.09349766"
T4a,720575940625467011,DNp31,720575940628132745,5,8.73417188538097e-08,0.008570498680070879,T4a -> LPi14 -> Am1 -> LPT23 -> vCal1 -> DNp31,"0.22302158,0.07629601,0.00857050,0.01423488,0.04207395"
T4a,720575940626615829,DNae002,720575940620380449,5,1.851502450990283e-07,0.007047707558859975,T4a -> HSS -> CB0268 -> VCH -> LPT22 -> DNae002,"0.10958904,0.06343284,0.14293405,0.00704771,0.02643988"
T4a,720575940626615829,DNae002,720575940620380449,5,1.8714451513422853e-07,0.008837947938962922,T4a -> HSS -> CB0268 -> DCH -> LPT22 -> DNae002,"0.10958904,0.06343284,0.11520861,0.00883795,0.02643988"
T4a,720575940626615829,DNa02,720575940604737708,5,8.173427369691663e-07,0.03272032481490327,T4a -> HSS -> CB0268 -> PS047a -> LAL046 -> DNa02,"0.10958904,0.06343284,0.05814266,0.03272032,0.06180312"
T4a,720575940626615829,DNae002,720575940620380449,5,6.488184613054207e-07,0.03272032481490327,T4a -> HSS -> CB0268 -> PS047a -> LAL046 -> DNae002,"0.10958904,0.06343284,0.05814266,0.03272032,0.04906021"
T4a,720575940626615829,DNa16,720575940621519130,5,5.687694303651415e-07,0.03272032481490327,T4a -> HSS -> CB0268 -> PS047a -> LAL046 -> DNa16,"0.10958904,0.06343284,0.05814266,0.03272032,0.04300733"
T4a,720575940626615829,DNa16,720575940632962786,5,6.274607770994953e-07,0.031048483401003104,T4a -> HSS -> CB0268 -> PS047a -> LAL126 -> DNa16,"0.10958904,0.06343284,0.05814266,0.03104848,0.05000000"
T4a,720575940626615829,DNg41,720575940622037926,4,1.0522034569822304e-05,0.026032959159302604,T4a -> HSS -> CB0268 -> PS047a -> DNg41,"0.10958904,0.06343284,0.05814266,0.02603296"
T4a,720575940626615829,DNg41,720575940622037926,5,6.019586332299019e-07,0.026032959159302604,T4a -> HSS -> CB0268 -> PS234 -> PS047a -> DNg41,"0.10958904,0.06343284,0.03768506,0.08826584,0.02603296"
T4a,720575940626615829,DNp15,720575940623431351,4,2.2578873845514164e-05,0.03768506056527591,T4a -> HSS -> CB0268 -> PS234 -> DNp15,"0.10958904,0.06343284,0.03768506,0.08618899"
T4a,720575940626615829,DNa16,720575940621519130,4,1.0609350361145208e-05,0.03768506056527591,T4a -> HSS -> CB0268 -> PS234 -> DNa16,"0.10958904,0.06343284,0.03768506,0.04049844"
T4b,720575940623089348,DNp15,720575940623431351,5,3.5623269820378565e-07,0.003543919285430152,T4b -> LPi15 -> VCH -> Am1 -> HSN -> DNp15,"0.26804124,0.04056289,0.06459108,0.00354392,0.14313535"
T4b,720575940623089348,DNp18,720575940627949589,5,1.3086099117690086e-07,0.003543919285430152,T4b -> LPi15 -> VCH -> Am1 -> HSN -> DNp18,"0.26804124,0.04056289,0.06459108,0.00354392,0.05258033"
T4b,720575940623089348,DNae002,720575940620380449,5,1.1147417766921183e-07,0.003543919285430152,T4b -> LPi15 -> VCH -> Am1 -> HSN -> DNae002,"0.26804124,0.04056289,0.06459108,0.00354392,0.04479065"
T4b,720575940623089348,DNae010,720575940630868281,5,1.0178077091536732e-07,0.003543919285430152,T4b -> LPi15 -> VCH -> Am1 -> HSN -> DNae010,"0.26804124,0.04056289,0.06459108,0.00354392,0.04089581"
T4b,720575940623089348,DNae002,720575940620380449,5,1.0868440814665585e-07,0.010455390334572491,T4b -> LPi15 -> VCH -> Nod5 -> LPT22 -> DNae002,"0.26804124,0.04056289,0.01045539,0.03616071,0.02643988"
T4b,720575940623089348,DNp26,720575940619432261,5,3.6229246398643317e-07,0.007047707558859975,T4b -> LPi15 -> VCH -> LPT22 -> Nod1 -> DNp26,"0.26804124,0.04056289,0.00704771,0.07696194,0.06143345"
T4b,720575940623089348,DNp26,720575940619432261,5,3.405428579007551e-07,0.007047707558859975,T4b -> LPi15 -> VCH -> LPT22 -> Nod1 -> DNp26,"0.26804124,0.04056289,0.00704771,0.07662513,0.05799922"
T4b,720575940623089348,DNae002,720575940620380449,4,2.025992661784575e-06,0.007047707558859975,T4b -> LPi15 -> VCH -> LPT22 -> DNae002,"0.26804124,0.04056289,0.00704771,0.02643988"
T4b,720575940623089348,DNa16,720575940621519130,5,8.914774929966214e-08,0.007047707558859975,T4b -> LPi15 -> VCH -> LPT22 -> PS013 -> DNa16,"0.26804124,0.04056289,0.00704771,0.01010441,0.11513859"
T4b,720575940623089348,DNae002,720575940620380449,5,6.163301186149481e-08,0.007047707558859975,T4b -> LPi15 -> VCH -> LPT22 -> PS013 -> DNae002,"0.26804124,0.04056289,0.00704771,0.01010441,0.07960199"
T4b,720575940623597704,DNp15,720575940623431351,5,3.122838554451429e-07,0.003543919285430152,T4b -> LPi15 -> VCH -> Am1 -> HSN -> DNp15,"0.23497268,0.04056289,0.06459108,0.00354392,0.14313535"
T4b,720575940623597704,DNp18,720575940627949589,5,1.1471651832678721e-07,0.003543919285430152,T4b -> LPi15 -> VCH -> Am1 -> HSN -> DNp18,"0.23497268,0.04056289,0.06459108,0.00354392,0.05258033"
T4b,720575940623597704,DNae002,720575940620380449,5,9.772147857467058e-08,0.003543919285430152,T4b -> LPi15 -> VCH -> Am1 -> HSN -> DNae002,"0.23497268,0.04056289,0.06459108,0.00354392,0.04479065"
T4b,720575940623597704,DNae010,720575940630868281,5,8.922395869861226e-08,0.003543919285430152,T4b -> LPi15 -> VCH -> Am1 -> HSN -> DNae010,"0.23497268,0.04056289,0.06459108,0.00354392,0.04089581"
T4b,720575940623597704,DNae002,720575940620380449,5,9.527588616639378e-08,0.010455390334572491,T4b -> LPi15 -> VCH -> Nod5 -> LPT22 -> DNae002,"0.23497268,0.04056289,0.01045539,0.03616071,0.02643988"
T4b,720575940623597704,DNp26,720575940619432261,5,3.17596020867468e-07,0.007047707558859975,T4b -> LPi15 -> VCH -> LPT22 -> Nod1 -> DNp26,"0.23497268,0.04056289,0.00704771,0.07696194,0.06143345"
T4b,720575940623597704,DNp26,720575940619432261,5,2.985296890088376e-07,0.007047707558859975,T4b -> LPi15 -> VCH -> LPT22 -> Nod1 -> DNp26,"0.23497268,0.04056289,0.00704771,0.07662513,0.05799922"
T4b,720575940623597704,DNae002,720575940620380449,4,1.7760435881259902e-06,0.007047707558859975,T4b -> LPi15 -> VCH -> LPT22 -> DNae002,"0.23497268,0.04056289,0.00704771,0.02643988"
T4b,720575940623597704,DNa16,720575940621519130,5,7.81494876689556e-08,0.007047707558859975,T4b -> LPi15 -> VCH -> LPT22 -> PS013 -> DNa16,"0.23497268,0.04056289,0.00704771,0.01010441,0.11513859"
T4b,720575940623597704,DNae002,720575940620380449,5,5.4029275425450784e-08,0.007047707558859975,T4b -> LPi15 -> VCH -> LPT22 -> PS013 -> DNae002,"0.23497268,0.04056289,0.00704771,0.01010441,0.07960199"
T4b,720575940620561279,DNp15,720575940623431351,5,3.0298946909799866e-07,0.003543919285430152,T4b -> LPi15 -> VCH -> Am1 -> HSN -> DNp15,"0.22797927,0.04056289,0.06459108,0.00354392,0.14313535"
T4b,720575940620561279,DNp18,720575940627949589,5,1.1130225395436686e-07,0.003543919285430152,T4b -> LPi15 -> VCH -> Am1 -> HSN -> DNp18,"0.22797927,0.04056289,0.06459108,0.00354392,0.05258033"
T4b,720575940620561279,DNae002,720575940620380449,5,9.481303114631251e-08,0.003543919285430152,T4b -> LPi15 -> VCH -> Am1 -> HSN -> DNae002,"0.22797927,0.04056289,0.06459108,0.00354392,0.04479065"
T4b,720575940620561279,DNae010,720575940630868281,5,8.656841974228534e-08,0.003543919285430152,T4b -> LPi15 -> VCH -> Am1 -> HSN -> DNae010,"0.22797927,0.04056289,0.06459108,0.00354392,0.04089581"
T4b,720575940620561279,DNae002,720575940620380449,5,9.24402259804558e-08,0.010455390334572491,T4b -> LPi15 -> VCH -> Nod5 -> LPT22 -> DNae002,"0.22797927,0.04056289,0.01045539,0.03616071,0.02643988"
T4b,720575940620561279,DNp26,720575940619432261,5,3.081435305488435e-07,0.007047707558859975,T4b -> LPi15 -> VCH -> LPT22 -> Nod1 -> DNp26,"0.22797927,0.04056289,0.00704771,0.07696194,0.06143345"
T4b,720575940620561279,DNp26,720575940619432261,5,2.8964466271829867e-07,0.007047707558859975,T4b -> LPi15 -> VCH -> LPT22 -> Nod1 -> DNp26,"0.22797927,0.04056289,0.00704771,0.07662513,0.05799922"
T4b,720575940620561279,DNae002,720575940620380449,4,1.7231838741523647e-06,0.007047707558859975,T4b -> LPi15 -> VCH -> LPT22 -> DNae002,"0.22797927,0.04056289,0.00704771,0.02643988"
T4b,720575940620561279,DNa16,720575940621519130,5,7.582355400776365e-08,0.007047707558859975,T4b -> LPi15 -> VCH -> LPT22 -> PS013 -> DNa16,"0.22797927,0.04056289,0.00704771,0.01010441,0.11513859"
T4b,720575940620561279,DNae002,720575940620380449,5,5.242122252388598e-08,0.007047707558859975,T4b -> LPi15 -> VCH -> LPT22 -> PS013 -> DNae002,"0.22797927,0.04056289,0.00704771,0.01010441,0.07960199"
T4b,720575940624653035,DNp15,720575940623431351,5,2.4164036171865184e-07,0.003543919285430152,T4b -> LPi15 -> VCH -> Am1 -> HSN -> DNp15,"0.18181818,0.04056289,0.06459108,0.00354392,0.14313535"
T4b,720575940624653035,DNp18,720575940627949589,5,8.876584716195373e-08,0.003543919285430152,T4b -> LPi15 -> VCH -> Am1 -> HSN -> DNp18,"0.18181818,0.04056289,0.06459108,0.00354392,0.05258033"
T4b,720575940624653035,DNae002,720575940620380449,5,7.561535128610873e-08,0.003543919285430152,T4b -> LPi15 -> VCH -> Am1 -> HSN -> DNae002,"0.18181818,0.04056289,0.06459108,0.00354392,0.04479065"
T4b,720575940624653035,DNae010,720575940630868281,5,6.904010334818624e-08,0.003543919285430152,T4b -> LPi15 -> VCH -> Am1 -> HSN -> DNae010,"0.18181818,0.04056289,0.06459108,0.00354392,0.04089581"
T4b,720575940624653035,DNae002,720575940620380449,5,7.372299014143789e-08,0.010455390334572491,T4b -> LPi15 -> VCH -> Nod5 -> LPT22 -> DNae002,"0.18181818,0.04056289,0.01045539,0.03616071,0.02643988"
T4b,720575940624653035,DNp26,720575940619432261,5,2.457508322145735e-07,0.007047707558859975,T4b -> LPi15 -> VCH -> LPT22 -> Nod1 -> DNp26,"0.18181818,0.04056289,0.00704771,0.07696194,0.06143345"
T4b,720575940624653035,DNp26,720575940619432261,5,2.30997602911701e-07,0.007047707558859975,T4b -> LPi15 -> VCH -> LPT22 -> Nod1 -> DNp26,"0.18181818,0.04056289,0.00704771,0.07662513,0.05799922"
T4b,720575940624653035,DNae002,720575940620380449,4,1.3742747426091173e-06,0.007047707558859975,T4b -> LPi15 -> VCH -> LPT22 -> DNae002,"0.18181818,0.04056289,0.00704771,0.02643988"
T4b,720575940624653035,DNa16,720575940621519130,5,6.047085092354705e-08,0.007047707558859975,T4b -> LPi15 -> VCH -> LPT22 -> PS013 -> DNa16,"0.18181818,0.04056289,0.00704771,0.01010441,0.11513859"
T4b,720575940624653035,DNae002,720575940620380449,5,4.180700804590907e-08,0.007047707558859975,T4b -> LPi15 -> VCH -> LPT22 -> PS013 -> DNae002,"0.18181818,0.04056289,0.00704771,0.01010441,0.07960199"
T4b,720575940608278537,DNp15,720575940623431351,5,3.3829650640611247e-07,0.003543919285430152,T4b -> LPi15 -> VCH -> Am1 -> HSN -> DNp15,"0.25454545,0.04056289,0.06459108,0.00354392,0.14313535"
T4b,720575940608278537,DNp18,720575940627949589,5,1.242721860267352e-07,0.003543919285430152,T4b -> LPi15 -> VCH -> Am1 -> HSN -> DNp18,"0.25454545,0.04056289,0.06459108,0.00354392,0.05258033"
T4b,720575940608278537,DNae002,720575940620380449,5,1.058614918005522e-07,0.003543919285430152,T4b -> LPi15 -> VCH -> Am1 -> HSN -> DNae002,"0.25454545,0.04056289,0.06459108,0.00354392,0.04479065"
T4b,720575940608278537,DNae010,720575940630868281,5,9.665614468746071e-08,0.003543919285430152,T4b -> LPi15 -> VCH -> Am1 -> HSN -> DNae010,"0.25454545,0.04056289,0.06459108,0.00354392,0.04089581"
T4b,720575940608278537,DNae002,720575940620380449,5,1.0321218619801302e-07,0.010455390334572491,T4b -> LPi15 -> VCH -> Nod5 -> LPT22 -> DNae002,"0.25454545,0.04056289,0.01045539,0.03616071,0.02643988"
T4b,720575940608278537,DNp26,720575940619432261,5,3.440511651004029e-07,0.007047707558859975,T4b -> LPi15 -> VCH -> LPT22 -> Nod1 -> DNp26,"0.25454545,0.04056289,0.00704771,0.07696194,0.06143345"
T4b,720575940608278537,DNp26,720575940619432261,5,3.2339664407638135e-07,0.007047707558859975,T4b -> LPi15 -> VCH -> LPT22 -> Nod1 -> DNp26,"0.25454545,0.04056289,0.00704771,0.07662513,0.05799922"
T4b,720575940608278537,DNae002,720575940620380449,4,1.923984639652764e-06,0.007047707558859975,T4b -> LPi15 -> VCH -> LPT22 -> DNae002,"0.25454545,0.04056289,0.00704771,0.02643988"
T4b,720575940608278537,DNa16,720575940621519130,5,8.465919129296585e-08,0.007047707558859975,T4b -> LPi15 -> VCH -> LPT22 -> PS013 -> DNa16,"0.25454545,0.04056289,0.00704771,0.01010441,0.11513859"
T4b,720575940608278537,DNae002,720575940620380449,5,5.852981126427268e-08,0.007047707558859975,T4b -> LPi15 -> VCH -> LPT22 -> PS013 -> DNae002,"0.25454545,0.04056289,0.00704771,0.01010441,0.07960199"
T4b,720575940640501467,DNp15,720575940623431351,5,2.7402515246445047e-07,0.003543919285430152,T4b -> LPi15 -> VCH -> Am1 -> HSN -> DNp15,"0.20618557,0.04056289,0.06459108,0.00354392,0.14313535"
T4b,720575940640501467,DNp18,720575940627949589,5,1.0066230090530835e-07,0.003543919285430152,T4b -> LPi15 -> VCH -> Am1 -> HSN -> DNp18,"0.20618557,0.04056289,0.06459108,0.00354392,0.05258033"
T4b,720575940640501467,DNae002,720575940620380449,5,8.574936743785526e-08,0.003543919285430152,T4b -> LPi15 -> VCH -> Am1 -> HSN -> DNae002,"0.20618557,0.04056289,0.06459108,0.00354392,0.04479065"
T4b,720575940640501467,DNae010,720575940630868281,5,7.829290070412871e-08,0.003543919285430152,T4b -> LPi15 -> VCH -> Am1 -> HSN -> DNae010,"0.20618557,0.04056289,0.06459108,0.00354392,0.04089581"
T4b,720575940640501467,DNae002,720575940620380449,5,8.360339088204295e-08,0.010455390334572491,T4b -> LPi15 -> VCH -> Nod5 -> LPT22 -> DNae002,"0.20618557,0.04056289,0.01045539,0.03616071,0.02643988"
T4b,720575940640501467,DNp26,720575940619432261,5,2.786865107587947e-07,0.007047707558859975,T4b -> LPi15 -> VCH -> LPT22 -> Nod1 -> DNp26,"0.20618557,0.04056289,0.00704771,0.07696194,0.06143345"
T4b,720575940640501467,DNp26,720575940619432261,5,2.6195604453904234e-07,0.007047707558859975,T4b -> LPi15 -> VCH -> LPT22 -> Nod1 -> DNp26,"0.20618557,0.04056289,0.00704771,0.07662513,0.05799922"
T4b,720575940640501467,DNae002,720575940620380449,4,1.558455893680442e-06,0.007047707558859975,T4b -> LPi15 -> VCH -> LPT22 -> DNae002,"0.20618557,0.04056289,0.00704771,0.02643988"
T4b,720575940640501467,DNa16,720575940621519130,5,6.857519176897086e-08,0.007047707558859975,T4b -> LPi15 -> VCH -> LPT22 -> PS013 -> DNa16,"0.20618557,0.04056289,0.00704771,0.01010441,0.11513859"
T4b,720575940640501467,DNae002,720575940620380449,5,4.741000912422677e-08,0.007047707558859975,T4b -> LPi15 -> VCH -> LPT22 -> PS013 -> DNae002,"0.20618557,0.04056289,0.00704771,0.01010441,0.07960199"
T4b,720575940626050490,DNae002,720575940620380449,5,1.395767949872589e-07,0.007047707558859975,T4b -> Am1 -> LPi15 -> VCH -> LPT22 -> DNae002,"0.32258065,0.05724515,0.04056289,0.00704771,0.02643988"
T4b,720575940626050490,DNae002,720575940620380449,5,1.70639465900657e-07,0.008837947938962922,T4b -> Am1 -> LPi15 -> DCH -> LPT22 -> DNae002,"0.32258065,0.05724515,0.03954500,0.00883795,0.02643988"
T4b,720575940626050490,DNp15,720575940623431351,4,6.26976262135188e-05,0.028450008906532306,T4b -> Am1 -> LPi15 -> HSE -> DNp15,"0.32258065,0.05724515,0.02845001,0.11934156"
T4b,720575940626050490,DNp15,720575940623431351,4,6.880818390203407e-05,0.026032521566531797,T4b -> Am1 -> LPi15 -> HSN -> DNp15,"0.32258065,0.05724515,0.02603252,0.14313535"
T4b,720575940626050490,DNp18,720575940627949589,4,2.527647571911456e-05,0.026032521566531797,T4b -> Am1 -> LPi15 -> HSN -> DNp18,"0.32258065,0.05724515,0.02603252,0.05258033"
T4b,720575940626050490,DNae002,720575940620380449,4,2.1531812649616105e-05,0.026032521566531797,T4b -> Am1 -> LPi15 -> HSN -> DNae002,"0.32258065,0.05724515,0.02603252,0.04479065"
T4b,720575940626050490,DNae010,720575940630868281,4,1.965948111486688e-05,0.026032521566531797,T4b -> Am1 -> LPi15 -> HSN -> DNae010,"0.32258065,0.05724515,0.02603252,0.04089581"
T4b,720575940626050490,DNae002,720575940620380449,5,9.376825975263575e-07,0.02147746647326768,T4b -> Am1 -> LPi15 -> LPT26 -> WED075 -> DNae002,"0.32258065,0.05724515,0.02147747,0.08598452,0.02749638"
T4b,720575940626050490,DNp26,720575940627732361,4,2.0631731489941125e-05,0.02147746647326768,T4b -> Am1 -> LPi15 -> LPT26 -> DNp26,"0.32258065,0.05724515,0.02147747,0.05202064"
T4b,720575940626050490,DNp31,720575940628132745,5,5.347725714925574e-07,0.02147746647326768,T4b -> Am1 -> LPi15 -> LPT26 -> PLP020 -> DNp31,"0.32258065,0.05724515,0.02147747,0.04471195,0.03015682"
T4b,720575940618547659,DNb03,720575940611016910,5,9.008014783541978e-08,0.003447031945168143,T4b -> LPi15 -> VCH -> Am1 -> H2 -> DNb03,"0.23404255,0.04530620,0.05799076,0.00344703,0.04249839"
T4b,720575940618547659,DNb03,720575940627997050,5,8.826034686904767e-08,0.003447031945168143,T4b -> LPi15 -> VCH -> Am1 -> H2 -> DNb03,"0.23404255,0.04530620,0.05799076,0.00344703,0.04163984"
T4b,720575940618547659,DNp15,720575940623431351,5,7.870639179559406e-08,0.003447031945168143,T4b -> LPi15 -> VCH -> Am1 -> H2 -> DNp15,"0.23404255,0.04530620,0.05799076,0.00344703,0.03713243"
T4b,720575940618547659,DNg41,720575940622037926,5,4.549502415930293e-08,0.003447031945168143,T4b -> LPi15 -> VCH -> Am1 -> H2 -> DNg41,"0.23404255,0.04530620,0.05799076,0.00344703,0.02146383"
T4b,720575940618547659,DNg41,720575940636329579,5,1.3910910826846087e-07,0.0034069501783638625,T4b -> LPi15 -> VCH -> Am1 -> LPT04_HST -> DNg41,"0.23404255,0.04530620,0.05799076,0.00340695,0.06640159"
T4b,720575940618547659,DNb03,720575940634163682,5,7.247001448716225e-08,0.0034069501783638625,T4b -> LPi15 -> VCH -> Am1 -> LPT04_HST -> DNb03,"0.23404255,0.04530620,0.05799076,0.00340695,0.03459245"
T4b,720575940618547659,DNp26,720575940627732361,5,2.389499931824118e-07,0.009160420925126807,T4b -> LPi15 -> VCH -> LPT22 -> Nod1 -> DNp26,"0.23404255,0.04530620,0.00916042,0.07695367,0.03196758"
T4b,720575940618547659,DNp26,720575940627732361,5,2.54593384708471e-07,0.009160420925126807,T4b -> LPi15 -> VCH -> LPT22 -> Nod1 -> DNp26,"0.23404255,0.04530620,0.00916042,0.06939749,0.03776899"
T4b,720575940618547659,DNa02,720575940629327659,5,8.194410243520825e-08,0.009160420925126807,T4b -> LPi15 -> VCH -> LPT22 -> LAL081 -> DNa02,"0.23404255,0.04530620,0.00916042,0.02624776,0.03214086"
T4b,720575940618547659,DNae002,720575940627139530,4,2.510901173037732e-06,0.009160420925126807,T4b -> LPi15 -> VCH -> LPT22 -> DNae002,"0.23404255,0.04530620,0.00916042,0.02585007"
T4b,720575940616150459,DNb03,720575940611016910,5,8.13859885929944e-08,0.003447031945168143,T4b -> LPi15 -> VCH -> Am1 -> H2 -> DNb03,"0.21145374,0.04530620,0.05799076,0.00344703,0.04249839"
T4b,720575940616150459,DNb03,720575940627997050,5,7.974182720727733e-08,0.003447031945168143,T4b -> LPi15 -> VCH -> Am1 -> H2 -> DNb03,"0.21145374,0.04530620,0.05799076,0.00344703,0.04163984"
T4b,720575940616150459,DNp15,720575940623431351,5,7.110997993226277e-08,0.003447031945168143,T4b -> LPi15 -> VCH -> Am1 -> H2 -> DNp15,"0.21145374,0.04530620,0.05799076,0.00344703,0.03713243"
T4b,720575940616150459,DNg41,720575940622037926,5,4.110403464292646e-08,0.003447031945168143,T4b -> LPi15 -> VCH -> Am1 -> H2 -> DNg41,"0.21145374,0.04530620,0.05799076,0.00344703,0.02146383"
T4b,720575940616150459,DNg41,720575940636329579,5,1.2568287875596622e-07,0.0034069501783638625,T4b -> LPi15 -> VCH -> Am1 -> LPT04_HST -> DNg41,"0.21145374,0.04530620,0.05799076,0.00340695,0.06640159"
T4b,720575940616150459,DNb03,720575940634163682,5,6.547551168723989e-08,0.0034069501783638625,T4b -> LPi15 -> VCH -> Am1 -> LPT04_HST -> DNb03,"0.21145374,0.04530620,0.05799076,0.00340695,0.03459245"
T4b,720575940616150459,DNp26,720575940627732361,5,2.1588753889448175e-07,0.009160420925126807,T4b -> LPi15 -> VCH -> LPT22 -> Nod1 -> DNp26,"0.21145374,0.04530620,0.00916042,0.07695367,0.03196758"
T4b,720575940616150459,DNp26,720575940627732361,5,2.3002109567573506e-07,0.009160420925126807,T4b -> LPi15 -> VCH -> LPT22 -> Nod1 -> DNp26,"0.21145374,0.04530620,0.00916042,0.06939749,0.03776899"
T4b,720575940616150459,DNa02,720575940629327659,5,7.403520027786536e-08,0.009160420925126807,T4b -> LPi15 -> VCH -> LPT22 -> LAL081 -> DNa02,"0.21145374,0.04530620,0.00916042,0.02624776,0.03214086"
T4b,720575940616150459,DNae002,720575940627139530,4,2.2685594899371734e-06,0.009160420925126807,T4b -> LPi15 -> VCH -> LPT22 -> DNae002,"0.21145374,0.04530620,0.00916042,0.02585007"
T4b,720575940619567969,DNb03,720575940611016910,5,1.324345477463063e-07,0.003447031945168143,T4b -> LPi15 -> VCH -> Am1 -> H2 -> DNb03,"0.34408602,0.04530620,0.05799076,0.00344703,0.04249839"
T4b,720575940619567969,DNb03,720575940627997050,5,1.2975910233729002e-07,0.003447031945168143,T4b -> LPi15 -> VCH -> Am1 -> H2 -> DNb03,"0.34408602,0.04530620,0.05799076,0.00344703,0.04163984"
T4b,720575940619567969,DNp15,720575940623431351,5,1.157130139399545e-07,0.003447031945168143,T4b -> LPi15 -> VCH -> Am1 -> H2 -> DNp15,"0.34408602,0.04530620,0.05799076,0.00344703,0.03713243"
T4b,720575940619567969,DNg41,720575940622037926,5,6.688613522540723e-08,0.003447031945168143,T4b -> LPi15 -> VCH -> Am1 -> H2 -> DNg41,"0.34408602,0.04530620,0.05799076,0.00344703,0.02146383"
T4b,720575940619567969,DNg41,720575940636329579,5,2.045162256459092e-07,0.0034069501783638625,T4b -> LPi15 -> VCH -> Am1 -> LPT04_HST -> DNg41,"0.34408602,0.04530620,0.05799076,0.00340695,0.06640159"
T4b,720575940619567969,DNb03,720575940634163682,5,1.0654438102511438e-07,0.0034069501783638625,T4b -> LPi15 -> VCH -> Am1 -> LPT04_HST -> DNb03,"0.34408602,0.04530620,0.05799076,0.00340695,0.03459245"
T4b,720575940619567969,DNp26,720575940627732361,5,3.51300869742275e-07,0.009160420925126807,T4b -> LPi15 -> VCH -> LPT22 -> Nod1 -> DNp26,"0.34408602,0.04530620,0.00916042,0.07695367,0.03196758"
T4b,720575940619567969,DNp26,720575940627732361,5,3.74299560705318e-07,0.009160420925126807,T4b -> LPi15 -> VCH -> LPT22 -> Nod1 -> DNp26,"0.34408602,0.04530620,0.00916042,0.06939749,0.03776899"
T4b,720575940619567969,DNa02,720575940629327659,5,1.2047304991451925e-07,0.009160420925126807,T4b -> LPi15 -> VCH -> LPT22 -> LAL081 -> DNa02,"0.34408602,0.04530620,0.00916042,0.02624776,0.03214086"
T4b,720575940619567969,DNae002,720575940627139530,4,3.69149106964687e-06,0.009160420925126807,T4b -> LPi15 -> VCH -> LPT22 -> DNae002,"0.34408602,0.04530620,0.00916042,0.02585007"
T4b,720575940623552723,DNb03,720575940611016910,5,1.0372865508321066e-07,0.003447031945168143,T4b -> LPi15 -> VCH -> Am1 -> H2 -> DNb03,"0.26950355,0.04530620,0.05799076,0.00344703,0.04249839"
T4b,720575940623552723,DNb03,720575940627997050,5,1.0163312669769126e-07,0.003447031945168143,T4b -> LPi15 -> VCH -> Am1 -> H2 -> DNb03,"0.26950355,0.04530620,0.05799076,0.00344703,0.04163984"
T4b,720575940623552723,DNp15,720575940623431351,5,9.063160267371436e-08,0.003447031945168143,T4b -> LPi15 -> VCH -> Am1 -> H2 -> DNp15,"0.26950355,0.04530620,0.05799076,0.00344703,0.03713243"
T4b,720575940623552723,DNg41,720575940622037926,5,5.2388209637985186e-08,0.003447031945168143,T4b -> LPi15 -> VCH -> Am1 -> H2 -> DNg41,"0.26950355,0.04530620,0.05799076,0.00344703,0.02146383"
T4b,720575940623552723,DNg41,720575940636329579,5,1.6018624588489433e-07,0.0034069501783638625,T4b -> LPi15 -> VCH -> Am1 -> LPT04_HST -> DNg41,"0.26950355,0.04530620,0.05799076,0.00340695,0.06640159"
T4b,720575940623552723,DNb03,720575940634163682,5,8.345031971248985e-08,0.0034069501783638625,T4b -> LPi15 -> VCH -> Am1 -> LPT04_HST -> DNb03,"0.26950355,0.04530620,0.05799076,0.00340695,0.03459245"
T4b,720575940623552723,DNp26,720575940627732361,5,2.751545376039893e-07,0.009160420925126807,T4b -> LPi15 -> VCH -> LPT22 -> Nod1 -> DNp26,"0.26950355,0.04530620,0.00916042,0.07695367,0.03196758"
T4b,720575940623552723,DNp26,720575940627732361,5,2.9316813996733026e-07,0.009160420925126807,T4b -> LPi15 -> VCH -> LPT22 -> Nod1 -> DNp26,"0.26950355,0.04530620,0.00916042,0.06939749,0.03776899"
T4b,720575940623552723,DNa02,720575940629327659,5,9.435987553145194e-08,0.009160420925126807,T4b -> LPi15 -> VCH -> LPT22 -> LAL081 -> DNa02,"0.26950355,0.04530620,0.00916042,0.02624776,0.03214086"
T4b,720575940623552723,DNae002,720575940627139530,4,2.8913407447101153e-06,0.009160420925126807,T4b -> LPi15 -> VCH -> LPT22 -> DNae002,"0.26950355,0.04530620,0.00916042,0.02585007"
T4b,720575940613489893,DNb03,720575940611016910,5,6.859388395028365e-08,0.003447031945168143,T4b -> LPi15 -> VCH -> Am1 -> H2 -> DNb03,"0.17821782,0.04530620,0.05799076,0.00344703,0.04249839"
T4b,720575940613489893,DNb03,720575940627997050,5,6.7208148920985e-08,0.003447031945168143,T4b -> LPi15 -> VCH -> Am1 -> H2 -> DNb03,"0.17821782,0.04530620,0.05799076,0.00344703,0.04163984"
T4b,720575940613489893,DNp15,720575940623431351,5,5.993304001716703e-08,0.003447031945168143,T4b -> LPi15 -> VCH -> Am1 -> H2 -> DNp15,"0.17821782,0.04530620,0.05799076,0.00344703,0.03713243"
T4b,720575940613489893,DNg41,720575940622037926,5,3.464337573246649e-08,0.003447031945168143,T4b -> LPi15 -> VCH -> Am1 -> H2 -> DNg41,"0.17821782,0.04530620,0.05799076,0.00344703,0.02146383"
T4b,720575940613489893,DNg41,720575940636329579,5,1.0592826786239234e-07,0.0034069501783638625,T4b -> LPi15 -> VCH -> Am1 -> LPT04_HST -> DNg41,"0.17821782,0.04530620,0.05799076,0.00340695,0.06640159"
T4b,720575940613489893,DNb03,720575940634163682,5,5.5184187449270255e-08,0.0034069501783638625,T4b -> LPi15 -> VCH -> Am1 -> LPT04_HST -> DNb03,"0.17821782,0.04530620,0.05799076,0.00340695,0.03459245"
T4b,720575940613489893,DNp26,720575940627732361,5,1.8195472028111643e-07,0.009160420925126807,T4b -> LPi15 -> VCH -> LPT22 -> Nod1 -> DNp26,"0.17821782,0.04530620,0.00916042,0.07695367,0.03196758"
T4b,720575940613489893,DNp26,720575940627732361,5,1.9386678979600938e-07,0.009160420925126807,T4b -> LPi15 -> VCH -> LPT22 -> Nod1 -> DNp26,"0.17821782,0.04530620,0.00916042,0.06939749,0.03776899"
T4b,720575940613489893,DNa02,720575940629327659,5,6.239847944211176e-08,0.009160420925126807,T4b -> LPi15 -> VCH -> LPT22 -> LAL081 -> DNa02,"0.17821782,0.04530620,0.00916042,0.02624776,0.03214086"
T4b,720575940613489893,DNae002,720575940627139530,4,1.9119913522861574e-06,0.009160420925126807,T4b -> LPi15 -> VCH -> LPT22 -> DNae002,"0.17821782,0.04530620,0.00916042,0.02585007"
T4b,720575940622298637,DNp15,720575940623431351,5,2.892172205026351e-07,0.003543919285430152,T4b -> LPi15 -> VCH -> Am1 -> HSN -> DNp15,"0.21761658,0.04056289,0.06459108,0.00354392,0.14313535"
T4b,720575940622298637,DNp18,720575940627949589,5,1.0624306059280473e-07,0.003543919285430152,T4b -> LPi15 -> VCH -> Am1 -> HSN -> DNp18,"0.21761658,0.04056289,0.06459108,0.00354392,0.05258033"
T4b,720575940622298637,DNae002,720575940620380449,5,9.05033479123892e-08,0.003543919285430152,T4b -> LPi15 -> VCH -> Am1 -> HSN -> DNae002,"0.21761658,0.04056289,0.06459108,0.00354392,0.04479065"
T4b,720575940622298637,DNae010,720575940630868281,5,8.263349157218145e-08,0.003543919285430152,T4b -> LPi15 -> VCH -> Am1 -> HSN -> DNae010,"0.21761658,0.04056289,0.06459108,0.00354392,0.04089581"
T4b,720575940622298637,DNae002,720575940620380449,5,8.82383975267987e-08,0.010455390334572491,T4b -> LPi15 -> VCH -> Nod5 -> LPT22 -> DNae002,"0.21761658,0.04056289,0.01045539,0.03616071,0.02643988"
T4b,720575940622298637,DNp26,720575940619432261,5,2.94137006432987e-07,0.007047707558859975,T4b -> LPi15 -> VCH -> LPT22 -> Nod1 -> DNp26,"0.21761658,0.04056289,0.00704771,0.07696194,0.06143345"
T4b,720575940622298637,DNp26,720575940619432261,5,2.764789962311033e-07,0.007047707558859975,T4b -> LPi15 -> VCH -> LPT22 -> Nod1 -> DNp26,"0.21761658,0.04056289,0.00704771,0.07662513,0.05799922"
T4b,720575940622298637,DNae002,720575940620380449,4,1.6448573344181663e-06,0.007047707558859975,T4b -> LPi15 -> VCH -> LPT22 -> DNae002,"0.21761658,0.04056289,0.00704771,0.02643988"
T4b,720575940622298637,DNa16,720575940621519130,5,7.237702882559258e-08,0.007047707558859975,T4b -> LPi15 -> VCH -> LPT22 -> PS013 -> DNa16,"0.21761658,0.04056289,0.00704771,0.01010441,0.11513859"
T4b,720575940622298637,DNae002,720575940620380449,5,5.003843968189117e-08,0.007047707558859975,T4b -> LPi15 -> VCH -> LPT22 -> PS013 -> DNae002,"0.21761658,0.04056289,0.00704771,0.01010441,0.07960199"
T4b,720575940612740501,DNp15,720575940623431351,5,2.546628961825313e-07,0.003543919285430152,T4b -> LPi15 -> VCH -> Am1 -> HSN -> DNp15,"0.19161677,0.04056289,0.06459108,0.00354392,0.14313535"
T4b,720575940612740501,DNp18,720575940627949589,5,9.354963533235844e-08,0.003543919285430152,T4b -> LPi15 -> VCH -> Am1 -> HSN -> DNp18,"0.19161677,0.04056289,0.06459108,0.00354392,0.05258033"
T4b,720575940612740501,DNae002,720575940620380449,5,7.969043009793496e-08,0.003543919285430152,T4b -> LPi15 -> VCH -> Am1 -> HSN -> DNae002,"0.19161677,0.04056289,0.06459108,0.00354392,0.04479065"
T4b,720575940612740501,DNae010,720575940630868281,5,7.276082748072323e-08,0.003543919285430152,T4b -> LPi15 -> VCH -> Am1 -> HSN -> DNae010,"0.19161677,0.04056289,0.06459108,0.00354392,0.04089581"
T4b,720575940612740501,DNae002,720575940620380449,5,7.769608541852136e-08,0.010455390334572491,T4b -> LPi15 -> VCH -> Nod5 -> LPT22 -> DNae002,"0.19161677,0.04056289,0.01045539,0.03616071,0.02643988"
T4b,720575940612740501,DNp26,720575940619432261,5,2.5899488904050863e-07,0.007047707558859975,T4b -> LPi15 -> VCH -> LPT22 -> Nod1 -> DNp26,"0.19161677,0.04056289,0.00704771,0.07696194,0.06143345"
T4b,720575940612740501,DNp26,720575940619432261,5,2.434465755237088e-07,0.007047707558859975,T4b -> LPi15 -> VCH -> LPT22 -> Nod1 -> DNp26,"0.19161677,0.04056289,0.00704771,0.07662513,0.05799922"
T4b,720575940612740501,DNae002,720575940620380449,4,1.4483374532886504e-06,0.007047707558859975,T4b -> LPi15 -> VCH -> LPT22 -> DNae002,"0.19161677,0.04056289,0.00704771,0.02643988"
T4b,720575940612740501,DNa16,720575940621519130,5,6.372975905715138e-08,0.007047707558859975,T4b -> LPi15 -> VCH -> LPT22 -> PS013 -> DNa16,"0.19161677,0.04056289,0.00704771,0.01010441,0.11513859"
T4b,720575940612740501,DNae002,720575940620380449,5,4.406008033580836e-08,0.007047707558859975,T4b -> LPi15 -> VCH -> LPT22 -> PS013 -> DNae002,"0.19161677,0.04056289,0.00704771,0.01010441,0.07960199"
T4b,720575940616012556,DNb03,720575940611016910,5,8.196686852701076e-08,0.003447031945168143,T4b -> LPi15 -> VCH -> Am1 -> H2 -> DNb03,"0.21296296,0.04530620,0.05799076,0.00344703,0.04249839"
T4b,720575940616012556,DNb03,720575940627997050,5,8.031097219313176e-08,0.003447031945168143,T4b -> LPi15 -> VCH -> Am1 -> H2 -> DNb03,"0.21296296,0.04530620,0.05799076,0.00344703,0.04163984"
T4b,720575940616012556,DNp15,720575940623431351,5,7.161751644026698e-08,0.003447031945168143,T4b -> LPi15 -> VCH -> Am1 -> H2 -> DNp15,"0.21296296,0.04530620,0.05799076,0.00344703,0.03713243"
T4b,720575940616012556,DNg41,720575940622037926,5,4.1397408346975137e-08,0.003447031945168143,T4b -> LPi15 -> VCH -> Am1 -> H2 -> DNg41,"0.21296296,0.04530620,0.05799076,0.00344703,0.02146383"
T4b,720575940616012556,DNg41,720575940636329579,5,1.2657992090758097e-07,0.0034069501783638625,T4b -> LPi15 -> VCH -> Am1 -> LPT04_HST -> DNg41,"0.21296296,0.04530620,0.05799076,0.00340695,0.06640159"
T4b,720575940616012556,DNb03,720575940634163682,5,6.594283304766194e-08,0.0034069501783638625,T4b -> LPi15 -> VCH -> Am1 -> LPT04_HST -> DNb03,"0.21296296,0.04530620,0.05799076,0.00340695,0.03459245"
T4b,720575940616012556,DNp26,720575940627732361,5,2.174284028873629e-07,0.009160420925126807,T4b -> LPi15 -> VCH -> LPT22 -> Nod1 -> DNp26,"0.21296296,0.04530620,0.00916042,0.07695367,0.03196758"
T4b,720575940616012556,DNp26,720575940627732361,5,2.3166283574903794e-07,0.009160420925126807,T4b -> LPi15 -> VCH -> LPT22 -> Nod1 -> DNp26,"0.21296296,0.04530620,0.00916042,0.06939749,0.03776899"
T4b,720575940616012556,DNa02,720575940629327659,5,7.456361509466341e-08,0.009160420925126807,T4b -> LPi15 -> VCH -> LPT22 -> LAL081 -> DNa02,"0.21296296,0.04530620,0.00916042,0.02624776,0.03214086"
T4b,720575940616012556,DNae002,720575940627139530,4,2.284750983210259e-06,0.009160420925126807,T4b -> LPi15 -> VCH -> LPT22 -> DNae002,"0.21296296,0.04530620,0.00916042,0.02585007"
T4b,720575940627971068,DNb03,720575940611016910,5,7.094707914980695e-08,0.003447031945168143,T4b -> LPi15 -> VCH -> Am1 -> H2 -> DNb03,"0.18433180,0.04530620,0.05799076,0.00344703,0.04249839"
T4b,720575940627971068,DNb03,720575940627997050,5,6.951380482354823e-08,0.003447031945168143,T4b -> LPi15 -> VCH -> Am1 -> H2 -> DNb03,"0.18433180,0.04530620,0.05799076,0.00344703,0.04163984"
T4b,720575940627971068,DNp15,720575940623431351,5,6.198911461068991e-08,0.003447031945168143,T4b -> LPi15 -> VCH -> Am1 -> H2 -> DNp15,"0.18433180,0.04530620,0.05799076,0.00344703,0.03713243"
T4b,720575940627971068,DNg41,720575940622037926,5,3.583185815646816e-08,0.003447031945168143,T4b -> LPi15 -> VCH -> Am1 -> H2 -> DNg41,"0.18433180,0.04530620,0.05799076,0.00344703,0.02146383"
T4b,720575940627971068,DNg41,720575940636329579,5,1.0956226373887994e-07,0.0034069501783638625,T4b -> LPi15 -> VCH -> Am1 -> LPT04_HST -> DNg41,"0.18433180,0.04530620,0.05799076,0.00340695,0.06640159"
T4b,720575940627971068,DNb03,720575940634163682,5,5.7077346977739845e-08,0.0034069501783638625,T4b -> LPi15 -> VCH -> Am1 -> LPT04_HST -> DNb03,"0.18433180,0.04530620,0.05799076,0.00340695,0.03459245"
T4b,720575940627971068,DNp26,720575940627732361,5,1.8819689450479017e-07,0.009160420925126807,T4b -> LPi15 -> VCH -> LPT22 -> Nod1 -> DNp26,"0.18433180,0.04530620,0.00916042,0.07695367,0.03196758"
T4b,720575940627971068,DNp26,720575940627732361,5,2.005176218064204e-07,0.009160420925126807,T4b -> LPi15 -> VCH -> LPT22 -> Nod1 -> DNp26,"0.18433180,0.04530620,0.00916042,0.06939749,0.03776899"
T4b,720575940627971068,DNa02,720575940629327659,5,6.453913388277819e-08,0.009160420925126807,T4b -> LPi15 -> VCH -> LPT22 -> LAL081 -> DNa02,"0.18433180,0.04530620,0.00916042,0.02624776,0.03214086"
T4b,720575940627971068,DNae002,720575940627139530,4,1.9775845015965377e-06,0.009160420925126807,T4b -> LPi15 -> VCH -> LPT22 -> DNae002,"0.18433180,0.04530620,0.00916042,0.02585007"
T4b,720575940644042094,DNb03,720575940611016910,5,1.5680618326906405e-07,0.003447031945168143,T4b -> LPi15 -> VCH -> Am1 -> H2 -> DNb03,"0.40740741,0.04530620,0.05799076,0.00344703,0.04249839"
T4b,720575940644042094,DNb03,720575940627997050,5,1.5363838158686074e-07,0.003447031945168143,T4b -> LPi15 -> VCH -> Am1 -> H2 -> DNb03,"0.40740741,0.04530620,0.05799076,0.00344703,0.04163984"
T4b,720575940644042094,DNp15,720575940623431351,5,1.3700742275529332e-07,0.003447031945168143,T4b -> LPi15 -> VCH -> Am1 -> H2 -> DNp15,"0.40740741,0.04530620,0.05799076,0.00344703,0.03713243"
T4b,720575940644042094,DNg41,720575940622037926,5,7.919504205508285e-08,0.003447031945168143,T4b -> LPi15 -> VCH -> Am1 -> H2 -> DNg41,"0.40740741,0.04530620,0.05799076,0.00344703,0.02146383"
T4b,720575940644042094,DNg41,720575940636329579,5,2.421528921710244e-07,0.0034069501783638625,T4b -> LPi15 -> VCH -> Am1 -> LPT04_HST -> DNg41,"0.40740741,0.04530620,0.05799076,0.00340695,0.06640159"
T4b,720575940644042094,DNb03,720575940634163682,5,1.2615150669987499e-07,0.0034069501783638625,T4b -> LPi15 -> VCH -> Am1 -> LPT04_HST -> DNb03,"0.40740741,0.04530620,0.05799076,0.00340695,0.03459245"
T4b,720575940644042094,DNp26,720575940627732361,5,4.1594998813234643e-07,0.009160420925126807,T4b -> LPi15 -> VCH -> LPT22 -> Nod1 -> DNp26,"0.40740741,0.04530620,0.00916042,0.07695367,0.03196758"
T4b,720575940644042094,DNp26,720575940627732361,5,4.4318107708511614e-07,0.009160420925126807,T4b -> LPi15 -> VCH -> LPT22 -> Nod1 -> DNp26,"0.40740741,0.04530620,0.00916042,0.06939749,0.03776899"
T4b,720575940644042094,DNa02,720575940629327659,5,1.4264343757239955e-07,0.009160420925126807,T4b -> LPi15 -> VCH -> LPT22 -> LAL081 -> DNa02,"0.40740741,0.04530620,0.00916042,0.02624776,0.03214086"
T4b,720575940644042094,DNae002,720575940627139530,4,4.370827967880496e-06,0.009160420925126807,T4b -> LPi15 -> VCH -> LPT22 -> DNae002,"0.40740741,0.04530620,0.00916042,0.02585007"
T4b,720575940623867399,DNb03,720575940611016910,5,1.1727053336812816e-07,0.003447031945168143,T4b -> LPi15 -> VCH -> Am1 -> H2 -> DNb03,"0.30468750,0.04530620,0.05799076,0.00344703,0.04249839"
T4b,720575940623867399,DNb03,720575940627997050,5,1.1490143168392356e-07,0.003447031945168143,T4b -> LPi15 -> VCH -> Am1 -> H2 -> DNb03,"0.30468750,0.04530620,0.05799076,0.00344703,0.04163984"
T4b,720575940623867399,DNp15,720575940623431351,5,1.0246364784184936e-07,0.003447031945168143,T4b -> LPi15 -> VCH -> Am1 -> H2 -> DNp15,"0.30468750,0.04530620,0.05799076,0.00344703,0.03713243"
T4b,720575940623867399,DNg41,720575940622037926,5,5.922754210511524e-08,0.003447031945168143,T4b -> LPi15 -> VCH -> Am1 -> H2 -> DNg41,"0.30468750,0.04530620,0.05799076,0.00344703,0.02146383"
T4b,720575940623867399,DNg41,720575940636329579,5,1.810987183636994e-07,0.0034069501783638625,T4b -> LPi15 -> VCH -> Am1 -> LPT04_HST -> DNg41,"0.30468750,0.04530620,0.05799076,0.00340695,0.06640159"
T4b,720575940623867399,DNb03,720575940634163682,5,9.434484130324459e-08,0.0034069501783638625,T4b -> LPi15 -> VCH -> Am1 -> LPT04_HST -> DNb03,"0.30468750,0.04530620,0.05799076,0.00340695,0.03459245"
T4b,720575940623867399,DNp26,720575940627732361,5,3.1107623402227326e-07,0.009160420925126807,T4b -> LPi15 -> VCH -> LPT22 -> Nod1 -> DNp26,"0.30468750,0.04530620,0.00916042,0.07695367,0.03196758"
T4b,720575940623867399,DNp26,720575940627732361,5,3.314415299507295e-07,0.009160420925126807,T4b -> LPi15 -> VCH -> LPT22 -> Nod1 -> DNp26,"0.30468750,0.04530620,0.00916042,0.06939749,0.03776899"
T4b,720575940623867399,DNa02,720575940629327659,5,1.0667865040038118e-07,0.009160420925126807,T4b -> LPi15 -> VCH -> LPT22 -> LAL081 -> DNa02,"0.30468750,0.04530620,0.00916042,0.02624776,0.03214086"
T4b,720575940623867399,DNae002,720575940627139530,4,3.268808132228808e-06,0.009160420925126807,T4b -> LPi15 -> VCH -> LPT22 -> DNae002,"0.30468750,0.04530620,0.00916042,0.02585007"
T4b,720575940640746960,DNb03,720575940611016910,5,7.81351384847216e-08,0.003447031945168143,T4b -> LPi15 -> VCH -> Am1 -> H2 -> DNb03,"0.20300752,0.04530620,0.05799076,0.00344703,0.04249839"
T4b,720575940640746960,DNb03,720575940627997050,5,7.65566508385656e-08,0.003447031945168143,T4b -> LPi15 -> VCH -> Am1 -> H2 -> DNb03,"0.20300752,0.04530620,0.05799076,0.00344703,0.04163984"
T4b,720575940640746960,DNp15,720575940623431351,5,6.826959069624664e-08,0.003447031945168143,T4b -> LPi15 -> VCH -> Am1 -> H2 -> DNp15,"0.20300752,0.04530620,0.05799076,0.00344703,0.03713243"
T4b,720575940640746960,DNg41,720575940622037926,5,3.9462191153899796e-08,0.003447031945168143,T4b -> LPi15 -> VCH -> Am1 -> H2 -> DNg41,"0.20300752,0.04530620,0.05799076,0.00344703,0.02146383"
T4b,720575940640746960,DNg41,720575940636329579,5,1.2066265098610856e-07,0.0034069501783638625,T4b -> LPi15 -> VCH -> Am1 -> LPT04_HST -> DNg41,"0.20300752,0.04530620,0.05799076,0.00340695,0.06640159"
T4b,720575940640746960,DNb03,720575940634163682,5,6.286018344785296e-08,0.0034069501783638625,T4b -> LPi15 -> VCH -> Am1 -> LPT04_HST -> DNb03,"0.20300752,0.04530620,0.05799076,0.00340695,0.03459245"
T4b,720575940640746960,DNp26,720575940627732361,5,2.0726421144803863e-07,0.009160420925126807,T4b -> LPi15 -> VCH -> LPT22 -> Nod1 -> DNp26,"0.20300752,0.04530620,0.00916042,0.07695367,0.03196758"
T4b,720575940640746960,DNp26,720575940627732361,5,2.2083322296312346e-07,0.009160420925126807,T4b -> LPi15 -> VCH -> LPT22 -> Nod1 -> DNp26,"0.20300752,0.04530620,0.00916042,0.06939749,0.03776899"
T4b,720575940640746960,DNa02,720575940629327659,5,7.107796718405965e-08,0.009160420925126807,T4b -> LPi15 -> VCH -> LPT22 -> LAL081 -> DNa02,"0.20300752,0.04530620,0.00916042,0.02624776,0.03214086"
T4b,720575940640746960,DNae002,720575940627139530,4,2.1779450366267127e-06,0.009160420925126807,T4b -> LPi15 -> VCH -> LPT22 -> DNae002,"0.20300752,0.04530620,0.00916042,0.02585007"
T4b,720575940654589601,DNb03,720575940611016910,5,1.1896535226528992e-07,0.003447031945168143,T4b -> LPi15 -> VCH -> Am1 -> H2 -> DNb03,"0.30909091,0.04530620,0.05799076,0.00344703,0.04249839"
T4b,720575940654589601,DNb03,720575940627997050,5,1.1656201181548609e-07,0.003447031945168143,T4b -> LPi15 -> VCH -> Am1 -> H2 -> DNb03,"0.30909091,0.04530620,0.05799076,0.00344703,0.04163984"
T4b,720575940654589601,DNp15,720575940623431351,5,1.0394447445401594e-07,0.003447031945168143,T4b -> LPi15 -> VCH -> Am1 -> H2 -> DNp15,"0.30909091,0.04530620,0.05799076,0.00344703,0.03713243"
T4b,720575940654589601,DNg41,720575940622037926,5,6.008351124509593e-08,0.003447031945168143,T4b -> LPi15 -> VCH -> Am1 -> H2 -> DNg41,"0.30909091,0.04530620,0.05799076,0.00344703,0.02146383"
T4b,720575940654589601,DNg41,720575940636329579,5,1.8371599587851278e-07,0.0034069501783638625,T4b -> LPi15 -> VCH -> Am1 -> LPT04_HST -> DNg41,"0.30909091,0.04530620,0.05799076,0.00340695,0.06640159"
T4b,720575940654589601,DNb03,720575940634163682,5,9.570833318221922e-08,0.0034069501783638625,T4b -> LPi15 -> VCH -> Am1 -> LPT04_HST -> DNb03,"0.30909091,0.04530620,0.05799076,0.00340695,0.03459245"
T4b,720575940654589601,DNp26,720575940627732361,5,3.155719744673504e-07,0.009160420925126807,T4b -> LPi15 -> VCH -> LPT22 -> Nod1 -> DNp26,"0.30909091,0.04530620,0.00916042,0.07695367,0.03196758"
T4b,720575940654589601,DNp26,720575940627732361,5,3.3623159401994757e-07,0.009160420925126807,T4b -> LPi15 -> VCH -> LPT22 -> Nod1 -> DNp26,"0.30909091,0.04530620,0.00916042,0.06939749,0.03776899"
T4b,720575940654589601,DNa02,720575940629327659,5,1.0822039313344032e-07,0.009160420925126807,T4b -> LPi15 -> VCH -> LPT22 -> LAL081 -> DNa02,"0.30909091,0.04530620,0.00916042,0.02624776,0.03214086"
T4b,720575940654589601,DNae002,720575940627139530,4,3.3160496483589215e-06,0.009160420925126807,T4b -> LPi15 -> VCH -> LPT22 -> DNae002,"0.30909091,0.04530620,0.00916042,0.02585007"
T4b,720575940618445241,DNp15,720575940623431351,5,4.327048337752603e-07,0.003543919285430152,T4b -> LPi15 -> VCH -> Am1 -> HSN -> DNp15,"0.32558140,0.04056289,0.06459108,0.00354392,0.14313535"
T4b,720575940618445241,DNp18,720575940627949589,5,1.5895279608070788e-07,0.003543919285430152,T4b -> LPi15 -> VCH -> Am1 -> HSN -> DNp18,"0.32558140,0.04056289,0.06459108,0.00354392,0.05258033"
T4b,720575940618445241,DNae002,720575940620380449,5,1.3540423369838077e-07,0.003543919285430152,T4b -> LPi15 -> VCH -> Am1 -> HSN -> DNae002,"0.32558140,0.04056289,0.06459108,0.00354392,0.04479065"
T4b,720575940618445241,DNae010,720575940630868281,5,1.236299525072172e-07,0.003543919285430152,T4b -> LPi15 -> VCH -> Am1 -> HSN -> DNae010,"0.32558140,0.04056289,0.06459108,0.00354392,0.04089581"
T4b,720575940618445241,DNae002,720575940620380449,5,1.3201558699745855e-07,0.010455390334572491,T4b -> LPi15 -> VCH -> Nod5 -> LPT22 -> DNae002,"0.32558140,0.04056289,0.01045539,0.03616071,0.02643988"
T4b,720575940618445241,DNp26,720575940619432261,5,4.400654437330736e-07,0.007047707558859975,T4b -> LPi15 -> VCH -> LPT22 -> Nod1 -> DNp26,"0.32558140,0.04056289,0.00704771,0.07696194,0.06143345"
T4b,720575940618445241,DNp26,720575940619432261,5,4.136468703302553e-07,0.007047707558859975,T4b -> LPi15 -> VCH -> LPT22 -> Nod1 -> DNp26,"0.32558140,0.04056289,0.00704771,0.07662513,0.05799922"
T4b,720575940618445241,DNae002,720575940620380449,4,2.4609105856023728e-06,0.007047707558859975,T4b -> LPi15 -> VCH -> LPT22 -> DNae002,"0.32558140,0.04056289,0.00704771,0.02643988"
T4b,720575940618445241,DNa16,720575940621519130,5,1.0828501211890982e-07,0.007047707558859975,T4b -> LPi15 -> VCH -> LPT22 -> PS013 -> DNa16,"0.32558140,0.04056289,0.00704771,0.01010441,0.11513859"
T4b,720575940618445241,DNae002,720575940620380449,5,7.486371208220926e-08,0.007047707558859975,T4b -> LPi15 -> VCH -> LPT22 -> PS013 -> DNae002,"0.32558140,0.04056289,0.00704771,0.01010441,0.07960199"
T4b,720575940620743663,DNb03,720575940611016910,5,8.761675872240386e-08,0.003447031945168143,T4b -> LPi15 -> VCH -> Am1 -> H2 -> DNb03,"0.22764228,0.04530620,0.05799076,0.00344703,0.04249839"
T4b,720575940620743663,DNb03,720575940627997050,5,8.584672319265832e-08,0.003447031945168143,T4b -> LPi15 -> VCH -> Am1 -> H2 -> DNb03,"0.22764228,0.04530620,0.05799076,0.00344703,0.04163984"
T4b,720575940620743663,DNp15,720575940623431351,5,7.655403666149428e-08,0.003447031945168143,T4b -> LPi15 -> VCH -> Am1 -> H2 -> DNp15,"0.22764228,0.04530620,0.05799076,0.00344703,0.03713243"
T4b,720575940620743663,DNg41,720575940622037926,5,4.4250888243638315e-08,0.003447031945168143,T4b -> LPi15 -> VCH -> Am1 -> H2 -> DNg41,"0.22764228,0.04530620,0.05799076,0.00344703,0.02146383"
T4b,720575940620743663,DNg41,720575940636329579,5,1.3530494196695823e-07,0.0034069501783638625,T4b -> LPi15 -> VCH -> Am1 -> LPT04_HST -> DNg41,"0.22764228,0.04530620,0.05799076,0.00340695,0.06640159"
T4b,720575940620743663,DNb03,720575940634163682,5,7.048820330015189e-08,0.0034069501783638625,T4b -> LPi15 -> VCH -> Am1 -> LPT04_HST -> DNb03,"0.22764228,0.04530620,0.05799076,0.00340695,0.03459245"
T4b,720575940620743663,DNp26,720575940627732361,5,2.3241551443315144e-07,0.009160420925126807,T4b -> LPi15 -> VCH -> LPT22 -> Nod1 -> DNp26,"0.22764228,0.04530620,0.00916042,0.07695367,0.03196758"
T4b,720575940620743663,DNp26,720575940627732361,5,2.4763111180809146e-07,0.009160420925126807,T4b -> LPi15 -> VCH -> LPT22 -> Nod1 -> DNp26,"0.22764228,0.04530620,0.00916042,0.06939749,0.03776899"
T4b,720575940620743663,DNa02,720575940629327659,5,7.97032068032033e-08,0.009160420925126807,T4b -> LPi15 -> VCH -> LPT22 -> LAL081 -> DNa02,"0.22764228,0.04530620,0.00916042,0.02624776,0.03214086"
T4b,720575940620743663,DNae002,720575940627139530,4,2.442236469857838e-06,0.009160420925126807,T4b -> LPi15 -> VCH -> LPT22 -> DNae002,"0.22764228,0.04530620,0.00916042,0.02585007"
T4b,720575940613898365,DNp15,720575940623431351,5,3.4297341663292516e-07,0.003543919285430152,T4b -> LPi15 -> VCH -> Am1 -> HSN -> DNp15,"0.25806452,0.04056289,0.06459108,0.00354392,0.14313535"
T4b,720575940613898365,DNp18,720575940627949589,5,1.2599023468148272e-07,0.003543919285430152,T4b -> LPi15 -> VCH -> Am1 -> HSN -> DNp18,"0.25806452,0.04056289,0.06459108,0.00354392,0.05258033"
T4b,720575940613898365,DNae002,720575940620380449,5,1.0732501472867046e-07,0.003543919285430152,T4b -> LPi15 -> VCH -> Am1 -> HSN -> DNae002,"0.25806452,0.04056289,0.06459108,0.00354392,0.04479065"
T4b,720575940613898365,DNae010,720575940630868281,5,9.799240475226432e-08,0.003543919285430152,T4b -> LPi15 -> VCH -> Am1 -> HSN -> DNae010,"0.25806452,0.04056289,0.06459108,0.00354392,0.04089581"
T4b,720575940613898365,DNae002,720575940620380449,5,1.0463908278139571e-07,0.010455390334572491,T4b -> LPi15 -> VCH -> Nod5 -> LPT22 -> DNae002,"0.25806452,0.04056289,0.01045539,0.03616071,0.02643988"
T4b,720575940613898365,DNp26,720575940619432261,5,3.48807632820685e-07,0.007047707558859975,T4b -> LPi15 -> VCH -> LPT22 -> Nod1 -> DNp26,"0.25806452,0.04056289,0.00704771,0.07696194,0.06143345"
T4b,720575940613898365,DNp26,720575940619432261,5,3.2786756542305944e-07,0.007047707558859975,T4b -> LPi15 -> VCH -> LPT22 -> Nod1 -> DNp26,"0.25806452,0.04056289,0.00704771,0.07662513,0.05799922"
T4b,720575940613898365,DNae002,720575940620380449,4,1.950583505638747e-06,0.007047707558859975,T4b -> LPi15 -> VCH -> LPT22 -> DNae002,"0.25806452,0.04056289,0.00704771,0.02643988"
T4b,720575940613898365,DNa16,720575940621519130,5,8.582959485922806e-08,0.007047707558859975,T4b -> LPi15 -> VCH -> LPT22 -> PS013 -> DNa16,"0.25806452,0.04056289,0.00704771,0.01010441,0.11513859"
T4b,720575940613898365,DNae002,720575940620380449,5,5.933897916193544e-08,0.007047707558859975,T4b -> LPi15 -> VCH -> LPT22 -> PS013 -> DNae002,"0.25806452,0.04056289,0.00704771,0.01010441,0.07960199"
T4b,720575940634999231,DNp15,720575940623431351,5,2.953382198783522e-07,0.003543919285430152,T4b -> LPi15 -> VCH -> Am1 -> HSN -> DNp15,"0.22222222,0.04056289,0.06459108,0.00354392,0.14313535"
T4b,720575940634999231,DNp18,720575940627949589,5,1.0849159097572123e-07,0.003543919285430152,T4b -> LPi15 -> VCH -> Am1 -> HSN -> DNp18,"0.22222222,0.04056289,0.06459108,0.00354392,0.05258033"
T4b,720575940634999231,DNae002,720575940620380449,5,9.241876268302178e-08,0.003543919285430152,T4b -> LPi15 -> VCH -> Am1 -> HSN -> DNae002,"0.22222222,0.04056289,0.06459108,0.00354392,0.04479065"
T4b,720575940634999231,DNae010,720575940630868281,5,8.438234853667207e-08,0.003543919285430152,T4b -> LPi15 -> VCH -> Am1 -> HSN -> DNae010,"0.22222222,0.04056289,0.06459108,0.00354392,0.04089581"
T4b,720575940634999231,DNae002,720575940620380449,5,9.01058768395352e-08,0.010455390334572491,T4b -> LPi15 -> VCH -> Nod5 -> LPT22 -> DNae002,"0.22222222,0.04056289,0.01045539,0.03616071,0.02643988"
T4b,720575940634999231,DNp26,720575940619432261,5,3.0036212826225656e-07,0.007047707558859975,T4b -> LPi15 -> VCH -> LPT22 -> Nod1 -> DNp26,"0.22222222,0.04056289,0.00704771,0.07696194,0.06143345"
T4b,720575940634999231,DNp26,720575940619432261,5,2.823304035587457e-07,0.007047707558859975,T4b -> LPi15 -> VCH -> LPT22 -> Nod1 -> DNp26,"0.22222222,0.04056289,0.00704771,0.07662513,0.05799922"
T4b,720575940634999231,DNae002,720575940620380449,4,1.6796691298555877e-06,0.007047707558859975,T4b -> LPi15 -> VCH -> LPT22 -> DNae002,"0.22222222,0.04056289,0.00704771,0.02643988"
T4b,720575940634999231,DNa16,720575940621519130,5,7.390881779544639e-08,0.007047707558859975,T4b -> LPi15 -> VCH -> LPT22 -> PS013 -> DNa16,"0.22222222,0.04056289,0.00704771,0.01010441,0.11513859"
T4b,720575940634999231,DNae002,720575940620380449,5,5.109745427833331e-08,0.007047707558859975,T4b -> LPi15 -> VCH -> LPT22 -> PS013 -> DNae002,"0.22222222,0.04056289,0.00704771,0.01010441,0.07960199"
T4b,720575940609721186,DNp15,720575940623431351,5,3.835432587010816e-07,0.003543919285430152,T4b -> LPi15 -> VCH -> Am1 -> HSN -> DNp15,"0.28859060,0.04056289,0.06459108,0.00354392,0.14313535"
T4b,720575940609721186,DNp18,720575940627949589,5,1.4089344197182592e-07,0.003543919285430152,T4b -> LPi15 -> VCH -> Am1 -> HSN -> DNp18,"0.28859060,0.04056289,0.06459108,0.00354392,0.05258033"
T4b,720575940609721186,DNae002,720575940620380449,5,1.2002033945748133e-07,0.003543919285430152,T4b -> LPi15 -> VCH -> Am1 -> HSN -> DNae002,"0.28859060,0.04056289,0.06459108,0.00354392,0.04479065"
T4b,720575940609721186,DNae010,720575940630868281,5,1.0958378820030903e-07,0.003543919285430152,T4b -> LPi15 -> VCH -> Am1 -> HSN -> DNae010,"0.28859060,0.04056289,0.06459108,0.00354392,0.04089581"
T4b,720575940609721186,DNae002,720575940620380449,5,1.1701669240570511e-07,0.010455390334572491,T4b -> LPi15 -> VCH -> Nod5 -> LPT22 -> DNae002,"0.28859060,0.04056289,0.01045539,0.03616071,0.02643988"
T4b,720575940609721186,DNp26,720575940619432261,5,3.900675960989708e-07,0.007047707558859975,T4b -> LPi15 -> VCH -> LPT22 -> Nod1 -> DNp26,"0.28859060,0.04056289,0.00704771,0.07696194,0.06143345"
T4b,720575940609721186,DNp26,720575940619432261,5,3.6665055764172675e-07,0.007047707558859975,T4b -> LPi15 -> VCH -> LPT22 -> Nod1 -> DNp26,"0.28859060,0.04056289,0.00704771,0.07662513,0.05799922"
T4b,720575940609721186,DNae002,720575940620380449,4,2.1813152793762163e-06,0.007047707558859975,T4b -> LPi15 -> VCH -> LPT22 -> DNae002,"0.28859060,0.04056289,0.00704771,0.02643988"
T4b,720575940609721186,DNa16,720575940621519130,5,9.598225666724079e-08,0.007047707558859975,T4b -> LPi15 -> VCH -> LPT22 -> PS013 -> DNa16,"0.28859060,0.04056289,0.00704771,0.01010441,0.11513859"
T4b,720575940609721186,DNae002,720575940620380449,5,6.635810337488251e-08,0.007047707558859975,T4b -> LPi15 -> VCH -> LPT22 -> PS013 -> DNae002,"0.28859060,0.04056289,0.00704771,0.01010441,0.07960199"
T4b,720575940642945844,DNp15,720575940623431351,5,3.0354205931941754e-07,0.003543919285430152,T4b -> LPi15 -> VCH -> Am1 -> HSN -> DNp15,"0.22839506,0.04056289,0.06459108,0.00354392,0.14313535"
T4b,720575940642945844,DNp18,720575940627949589,5,1.1150524628060237e-07,0.003543919285430152,T4b -> LPi15 -> VCH -> Am1 -> HSN -> DNp18,"0.22839506,0.04056289,0.06459108,0.00354392,0.05258033"
T4b,720575940642945844,DNae002,720575940620380449,5,9.498595053532795e-08,0.003543919285430152,T4b -> LPi15 -> VCH -> Am1 -> HSN -> DNae002,"0.22839506,0.04056289,0.06459108,0.00354392,0.04479065"
T4b,720575940642945844,DNae010,720575940630868281,5,8.672630266269073e-08,0.003543919285430152,T4b -> LPi15 -> VCH -> Am1 -> HSN -> DNae010,"0.22839506,0.04056289,0.06459108,0.00354392,0.04089581"
T4b,720575940642945844,DNae002,720575940620380449,5,9.260881786285562e-08,0.010455390334572491,T4b -> LPi15 -> VCH -> Nod5 -> LPT22 -> DNae002,"0.22839506,0.04056289,0.01045539,0.03616071,0.02643988"
T4b,720575940642945844,DNp26,720575940619432261,5,3.087055207139859e-07,0.007047707558859975,T4b -> LPi15 -> VCH -> LPT22 -> Nod1 -> DNp26,"0.22839506,0.04056289,0.00704771,0.07696194,0.06143345"
T4b,720575940642945844,DNp26,720575940619432261,5,2.9017291476871077e-07,0.007047707558859975,T4b -> LPi15 -> VCH -> LPT22 -> Nod1 -> DNp26,"0.22839506,0.04056289,0.00704771,0.07662513,0.05799922"
T4b,720575940642945844,DNae002,720575940620380449,4,1.7263266056849095e-06,0.007047707558859975,T4b -> LPi15 -> VCH -> LPT22 -> DNae002,"0.22839506,0.04056289,0.00704771,0.02643988"
T4b,720575940642945844,DNa16,720575940621519130,5,7.596184051198657e-08,0.007047707558859975,T4b -> LPi15 -> VCH -> LPT22 -> PS013 -> DNa16,"0.22839506,0.04056289,0.00704771,0.01010441,0.11513859"
T4b,720575940642945844,DNae002,720575940620380449,5,5.2516828008287004e-08,0.007047707558859975,T4b -> LPi15 -> VCH -> LPT22 -> PS013 -> DNae002,"0.22839506,0.04056289,0.00704771,0.01010441,0.07960199"
T4b,720575940646252835,DNb03,720575940611016910,5,1.205672953503647e-07,0.003447031945168143,T4b -> LPi15 -> VCH -> Am1 -> H2 -> DNb03,"0.31325301,0.04530620,0.05799076,0.00344703,0.04249839"
T4b,720575940646252835,DNb03,720575940627997050,5,1.181315924139937e-07,0.003447031945168143,T4b -> LPi15 -> VCH -> Am1 -> H2 -> DNb03,"0.31325301,0.04530620,0.05799076,0.00344703,0.04163984"
T4b,720575940646252835,DNp15,720575940623431351,5,1.0534415199804592e-07,0.003447031945168143,T4b -> LPi15 -> VCH -> Am1 -> H2 -> DNp15,"0.31325301,0.04530620,0.05799076,0.00344703,0.03713243"
T4b,720575940646252835,DNg41,720575940622037926,5,6.089257340927511e-08,0.003447031945168143,T4b -> LPi15 -> VCH -> Am1 -> H2 -> DNg41,"0.31325301,0.04530620,0.05799076,0.00344703,0.02146383"
T4b,720575940646252835,DNg41,720575940636329579,5,1.861898469923978e-07,0.0034069501783638625,T4b -> LPi15 -> VCH -> Am1 -> LPT04_HST -> DNg41,"0.31325301,0.04530620,0.05799076,0.00340695,0.06640159"
T4b,720575940646252835,DNb03,720575940634163682,5,9.699710591819526e-08,0.0034069501783638625,T4b -> LPi15 -> VCH -> Am1 -> LPT04_HST -> DNb03,"0.31325301,0.04530620,0.05799076,0.00340695,0.03459245"
T4b,720575940646252835,DNp26,720575940627732361,5,3.1982134903494766e-07,0.009160420925126807,T4b -> LPi15 -> VCH -> LPT22 -> Nod1 -> DNp26,"0.31325301,0.04530620,0.00916042,0.07695367,0.03196758"
T4b,720575940646252835,DNp26,720575940627732361,5,3.407591633228385e-07,0.009160420925126807,T4b -> LPi15 -> VCH -> LPT22 -> Nod1 -> DNp26,"0.31325301,0.04530620,0.00916042,0.06939749,0.03776899"
T4b,720575940646252835,DNa02,720575940629327659,5,1.0967764860440797e-07,0.009160420925126807,T4b -> LPi15 -> VCH -> LPT22 -> LAL081 -> DNa02,"0.31325301,0.04530620,0.00916042,0.02624776,0.03214086"
T4b,720575940646252835,DNae002,720575940627139530,4,3.360702336749297e-06,0.009160420925126807,T4b -> LPi15 -> VCH -> LPT22 -> DNae002,"0.31325301,0.04530620,0.00916042,0.02585007"
T4b,720575940626727848,DNp15,720575940623431351,5,2.8043583263678403e-07,0.003543919285430152,T4b -> LPi15 -> VCH -> Am1 -> HSN -> DNp15,"0.21100917,0.04056289,0.06459108,0.00354392,0.14313535"
T4b,720575940626727848,DNp18,720575940627949589,5,1.0301724464208394e-07,0.003543919285430152,T4b -> LPi15 -> VCH -> Am1 -> HSN -> DNp18,"0.21100917,0.04056289,0.06459108,0.00354392,0.05258033"
T4b,720575940626727848,DNae002,720575940620380449,5,8.775543062103446e-08,0.003543919285430152,T4b -> LPi15 -> VCH -> Am1 -> HSN -> DNae002,"0.21100917,0.04056289,0.06459108,0.00354392,0.04479065"
T4b,720575940626727848,DNae010,720575940630868281,5,8.012452361050973e-08,0.003543919285430152,T4b -> LPi15 -> VCH -> Am1 -> HSN -> DNae010,"0.21100917,0.04056289,0.06459108,0.00354392,0.04089581"
T4b,720575940626727848,DNae002,720575940620380449,5,8.555925002653114e-08,0.010455390334572491,T4b -> LPi15 -> VCH -> Nod5 -> LPT22 -> DNae002,"0.21100917,0.04056289,0.01045539,0.03616071,0.02643988"
T4b,720575940626727848,DNp26,720575940619432261,5,2.8520624105636286e-07,0.007047707558859975,T4b -> LPi15 -> VCH -> LPT22 -> Nod1 -> DNp26,"0.21100917,0.04056289,0.00704771,0.07696194,0.06143345"
T4b,720575940626727848,DNp26,720575940619432261,5,2.680843740213778e-07,0.007047707558859975,T4b -> LPi15 -> VCH -> LPT22 -> Nod1 -> DNp26,"0.21100917,0.04056289,0.00704771,0.07662513,0.05799922"
T4b,720575940626727848,DNae002,720575940620380449,4,1.5949151829362691e-06,0.007047707558859975,T4b -> LPi15 -> VCH -> LPT22 -> DNae002,"0.21100917,0.04056289,0.00704771,0.02643988"
T4b,720575940626727848,DNa16,720575940621519130,5,7.017947377824497e-08,0.007047707558859975,T4b -> LPi15 -> VCH -> LPT22 -> PS013 -> DNa16,"0.21100917,0.04056289,0.00704771,0.01010441,0.11513859"
T4b,720575940626727848,DNae002,720575940620380449,5,4.851914236520639e-08,0.007047707558859975,T4b -> LPi15 -> VCH -> LPT22 -> PS013 -> DNae002,"0.21100917,0.04056289,0.00704771,0.01010441,0.07960199"
T4b,720575940617161531,DNp15,720575940623431351,5,3.538305296594544e-07,0.003543919285430152,T4b -> LPi15 -> VCH -> Am1 -> HSN -> DNp15,"0.26623377,0.04056289,0.06459108,0.00354392,0.14313535"
T4b,720575940617161531,DNp18,720575940627949589,5,1.2997856191571795e-07,0.003543919285430152,T4b -> LPi15 -> VCH -> Am1 -> HSN -> DNp18,"0.26623377,0.04056289,0.06459108,0.00354392,0.05258033"
T4b,720575940617161531,DNae002,720575940620380449,5,1.1072247866894491e-07,0.003543919285430152,T4b -> LPi15 -> VCH -> Am1 -> HSN -> DNae002,"0.26623377,0.04056289,0.06459108,0.00354392,0.04479065"
T4b,720575940617161531,DNae010,720575940630868281,5,1.010944370455584e-07,0.003543919285430152,T4b -> LPi15 -> VCH -> Am1 -> HSN -> DNae010,"0.26623377,0.04056289,0.06459108,0.00354392,0.04089581"
T4b,720575940617161531,DNae002,720575940620380449,5,1.0795152127853402e-07,0.010455390334572491,T4b -> LPi15 -> VCH -> Nod5 -> LPT22 -> DNae002,"0.26623377,0.04056289,0.01045539,0.03616071,0.02643988"
T4b,720575940617161531,DNp26,720575940619432261,5,3.5984943288562545e-07,0.007047707558859975,T4b -> LPi15 -> VCH -> LPT22 -> Nod1 -> DNp26,"0.26623377,0.04056289,0.00704771,0.07696194,0.06143345"
T4b,720575940617161531,DNp26,720575940619432261,5,3.3824648997784784e-07,0.007047707558859975,T4b -> LPi15 -> VCH -> LPT22 -> Nod1 -> DNp26,"0.26623377,0.04056289,0.00704771,0.07662513,0.05799922"
T4b,720575940617161531,DNae002,720575940620380449,4,2.0123308731062068e-06,0.007047707558859975,T4b -> LPi15 -> VCH -> LPT22 -> DNae002,"0.26623377,0.04056289,0.00704771,0.02643988"
T4b,720575940617161531,DNa16,720575940621519130,5,8.8546603138051e-08,0.007047707558859975,T4b -> LPi15 -> VCH -> LPT22 -> PS013 -> DNa16,"0.26623377,0.04056289,0.00704771,0.01010441,0.11513859"
T4b,720575940617161531,DNae002,720575940620380449,5,6.121740463865254e-08,0.007047707558859975,T4b -> LPi15 -> VCH -> LPT22 -> PS013 -> DNae002,"0.26623377,0.04056289,0.00704771,0.01010441,0.07960199"
T4b,720575940643809952,DNb03,720575940611016910,5,8.680450609594997e-08,0.003447031945168143,T4b -> LPi15 -> VCH -> Am1 -> H2 -> DNb03,"0.22553191,0.04530620,0.05799076,0.00344703,0.04249839"
T4b,720575940643809952,DNb03,720575940627997050,5,8.50508797101732e-08,0.003447031945168143,T4b -> LPi15 -> VCH -> Am1 -> H2 -> DNb03,"0.22553191,0.04530620,0.05799076,0.00344703,0.04163984"
T4b,720575940643809952,DNp15,720575940623431351,5,7.584434118484517e-08,0.003447031945168143,T4b -> LPi15 -> VCH -> Am1 -> H2 -> DNp15,"0.22553191,0.04530620,0.05799076,0.00344703,0.03713243"
T4b,720575940643809952,DNg41,720575940622037926,5,4.3840659644419175e-08,0.003447031945168143,T4b -> LPi15 -> VCH -> Am1 -> H2 -> DNg41,"0.22553191,0.04530620,0.05799076,0.00344703,0.02146383"
T4b,720575940643809952,DNg41,720575940636329579,5,1.3405059524051683e-07,0.0034069501783638625,T4b -> LPi15 -> VCH -> Am1 -> LPT04_HST -> DNg41,"0.22553191,0.04530620,0.05799076,0.00340695,0.06640159"
T4b,720575940643809952,DNb03,720575940634163682,5,6.983474123308362e-08,0.0034069501783638625,T4b -> LPi15 -> VCH -> Am1 -> LPT04_HST -> DNb03,"0.22553191,0.04530620,0.05799076,0.00340695,0.03459245"
T4b,720575940643809952,DNp26,720575940627732361,5,2.3026090252123317e-07,0.009160420925126807,T4b -> LPi15 -> VCH -> LPT22 -> Nod1 -> DNp26,"0.22553191,0.04530620,0.00916042,0.07695367,0.03196758"
T4b,720575940643809952,DNp26,720575940627732361,5,2.4533544344634474e-07,0.009160420925126807,T4b -> LPi15 -> VCH -> LPT22 -> Nod1 -> DNp26,"0.22553191,0.04530620,0.00916042,0.06939749,0.03776899"
T4b,720575940643809952,DNa02,720575940629327659,5,7.896431689210976e-08,0.009160420925126807,T4b -> LPi15 -> VCH -> LPT22 -> LAL081 -> DNa02,"0.22553191,0.04530620,0.00916042,0.02624776,0.03214086"
T4b,720575940643809952,DNae002,720575940627139530,4,2.4195956758363597e-06,0.009160420925126807,T4b -> LPi15 -> VCH -> LPT22 -> DNae002,"0.22553191,0.04530620,0.00916042,0.02585007"
T4c,720575940625052659,DNae002,720575940627139530,4,0.00016456015449954826,0.060204695966285374,T4c -> LPi09 -> LPT27 -> PLP230 -> DNae002,"0.18064516,0.19633943,0.06020470,0.07706558"
T4c,720575940625052659,DNp26,720575940619432261,5,1.6926156721758167e-05,0.060204695966285374,T4c -> LPi09 -> LPT27 -> PLP230 -> PLP035 -> DNp26,"0.18064516,0.19633943,0.06020470,0.06446832,0.12295544"
T4c,720575940625052659,DNae002,720575940627139530,5,1.4965829933104779e-05,0.0448314190440904,T4c -> LPi09 -> LPT27 -> PLP230 -> DNpe019 -> DNae002,"0.18064516,0.19633943,0.06020470,0.04483142,0.15633423"
T4c,720575940625052659,DNae010,720575940651341558,5,3.6124417079908084e-06,0.03773584905660377,T4c -> LPi09 -> LPT27 -> PLP230 -> DNpe019 -> DNae010,"0.18064516,0.19633943,0.06020470,0.04483142,0.03773585"
T4c,720575940625052659,DNae002,720575940627139530,5,2.237336656968698e-06,0.030752130418673584,T4c -> LPi09 -> LPT27 -> PLP230 -> DNa09 -> DNae002,"0.18064516,0.19633943,0.06020470,0.03075213,0.03407155"
T4c,720575940625052659,DNae010,720575940651341558,5,2.515182951475233e-06,0.026396562308164517,T4c -> LPi09 -> LPT27 -> LAL158 -> LAL019 -> DNae010,"0.18064516,0.19633943,0.04033715,0.02639656,0.06660137"
T4c,720575940625052659,DNae002,720575940627139530,5,1.923375198186943e-06,0.026396562308164517,T4c -> LPi09 -> LPT27 -> LAL158 -> LAL019 -> DNae002,"0.18064516,0.19633943,0.04033715,0.02639656,0.05093046"
T4c,720575940625052659,DNp31,720575940632189900,5,6.317953290023236e-06,0.03913305237808549,T4c -> LPi09 -> LPT27 -> DNa10 -> IB008 -> DNp31,"0.18064516,0.19633943,0.03913305,0.04255319,0.10697115"
T4c,720575940625052659,DNp31,720575940628132745,5,4.259294352824653e-06,0.03913305237808549,T4c -> LPi09 -> LPT27 -> DNa10 -> IB008 -> DNp31,"0.18064516,0.19633943,0.03913305,0.04255319,0.07211538"
T4c,720575940625052659,DNae002,720575940620380449,5,8.23932624815432e-06,0.031306441902468396,T4c -> LPi09 -> LPT27 -> PLP078 -> PLP230 -> DNae002,"0.18064516,0.19633943,0.03130644,0.08657070,0.08571429"
T4c,720575940629263098,DNp15,720575940623431351,5,4.070217796481949e-06,0.028450008906532306,T4c -> LPi07 -> LPi12 -> LPi15 -> HSE -> DNp15,"0.12195122,0.13888889,0.07077663,0.02845001,0.11934156"
T4c,720575940629263098,DNp15,720575940623431351,5,4.4669042765334345e-06,0.026032521566531797,T4c -> LPi07 -> LPi12 -> LPi15 -> HSN -> DNp15,"0.12195122,0.13888889,0.07077663,0.02603252,0.14313535"
T4c,720575940629263098,DNp18,720575940627949589,5,1.6409036117877924e-06,0.026032521566531797,T4c -> LPi07 -> LPi12 -> LPi15 -> HSN -> DNp18,"0.12195122,0.13888889,0.07077663,0.02603252,0.05258033"
T4c,720575940629263098,DNae002,720575940620380449,5,1.3978067804118232e-06,0.026032521566531797,T4c -> LPi07 -> LPi12 -> LPi15 -> HSN -> DNae002,"0.12195122,0.13888889,0.07077663,0.02603252,0.04479065"
T4c,720575940629263098,DNae010,720575940630868281,5,1.2762583647238385e-06,0.026032521566531797,T4c -> LPi07 -> LPi12 -> LPi15 -> HSN -> DNae010,"0.12195122,0.13888889,0.07077663,0.02603252,0.04089581"
T4c,720575940629263098,DNp26,720575940627732361,5,1.339375120783898e-06,0.02147746647326768,T4c -> LPi07 -> LPi12 -> LPi15 -> LPT26 -> DNp26,"0.12195122,0.13888889,0.07077663,0.02147747,0.05202064"
T4c,720575940629263098,DNa16,720575940621519130,5,3.0775599007611836e-07,0.007660337380816559,"T4c -> LPi07 -> LPi12 -> LPT52 -> PS230,PLP242 -> DNa16","0.12195122,0.13888889,0.00766034,0.03410475,0.06954887"
T4c,720575940629263098,DNa02,720575940604737708,5,2.0794323653791784e-07,0.007660337380816559,"T4c -> LPi07 -> LPi12 -> LPT52 -> PS230,PLP242 -> DNa02","0.12195122,0.13888889,0.00766034,0.03410475,0.04699248"
T4c,720575940629263098,DNae002,720575940620380449,5,1.8576262464053993e-07,0.007660337380816559,"T4c -> LPi07 -> LPi12 -> LPT52 -> PS230,PLP242 -> DNae002","0.12195122,0.13888889,0.00766034,0.03410475,0.04197995"
T4c,720575940629263098,DNp18,720575940627949589,5,1.6635458923033425e-07,0.007660337380816559,"T4c -> LPi07 -> LPi12 -> LPT52 -> PS230,PLP242 -> DNp18","0.12195122,0.13888889,0.00766034,0.03410475,0.03759398"
T4c,720575940628917147,DNae002,720575940627139530,4,0.00011296684740166116,0.060204695966285374,T4c -> LPi09 -> LPT27 -> PLP230 -> DNae002,"0.13333333,0.18260870,0.06020470,0.07706558"
T4c,720575940628917147,DNp26,720575940619432261,5,1.1619426156340327e-05,0.060204695966285374,T4c -> LPi09 -> LPT27 -> PLP230 -> PLP035 -> DNp26,"0.13333333,0.18260870,0.06020470,0.06446832,0.12295544"
T4c,720575940628917147,DNae002,720575940627139530,5,1.0273705876332911e-05,0.0448314190440904,T4c -> LPi09 -> LPT27 -> PLP230 -> DNpe019 -> DNae002,"0.13333333,0.18260870,0.06020470,0.04483142,0.15633423"
T4c,720575940628917147,DNae010,720575940651341558,5,2.4798600391148405e-06,0.03773584905660377,T4c -> LPi09 -> LPT27 -> PLP230 -> DNpe019 -> DNae010,"0.13333333,0.18260870,0.06020470,0.04483142,0.03773585"
T4c,720575940628917147,DNae002,720575940627139530,5,1.535881328518195e-06,0.030752130418673584,T4c -> LPi09 -> LPT27 -> PLP230 -> DNa09 -> DNae002,"0.13333333,0.18260870,0.06020470,0.03075213,0.03407155"
T4c,720575940628917147,DNae010,720575940651341558,5,1.7266165648096928e-06,0.026396562308164517,T4c -> LPi09 -> LPT27 -> LAL158 -> LAL019 -> DNae010,"0.13333333,0.18260870,0.04033715,0.02639656,0.06660137"
T4c,720575940628917147,DNae002,720575940627139530,5,1.3203538436780004e-06,0.026396562308164517,T4c -> LPi09 -> LPT27 -> LAL158 -> LAL019 -> DNae002,"0.13333333,0.18260870,0.04033715,0.02639656,0.05093046"
T4c,720575940628917147,DNp31,720575940632189900,5,4.33713293096621e-06,0.03913305237808549,T4c -> LPi09 -> LPT27 -> DNa10 -> IB008 -> DNp31,"0.13333333,0.18260870,0.03913305,0.04255319,0.10697115"
T4c,720575940628917147,DNp31,720575940628132745,5,2.9239098411008152e-06,0.03913305237808549,T4c -> LPi09 -> LPT27 -> DNa10 -> IB008 -> DNp31,"0.13333333,0.18260870,0.03913305,0.04255319,0.07211538"
T4c,720575940628917147,DNae002,720575940620380449,5,5.656112281848311e-06,0.031306441902468396,T4c -> LPi09 -> LPT27 -> PLP078 -> PLP230 -> DNae002,"0.13333333,0.18260870,0.03130644,0.08657070,0.08571429"
T4c,720575940614559894,DNp31,720575940632189900,4,4.973236820611952e-06,0.0060673877906253885,T4c -> LPi09 -> LPi13 -> LPT48_vCal3 -> DNp31,"0.13304721,0.13478261,0.00606739,0.04570858"
T4c,720575940614559894,DNp31,720575940632189900,5,1.3639208029429995e-07,0.0060673877906253885,T4c -> LPi09 -> LPi13 -> LPT48_vCal3 -> PLP103c -> DNp31,"0.13304721,0.13478261,0.00606739,0.01916168,0.06542056"
T4c,720575940614559894,DNp31,720575940628132745,4,2.0414159875001028e-06,0.0060673877906253885,T4c -> LPi09 -> LPi13 -> LPT48_vCal3 -> DNp31,"0.13304721,0.13478261,0.00606739,0.01876248"
T4c,720575940614559894,DNp31,720575940632189900,5,9.224215892588934e-08,0.0060673877906253885,T4c -> LPi09 -> LPi13 -> LPT48_vCal3 -> PS058 -> DNp31,"0.13304721,0.13478261,0.00606739,0.01497006,0.05663234"
T4c,720575940614559894,DNae002,720575940627139530,5,4.592988415036879e-07,0.0055203282357329355,T4c -> LPi09 -> LPi13 -> LPT27 -> PLP230 -> DNae002,"0.13304721,0.13478261,0.00552033,0.06020470,0.07706558"
T4c,720575940614559894,DNae002,720575940620380449,5,8.357581671272693e-08,0.0055203282357329355,T4c -> LPi09 -> LPi13 -> LPT27 -> WED075 -> DNae002,"0.13304721,0.13478261,0.00552033,0.03070439,0.02749638"
T4c,720575940614559894,DNp31,720575940628132745,5,8.986495931863385e-08,0.0055203282357329355,T4c -> LPi09 -> LPi13 -> LPT27 -> PLP020 -> DNp31,"0.13304721,0.13478261,0.00552033,0.03010235,0.03015682"
T4c,720575940614559894,DNp26,720575940627732361,4,2.6819298459053087e-06,0.0055203282357329355,T4c -> LPi09 -> LPi13 -> LPT27 -> DNp26,"0.13304721,0.13478261,0.00552033,0.02709211"
T4c,720575940614559894,DNp31,720575940632189900,5,2.2529116662141873e-07,0.004873803307223673,T4c -> LPi09 -> LPi13 -> LPi11 -> LPT48_vCal3 -> DNp31,"0.13304721,0.13478261,0.00487380,0.05639476,0.04570858"
T4c,720575940614559894,DNp31,720575940628132745,5,9.247759677909764e-08,0.004873803307223673,T4c -> LPi09 -> LPi13 -> LPi11 -> LPT48_vCal3 -> DNp31,"0.13304721,0.13478261,0.00487380,0.05639476,0.01876248"
T4c,720575940627100618,DNae002,720575940627139530,4,0.00018491597044914773,0.060204695966285374,T4c -> LPi09 -> LPT27 -> PLP230 -> DNae002,"0.24444444,0.16304348,0.06020470,0.07706558"
T4c,720575940627100618,DNp26,720575940619432261,5,1.9019894005914222e-05,0.060204695966285374,T4c -> LPi09 -> LPT27 -> PLP230 -> PLP035 -> DNp26,"0.24444444,0.16304348,0.06020470,0.06446832,0.12295544"
T4c,720575940627100618,DNae002,720575940627139530,5,1.6817078071378276e-05,0.0448314190440904,T4c -> LPi09 -> LPT27 -> PLP230 -> DNpe019 -> DNae002,"0.24444444,0.16304348,0.06020470,0.04483142,0.15633423"
T4c,720575940627100618,DNae010,720575940651341558,5,4.059294706884411e-06,0.03773584905660377,T4c -> LPi09 -> LPT27 -> PLP230 -> DNpe019 -> DNae010,"0.24444444,0.16304348,0.06020470,0.04483142,0.03773585"
T4c,720575940627100618,DNae002,720575940627139530,5,2.5140914603720454e-06,0.030752130418673584,T4c -> LPi09 -> LPT27 -> PLP230 -> DNa09 -> DNae002,"0.24444444,0.16304348,0.06020470,0.03075213,0.03407155"
T4c,720575940627100618,DNae010,720575940651341558,5,2.826306876920628e-06,0.026396562308164517,T4c -> LPi09 -> LPT27 -> LAL158 -> LAL019 -> DNae010,"0.24444444,0.16304348,0.04033715,0.02639656,0.06660137"
T4c,720575940627100618,DNae002,720575940627139530,5,2.1612934941157744e-06,0.026396562308164517,T4c -> LPi09 -> LPT27 -> LAL158 -> LAL019 -> DNae002,"0.24444444,0.16304348,0.04033715,0.02639656,0.05093046"
T4c,720575940627100618,DNp31,720575940632189900,5,7.0994735477125455e-06,0.03913305237808549,T4c -> LPi09 -> LPT27 -> DNa10 -> IB008 -> DNp31,"0.24444444,0.16304348,0.03913305,0.04255319,0.10697115"
T4c,720575940627100618,DNp31,720575940628132745,5,4.78616194227812e-06,0.03913305237808549,T4c -> LPi09 -> LPT27 -> DNa10 -> IB008 -> DNp31,"0.24444444,0.16304348,0.03913305,0.04255319,0.07211538"
T4c,720575940627100618,DNae002,720575940620380449,5,9.258517128025507e-06,0.031306441902468396,T4c -> LPi09 -> LPT27 -> PLP078 -> PLP230 -> DNae002,"0.24444444,0.16304348,0.03130644,0.08657070,0.08571429"
T4c,720575940636612324,DNp31,720575940632189900,4,4.365112875516164e-06,0.0060673877906253885,T4c -> LPi09 -> LPi13 -> LPT48_vCal3 -> DNp31,"0.14800000,0.10634921,0.00606739,0.04570858"
T4c,720575940636612324,DNp31,720575940632189900,5,1.1971415142418732e-07,0.0060673877906253885,T4c -> LPi09 -> LPi13 -> LPT48_vCal3 -> PLP103c -> DNp31,"0.14800000,0.10634921,0.00606739,0.01916168,0.06542056"
T4c,720575940636612324,DNp31,720575940628132745,4,1.7917930580721373e-06,0.0060673877906253885,T4c -> LPi09 -> LPi13 -> LPT48_vCal3 -> DNp31,"0.14800000,0.10634921,0.00606739,0.01876248"
T4c,720575940636612324,DNp31,720575940632189900,5,8.096285178377296e-08,0.0060673877906253885,T4c -> LPi09 -> LPi13 -> LPT48_vCal3 -> PS058 -> DNp31,"0.14800000,0.10634921,0.00606739,0.01497006,0.05663234"
T4c,720575940636612324,DNae002,720575940627139530,5,4.031360980936971e-07,0.0055203282357329355,T4c -> LPi09 -> LPi13 -> LPT27 -> PLP230 -> DNae002,"0.14800000,0.10634921,0.00552033,0.06020470,0.07706558"
T4c,720575940636612324,DNae002,720575940620380449,5,7.335622387867965e-08,0.0055203282357329355,T4c -> LPi09 -> LPi13 -> LPT27 -> WED075 -> DNae002,"0.14800000,0.10634921,0.00552033,0.03070439,0.02749638"
T4c,720575940636612324,DNp31,720575940628132745,5,7.887633449380687e-08,0.0055203282357329355,T4c -> LPi09 -> LPi13 -> LPT27 -> PLP020 -> DNp31,"0.14800000,0.10634921,0.00552033,0.03010235,0.03015682"
T4c,720575940636612324,DNp26,720575940627732361,4,2.353985326633172e-06,0.0055203282357329355,T4c -> LPi09 -> LPi13 -> LPT27 -> DNp26,"0.14800000,0.10634921,0.00552033,0.02709211"
T4c,720575940636612324,DNp31,720575940632189900,5,1.977427192051963e-07,0.004873803307223673,T4c -> LPi09 -> LPi13 -> LPi11 -> LPT48_vCal3 -> DNp31,"0.14800000,0.10634921,0.00487380,0.05639476,0.04570858"
T4c,720575940636612324,DNp31,720575940628132745,5,8.11695004597749e-08,0.004873803307223673,T4c -> LPi09 -> LPi13 -> LPi11 -> LPT48_vCal3 -> DNp31,"0.14800000,0.10634921,0.00487380,0.05639476,0.01876248"
T4c,720575940605018540,DNp26,720575940619432261,5,1.4959516021676949e-06,0.010991900704743873,T4c -> LPi09 -> VS3 -> LPi13 -> LPT27 -> DNp26,"0.22222222,0.17751479,0.06980803,0.01099190,0.04942166"
T4c,720575940605018540,DNp31,720575940628132745,5,8.361467587381352e-07,0.00857263069317345,T4c -> LPi09 -> VS3 -> LPi13 -> LPT48_vCal3 -> DNp31,"0.22222222,0.17751479,0.06980803,0.00857263,0.03541938"
T4c,720575940605018540,DNp31,720575940632189900,5,6.514763089554796e-07,0.00857263069317345,T4c -> LPi09 -> VS3 -> LPi13 -> LPT48_vCal3 -> DNp31,"0.22222222,0.17751479,0.06980803,0.00857263,0.02759670"
T4c,720575940605018540,DNa02,720575940629327659,5,1.8103700064107757e-05,0.052083333333333336,T4c -> LPi09 -> VS3 -> DNp22 -> PS034 -> DNa02,"0.22222222,0.17751479,0.06631763,0.05208333,0.13286713"
T4c,720575940605018540,DNae002,720575940627139530,5,1.1433915829962794e-05,0.052083333333333336,T4c -> LPi09 -> VS3 -> DNp22 -> PS034 -> DNae002,"0.22222222,0.17751479,0.06631763,0.05208333,0.08391608"
T4c,720575940605018540,DNp18,720575940618440000,4,0.00018413752286011354,0.06457242582897033,T4c -> LPi09 -> VS3 -> DNp20 -> DNp18,"0.22222222,0.17751479,0.06457243,0.07228916"
T4c,720575940605018540,DNp18,720575940618440000,5,2.7514446787237884e-05,0.06457242582897033,T4c -> LPi09 -> VS3 -> DNp20 -> OCG01e -> DNp18,"0.22222222,0.17751479,0.06457243,0.06827309,0.15821297"
T4c,720575940605018540,DNp18,720575940618440000,5,1.0797592963524983e-05,0.05622489959839357,T4c -> LPi09 -> VS3 -> DNp20 -> OCG01a -> DNp18,"0.22222222,0.17751479,0.06457243,0.05622490,0.07539267"
T4c,720575940605018540,DNp18,720575940627949589,5,3.0417156631020478e-06,0.03891402714932127,T4c -> LPi09 -> VS3 -> PS126 -> CB0478 -> DNp18,"0.22222222,0.17751479,0.04363002,0.04541560,0.03891403"
T4c,720575940605018540,DNp18,720575940627949589,5,3.2139827066833987e-06,0.023707512139388747,T4c -> LPi09 -> VS3 -> PS126 -> CB0344 -> DNp18,"0.22222222,0.17751479,0.04363002,0.02370751,0.07876806"
T4c,720575940631696697,DNae002,720575940620380449,4,0.00010982644426449827,0.058885383806519455,T4c -> LPi09 -> LPT27 -> PLP230 -> DNae002,"0.13197970,0.16486903,0.05888538,0.08571429"
T4c,720575940631696697,DNp26,720575940627732361,5,7.026329637923175e-06,0.058885383806519455,T4c -> LPi09 -> LPT27 -> PLP230 -> PLP035 -> DNp26,"0.13197970,0.16486903,0.05888538,0.07058824,0.07768595"
T4c,720575940631696697,DNae002,720575940620380449,5,5.900737453966703e-06,0.044369747899159664,T4c -> LPi09 -> LPT27 -> PLP230 -> DNpe019 -> DNae002,"0.13197970,0.16486903,0.05888538,0.04436975,0.10379242"
T4c,720575940631696697,DNae002,720575940620380449,5,8.041917221769414e-06,0.03563025210084034,T4c -> LPi09 -> LPT27 -> PLP230 -> DNp51 -> DNae002,"0.13197970,0.16486903,0.05888538,0.03563025,0.17615176"
T4c,720575940631696697,DNae002,720575940627139530,5,7.579712310614524e-06,0.05152471083070452,T4c -> LPi09 -> LPT27 -> PLP078 -> PLP230 -> DNae002,"0.13197970,0.16486903,0.05152471,0.08772644,0.07706558"
T4c,720575940631696697,DNae010,720575940630868281,5,3.5318271251292583e-06,0.05008710801393728,T4c -> LPi09 -> LPT27 -> PLP078 -> PLP178 -> DNae010,"0.13197970,0.16486903,0.05152471,0.06289436,0.05008711"
T4c,720575940631696697,DNp31,720575940628132745,5,1.9488191534972645e-06,0.03684103399145125,T4c -> LPi09 -> LPT27 -> PLP078 ->  -> DNp31,"0.13197970,0.16486903,0.05152471,0.03684103,0.04718218"
T4c,720575940631696697,DNp26,720575940619432261,3,0.001075383933423212,0.04942166140904311,T4c -> LPi09 -> LPT27 -> DNp26,"0.13197970,0.16486903,0.04942166"
T4c,720575940631696697,DNa16,720575940632962786,5,3.4040282150272883e-06,0.033567948023822416,T4c -> LPi09 -> LPT27 -> WED075 -> PS013 -> DNa16,"0.13197970,0.16486903,0.04468980,0.03356795,0.10428305"
T4c,720575940631696697,DNa02,720575940629327659,5,2.5408639176453688e-06,0.033567948023822416,T4c -> LPi09 -> LPT27 -> WED075 -> PS013 -> DNa02,"0.13197970,0.16486903,0.04468980,0.03356795,0.07783985"
T4c,720575940623627753,DNp31,720575940632189900,5,1.5481152080466742e-06,0.0060673877906253885,T4c -> LPi09 -> LPT45_dCal1 -> LPi13 -> LPT48_vCal3 -> DNp31,"0.17500000,0.17514124,0.18212824,0.00606739,0.04570858"
T4c,720575940623627753,DNp31,720575940628132745,5,6.354708714252724e-07,0.0060673877906253885,T4c -> LPi09 -> LPT45_dCal1 -> LPi13 -> LPT48_vCal3 -> DNp31,"0.17500000,0.17514124,0.18212824,0.00606739,0.01876248"
T4c,720575940623627753,DNp26,720575940627732361,5,8.348559562159338e-07,0.0055203282357329355,T4c -> LPi09 -> LPT45_dCal1 -> LPi13 -> LPT27 -> DNp26,"0.17500000,0.17514124,0.18212824,0.00552033,0.02709211"
T4c,720575940623627753,DNp26,720575940619432261,5,5.962686098241444e-07,0.010991900704743873,T4c -> LPi09 -> LPT45_dCal1 -> LPi13 -> LPT27 -> DNp26,"0.17500000,0.17514124,0.03581173,0.01099190,0.04942166"
T4c,720575940623627753,DNp31,720575940628132745,5,3.3327820547089005e-07,0.00857263069317345,T4c -> LPi09 -> LPT45_dCal1 -> LPi13 -> LPT48_vCal3 -> DNp31,"0.17500000,0.17514124,0.03581173,0.00857263,0.03541938"
T4c,720575940623627753,DNp31,720575940632189900,5,2.596707490478714e-07,0.00857263069317345,T4c -> LPi09 -> LPT45_dCal1 -> LPi13 -> LPT48_vCal3 -> DNp31,"0.17500000,0.17514124,0.03581173,0.00857263,0.02759670"
T4c,720575940623627753,DNp31,720575940628132745,5,1.18272778948644e-06,0.021145975443383355,T4c -> LPi09 -> LPT45_dCal1 -> PLP248 -> PLP020 -> DNp31,"0.17500000,0.17514124,0.02114598,0.06051250,0.03015682"
T4c,720575940623627753,DNp31,720575940632189900,5,6.05888840543268e-07,0.021145975443383355,T4c -> LPi09 -> LPT45_dCal1 -> PLP248 -> PLP020 -> DNp31,"0.17500000,0.17514124,0.02114598,0.02469898,0.03784946"
T4c,720575940623627753,DNb03,720575940611016910,5,1.4328241444917526e-06,0.015006821282401092,T4c -> LPi09 -> LPT45_dCal1 -> LPi14 -> H2 -> DNb03,"0.17500000,0.17514124,0.01500682,0.07330021,0.04249839"
T4c,720575940623627753,DNb03,720575940627997050,5,1.4038782021787878e-06,0.015006821282401092,T4c -> LPi09 -> LPT45_dCal1 -> LPi14 -> H2 -> DNb03,"0.17500000,0.17514124,0.01500682,0.07330021,0.04163984"
T4c,720575940622769080,DNp31,720575940632189900,5,8.029756888335395e-06,0.044809800128949064,T4c -> LLPC2 -> PLP248 -> PLP020 -> PLP196 -> DNp31,"0.14728682,0.24770642,0.04480980,0.05591398,0.08784314"
T4c,720575940622769080,DNp31,720575940628132745,5,2.867770317262641e-06,0.03137254901960784,T4c -> LLPC2 -> PLP248 -> PLP020 -> PLP196 -> DNp31,"0.14728682,0.24770642,0.04480980,0.05591398,0.03137255"
T4c,720575940622769080,DNp31,720575940632189900,4,6.18776595378593e-05,0.0378494623655914,T4c -> LLPC2 -> PLP248 -> PLP020 -> DNp31,"0.14728682,0.24770642,0.04480980,0.03784946"
T4c,720575940622769080,DNp31,720575940632189900,5,1.2505400870851724e-05,0.034493874919406836,T4c -> LLPC2 -> PLP248 -> DNa10 -> IB008 -> DNp31,"0.14728682,0.24770642,0.03449387,0.11016949,0.09019722"
T4c,720575940622769080,DNp31,720575940628132745,5,1.1540353858310112e-05,0.034493874919406836,T4c -> LLPC2 -> PLP248 -> DNa10 -> IB008 -> DNp31,"0.14728682,0.24770642,0.03449387,0.11016949,0.08323666"
T4c,720575940622769080,DNp31,720575940632189900,5,1.0838056717326033e-05,0.034493874919406836,T4c -> LLPC2 -> PLP248 -> DNa10 -> IB008 -> DNp31,"0.14728682,0.24770642,0.03449387,0.08050847,0.10697115"
T4c,720575940622769080,DNp31,720575940628132745,5,7.306555090332157e-06,0.034493874919406836,T4c -> LLPC2 -> PLP248 -> DNa10 -> IB008 -> DNp31,"0.14728682,0.24770642,0.03449387,0.08050847,0.07211538"
T4c,720575940622769080,DNp31,720575940628132745,4,3.369523167895721e-05,0.030156815440289506,T4c -> LLPC2 -> PLP248 -> PLP020 -> DNp31,"0.14728682,0.24770642,0.03062540,0.03015682"
T4c,720575940622769080,DNp31,720575940628132745,5,2.4115214829057606e-06,0.029352633695215118,T4c -> LLPC2 -> PLP248 -> PLP020 -> PLP196 -> DNp31,"0.14728682,0.24770642,0.03062540,0.02935263,0.07352941"
T4c,720575940622769080,DNp31,720575940632189900,5,1.4469128897434564e-06,0.029352633695215118,T4c -> LLPC2 -> PLP248 -> PLP020 -> PLP196 -> DNp31,"0.14728682,0.24770642,0.03062540,0.02935263,0.04411765"
T4c,720575940617783581,DNp31,720575940632189900,5,1.0038952492301858e-08,0.003299594239086815,T4c -> Y11 -> Li32 -> Li24 -> LPLC4 -> DNp31,"0.18867925,0.04793028,0.00329959,0.01609253,0.02090592"
T4c,720575940617783581,DNp31,720575940632189900,5,6.471233342939963e-07,0.03731343283582089,T4c -> Y11 -> TmY14 -> Li21 -> LCe07 -> DNp31,"0.18867925,0.04575163,0.03731343,0.04783715,0.04199773"
T4c,720575940617783581,DNb03,720575940611016910,5,9.097078893592545e-08,0.003447031945168143,T4c -> Y11 -> LPi14 -> Am1 -> H2 -> DNb03,"0.18867925,0.04139434,0.07950952,0.00344703,0.04249839"
T4c,720575940617783581,DNb03,720575940627997050,5,8.913299522004818e-08,0.003447031945168143,T4c -> Y11 -> LPi14 -> Am1 -> H2 -> DNb03,"0.18867925,0.04139434,0.07950952,0.00344703,0.04163984"
T4c,720575940617783581,DNp15,720575940623431351,5,7.948457821169244e-08,0.003447031945168143,T4c -> Y11 -> LPi14 -> Am1 -> H2 -> DNp15,"0.18867925,0.04139434,0.07950952,0.00344703,0.03713243"
T4c,720575940617783581,DNg41,720575940622037926,5,4.594484289693205e-08,0.003447031945168143,T4c -> Y11 -> LPi14 -> Am1 -> H2 -> DNg41,"0.18867925,0.04139434,0.07950952,0.00344703,0.02146383"
T4c,720575940617783581,DNg41,720575940636329579,5,1.4048450886732475e-07,0.0034069501783638625,T4c -> Y11 -> LPi14 -> Am1 -> LPT04_HST -> DNg41,"0.18867925,0.04139434,0.07950952,0.00340695,0.06640159"
T4c,720575940617783581,DNb03,720575940634163682,5,7.318654054764823e-08,0.0034069501783638625,T4c -> Y11 -> LPi14 -> Am1 -> LPT04_HST -> DNb03,"0.18867925,0.04139434,0.07950952,0.00340695,0.03459245"
T4c,720575940617783581,DNb03,720575940611016910,4,2.0393083310655855e-05,0.04139433551198257,T4c -> Y11 -> LPi14 -> H2 -> DNb03,"0.18867925,0.04139434,0.06143917,0.04249839"
T4c,720575940617783581,DNb03,720575940627997050,4,1.9981101829632502e-05,0.04139433551198257,T4c -> Y11 -> LPi14 -> H2 -> DNb03,"0.18867925,0.04139434,0.06143917,0.04163984"
T4c,720575940607118722,DNae002,720575940620380449,4,9.726387896151618e-05,0.058885383806519455,T4c -> LPi09 -> LPT27 -> PLP230 -> DNae002,"0.11688312,0.16486903,0.05888538,0.08571429"
T4c,720575940607118722,DNp26,720575940627732361,5,6.222618605413481e-06,0.058885383806519455,T4c -> LPi09 -> LPT27 -> PLP230 -> PLP035 -> DNp26,"0.11688312,0.16486903,0.05888538,0.07058824,0.07768595"
T4c,720575940607118722,DNae002,720575940620380449,5,5.2257779749665145e-06,0.044369747899159664,T4c -> LPi09 -> LPT27 -> PLP230 -> DNpe019 -> DNae002,"0.11688312,0.16486903,0.05888538,0.04436975,0.10379242"
T4c,720575940607118722,DNae002,720575940620380449,5,7.122037579519066e-06,0.03563025210084034,T4c -> LPi09 -> LPT27 -> PLP230 -> DNp51 -> DNae002,"0.11688312,0.16486903,0.05888538,0.03563025,0.17615176"
T4c,720575940607118722,DNae002,720575940627139530,5,6.712702261098676e-06,0.05152471083070452,T4c -> LPi09 -> LPT27 -> PLP078 -> PLP230 -> DNae002,"0.11688312,0.16486903,0.05152471,0.08772644,0.07706558"
T4c,720575940607118722,DNae010,720575940630868281,5,3.1278369095175696e-06,0.05008710801393728,T4c -> LPi09 -> LPT27 -> PLP078 -> PLP178 -> DNae010,"0.11688312,0.16486903,0.05152471,0.06289436,0.05008711"
T4c,720575940607118722,DNp31,720575940628132745,5,1.725902277298027e-06,0.03684103399145125,T4c -> LPi09 -> LPT27 -> PLP078 ->  -> DNp31,"0.11688312,0.16486903,0.05152471,0.03684103,0.04718218"
T4c,720575940607118722,DNp26,720575940619432261,3,0.0009523754814981792,0.04942166140904311,T4c -> LPi09 -> LPT27 -> DNp26,"0.11688312,0.16486903,0.04942166"
T4c,720575940607118722,DNa16,720575940632962786,5,3.014656356265425e-06,0.033567948023822416,T4c -> LPi09 -> LPT27 -> WED075 -> PS013 -> DNa16,"0.11688312,0.16486903,0.04468980,0.03356795,0.10428305"
T4c,720575940607118722,DNa02,720575940629327659,5,2.250225637355264e-06,0.033567948023822416,T4c -> LPi09 -> LPT27 -> WED075 -> PS013 -> DNa02,"0.11688312,0.16486903,0.04468980,0.03356795,0.07783985"
T4c,720575940636384887,DNae002,720575940620380449,5,4.862299178447984e-06,0.05,T4c -> LPi04 -> Y11 -> LPLC1 -> DNp03 -> DNae002,"0.12230216,0.12500000,0.05000000,0.09689214,0.06565064"
T4c,720575940636384887,DNae002,720575940620380449,5,3.4910979644056023e-06,0.03833333333333333,T4c -> LPi04 -> Y11 -> LPLC1 -> DNp03 -> DNae002,"0.12230216,0.12500000,0.03833333,0.09074074,0.06565064"
T4c,720575940636384887,DNae002,720575940620380449,5,2.434360223627052e-06,0.03333333333333333,T4c -> LPi04 -> Y11 -> LPLC1 -> DNp03 -> DNae002,"0.12230216,0.12500000,0.03333333,0.07276507,0.06565064"
T4c,720575940636384887,DNp31,720575940632189900,5,2.227947371832264e-06,0.03333333333333333,T4c -> LPi04 -> Y11 -> LPLC1 -> DNa07 -> DNp31,"0.12230216,0.12500000,0.03333333,0.04573805,0.09558824"
T4c,720575940636384887,DNa16,720575940632962786,5,1.5424251035761829e-06,0.03333333333333333,T4c -> LPi04 -> Y11 -> LPLC1 -> DNa07 -> DNa16,"0.12230216,0.12500000,0.03333333,0.04573805,0.06617647"
T4c,720575940636384887,DNp18,720575940618440000,5,1.3710445365121624e-06,0.03333333333333333,T4c -> LPi04 -> Y11 -> LPLC1 -> DNa07 -> DNp18,"0.12230216,0.12500000,0.03333333,0.04573805,0.05882353"
T4c,720575940636384887,DNb03,720575940611016910,5,1.5874519326902499e-06,0.03333333333333333,T4c -> LPi04 -> Y11 -> LPi14 -> H2 -> DNb03,"0.12230216,0.12500000,0.03333333,0.07330021,0.04249839"
T4c,720575940636384887,DNb03,720575940627997050,5,1.5553821966763054e-06,0.03333333333333333,T4c -> LPi04 -> Y11 -> LPi14 -> H2 -> DNb03,"0.12230216,0.12500000,0.03333333,0.07330021,0.04163984"
T4c,720575940636384887,DNp15,720575940623431351,5,1.3870160826030971e-06,0.03333333333333333,T4c -> LPi04 -> Y11 -> LPi14 -> H2 -> DNp15,"0.12230216,0.12500000,0.03333333,0.07330021,0.03713243"
T4c,720575940636384887,DNg41,720575940622037926,5,8.017434003486111e-07,0.021463833440652502,T4c -> LPi04 -> Y11 -> LPi14 -> H2 -> DNg41,"0.12230216,0.12500000,0.03333333,0.07330021,0.02146383"
T4c,720575940613251751,DNae002,720575940620380449,4,0.00015555313825736975,0.058885383806519455,T4c -> LPi09 -> LPT27 -> PLP230 -> DNae002,"0.13750000,0.22413793,0.05888538,0.08571429"
T4c,720575940613251751,DNp26,720575940627732361,5,9.951771023174456e-06,0.058885383806519455,T4c -> LPi09 -> LPT27 -> PLP230 -> PLP035 -> DNp26,"0.13750000,0.22413793,0.05888538,0.07058824,0.07768595"
T4c,720575940613251751,DNae002,720575940620380449,5,8.357533881246025e-06,0.044369747899159664,T4c -> LPi09 -> LPT27 -> PLP230 -> DNpe019 -> DNae002,"0.13750000,0.22413793,0.05888538,0.04436975,0.10379242"
T4c,720575940613251751,DNae002,720575940620380449,5,1.1390202695077077e-05,0.03563025210084034,T4c -> LPi09 -> LPT27 -> PLP230 -> DNp51 -> DNae002,"0.13750000,0.22413793,0.05888538,0.03563025,0.17615176"
T4c,720575940613251751,DNae002,720575940627139530,5,1.0735556858825114e-05,0.05152471083070452,T4c -> LPi09 -> LPT27 -> PLP078 -> PLP230 -> DNae002,"0.13750000,0.22413793,0.05152471,0.08772644,0.07706558"
T4c,720575940613251751,DNae010,720575940630868281,5,5.0023179460609305e-06,0.05008710801393728,T4c -> LPi09 -> LPT27 -> PLP078 -> PLP178 -> DNae010,"0.13750000,0.22413793,0.05152471,0.06289436,0.05008711"
T4c,720575940613251751,DNp31,720575940628132745,5,2.760218062714453e-06,0.03684103399145125,T4c -> LPi09 -> LPT27 -> PLP078 ->  -> DNp31,"0.13750000,0.22413793,0.05152471,0.03684103,0.04718218"
T4c,720575940613251751,DNp26,720575940619432261,3,0.0015231244787700788,0.04942166140904311,T4c -> LPi09 -> LPT27 -> DNp26,"0.13750000,0.22413793,0.04942166"
T4c,720575940613251751,DNa16,720575940632962786,5,4.821309431532714e-06,0.033567948023822416,T4c -> LPi09 -> LPT27 -> WED075 -> PS013 -> DNa16,"0.13750000,0.22413793,0.04468980,0.03356795,0.10428305"
T4c,720575940613251751,DNa02,720575940629327659,5,3.5987631113940616e-06,0.033567948023822416,T4c -> LPi09 -> LPT27 -> WED075 -> PS013 -> DNa02,"0.13750000,0.22413793,0.04468980,0.03356795,0.07783985"
T4c,720575940612176090,DNp26,720575940619432261,5,6.319630361045789e-07,0.010991900704743873,T4c -> Tlp14 -> LPT45_dCal1 -> LPi13 -> LPT27 -> DNp26,"0.22580645,0.04340836,0.11868390,0.01099190,0.04942166"
T4c,720575940612176090,DNp31,720575940628132745,5,3.532292378412922e-07,0.00857263069317345,T4c -> Tlp14 -> LPT45_dCal1 -> LPi13 -> LPT48_vCal3 -> DNp31,"0.22580645,0.04340836,0.11868390,0.00857263,0.03541938"
T4c,720575940612176090,DNp31,720575940632189900,5,2.752154184407614e-07,0.00857263069317345,T4c -> Tlp14 -> LPT45_dCal1 -> LPi13 -> LPT48_vCal3 -> DNp31,"0.22580645,0.04340836,0.11868390,0.00857263,0.02759670"
T4c,720575940612176090,DNp31,720575940632189900,5,1.6184601424109115e-07,0.0060673877906253885,T4c -> Tlp14 -> LPT45_dCal1 -> LPi13 -> LPT48_vCal3 -> DNp31,"0.22580645,0.04340836,0.05953780,0.00606739,0.04570858"
T4c,720575940612176090,DNp31,720575940628132745,5,6.64346084657754e-08,0.0060673877906253885,T4c -> Tlp14 -> LPT45_dCal1 -> LPi13 -> LPT48_vCal3 -> DNp31,"0.22580645,0.04340836,0.05953780,0.00606739,0.01876248"
T4c,720575940612176090,DNp26,720575940627732361,5,8.727910447276615e-08,0.0055203282357329355,T4c -> Tlp14 -> LPT45_dCal1 -> LPi13 -> LPT27 -> DNp26,"0.22580645,0.04340836,0.05953780,0.00552033,0.02709211"
T4c,720575940612176090,DNp15,720575940616293855,5,8.66571658823139e-07,0.03799451625538582,T4c -> Tlp14 -> LPT45_dCal1 -> LPi14 -> H2 -> DNp15,"0.22580645,0.04340836,0.03799452,0.05921117,0.03929798"
T4c,720575940612176090,DNb03,720575940634163682,5,5.594855855508616e-07,0.025371995421594812,T4c -> Tlp14 -> LPT45_dCal1 -> LPi14 -> H2 -> DNb03,"0.22580645,0.04340836,0.03799452,0.05921117,0.02537200"
T4c,720575940612176090,DNb03,720575940620776880,5,4.879723904052628e-07,0.022128958412819536,T4c -> Tlp14 -> LPT45_dCal1 -> LPi14 -> H2 -> DNb03,"0.22580645,0.04340836,0.03799452,0.05921117,0.02212896"
T4c,720575940612176090,DNg41,720575940636329579,5,4.711457562533572e-07,0.021365890881343,T4c -> Tlp14 -> LPT45_dCal1 -> LPi14 -> H2 -> DNg41,"0.22580645,0.04340836,0.03799452,0.05921117,0.02136589"
T4c,720575940624201805,DNae002,720575940627139530,4,0.00018024302636648385,0.060204695966285374,T4c -> LPi09 -> LPT27 -> PLP230 -> DNae002,"0.19786096,0.19633943,0.06020470,0.07706558"
T4c,720575940624201805,DNp26,720575940619432261,5,1.853924919772405e-05,0.060204695966285374,T4c -> LPi09 -> LPT27 -> PLP230 -> PLP035 -> DNp26,"0.19786096,0.19633943,0.06020470,0.06446832,0.12295544"
T4c,720575940624201805,DNae002,720575940627139530,5,1.6392099821687535e-05,0.0448314190440904,T4c -> LPi09 -> LPT27 -> PLP230 -> DNpe019 -> DNae002,"0.19786096,0.19633943,0.06020470,0.04483142,0.15633423"
T4c,720575940624201805,DNae010,720575940651341558,5,3.956713750062508e-06,0.03773584905660377,T4c -> LPi09 -> LPT27 -> PLP230 -> DNpe019 -> DNae010,"0.19786096,0.19633943,0.06020470,0.04483142,0.03773585"
T4c,720575940624201805,DNae002,720575940627139530,5,2.4505587715270217e-06,0.030752130418673584,T4c -> LPi09 -> LPT27 -> PLP230 -> DNa09 -> DNae002,"0.19786096,0.19633943,0.06020470,0.03075213,0.03407155"
T4c,720575940624201805,DNae010,720575940651341558,5,2.754884306094435e-06,0.026396562308164517,T4c -> LPi09 -> LPT27 -> LAL158 -> LAL019 -> DNae010,"0.19786096,0.19633943,0.04033715,0.02639656,0.06660137"
T4c,720575940624201805,DNae002,720575940627139530,5,2.1066762340722147e-06,0.026396562308164517,T4c -> LPi09 -> LPT27 -> LAL158 -> LAL019 -> DNae002,"0.19786096,0.19633943,0.04033715,0.02639656,0.05093046"
T4c,720575940624201805,DNp31,720575940632189900,5,6.920065339626292e-06,0.03913305237808549,T4c -> LPi09 -> LPT27 -> DNa10 -> IB008 -> DNp31,"0.19786096,0.19633943,0.03913305,0.04255319,0.10697115"
T4c,720575940624201805,DNp31,720575940628132745,5,4.665212588512107e-06,0.03913305237808549,T4c -> LPi09 -> LPT27 -> DNa10 -> IB008 -> DNp31,"0.19786096,0.19633943,0.03913305,0.04255319,0.07211538"
T4c,720575940624201805,DNae002,720575940620380449,5,9.024548516647256e-06,0.031306441902468396,T4c -> LPi09 -> LPT27 -> PLP078 -> PLP230 -> DNae002,"0.19786096,0.19633943,0.03130644,0.08657070,0.08571429"
T4c,720575940623273866,DNa02,720575940629327659,5,1.581064990769667e-06,0.03593140078070007,T4c -> LPi07 -> LPi12 -> LPi15 -> HSS -> DNa02,"0.13934426,0.09702970,0.08075935,0.03593140,0.04029851"
T4c,720575940623273866,DNp18,720575940618440000,5,1.112601289800877e-06,0.028358208955223882,T4c -> LPi07 -> LPi12 -> LPi15 -> HSS -> DNp18,"0.13934426,0.09702970,0.08075935,0.03593140,0.02835821"
T4c,720575940623273866,DNg41,720575940636329579,5,1.0833223084903274e-06,0.027611940298507463,T4c -> LPi07 -> LPi12 -> LPi15 -> HSS -> DNg41,"0.13934426,0.09702970,0.08075935,0.03593140,0.02761194"
T4c,720575940623273866,DNp15,720575940616293855,5,2.833122734746538e-06,0.028956293594419914,T4c -> LPi07 -> LPi12 -> LPi15 -> HSE -> DNp15,"0.13934426,0.09702970,0.08075935,0.02895629,0.08960573"
T4c,720575940623273866,DNp15,720575940616293855,5,3.719025539361068e-06,0.020189415754783387,T4c -> LPi07 -> LPi12 -> LPi15 -> HSN -> DNp15,"0.13934426,0.09702970,0.08075935,0.02018942,0.16870144"
T4c,720575940623273866,DNa02,720575940629327659,5,7.095509252728353e-07,0.020189415754783387,T4c -> LPi07 -> LPi12 -> LPi15 -> HSN -> DNa02,"0.13934426,0.09702970,0.08075935,0.02018942,0.03218646"
T4c,720575940623273866,DNp26,720575940619432261,5,1.5782369410184304e-06,0.01711780892045818,T4c -> LPi07 -> LPi12 -> LPi15 -> LPT26 -> DNp26,"0.13934426,0.09702970,0.08075935,0.01711781,0.08443790"
T4c,720575940623273866,DNg41,720575940622037926,5,2.4889423234261694e-07,0.006578535179500031,T4c -> LPi07 -> LPi12 -> LPT04_HST -> CB0268 -> DNg41,"0.13934426,0.09702970,0.00657854,0.09900596,0.02826380"
T4c,720575940623273866,DNp15,720575940623431351,5,2.441533898218052e-07,0.006578535179500031,T4c -> LPi07 -> LPi12 -> LPT04_HST -> CB0268 -> DNp15,"0.13934426,0.09702970,0.00657854,0.09900596,0.02772544"
T4c,720575940623273866,DNg41,720575940636329579,4,5.9061092452293465e-06,0.006578535179500031,T4c -> LPi07 -> LPi12 -> LPT04_HST -> DNg41,"0.13934426,0.09702970,0.00657854,0.06640159"
T4c,720575940631514179,DNp31,720575940632189900,4,6.209816263024362e-06,0.0060673877906253885,T4c -> LPi09 -> LPi13 -> LPT48_vCal3 -> DNp31,"0.14383562,0.15567282,0.00606739,0.04570858"
T4c,720575940631514179,DNp31,720575940632189900,5,1.703055351896654e-07,0.0060673877906253885,T4c -> LPi09 -> LPi13 -> LPT48_vCal3 -> PLP103c -> DNp31,"0.14383562,0.15567282,0.00606739,0.01916168,0.06542056"
T4c,720575940631514179,DNp31,720575940628132745,4,2.549007549014367e-06,0.0060673877906253885,T4c -> LPi09 -> LPi13 -> LPT48_vCal3 -> DNp31,"0.14383562,0.15567282,0.00606739,0.01876248"
T4c,720575940631514179,DNp31,720575940632189900,5,1.1517787696343448e-07,0.0060673877906253885,T4c -> LPi09 -> LPi13 -> LPT48_vCal3 -> PS058 -> DNp31,"0.14383562,0.15567282,0.00606739,0.01497006,0.05663234"
T4c,720575940631514179,DNae002,720575940627139530,5,5.735020306567452e-07,0.0055203282357329355,T4c -> LPi09 -> LPi13 -> LPT27 -> PLP230 -> DNae002,"0.14383562,0.15567282,0.00552033,0.06020470,0.07706558"
T4c,720575940631514179,DNae002,720575940620380449,5,1.0435667645410332e-07,0.0055203282357329355,T4c -> LPi09 -> LPi13 -> LPT27 -> WED075 -> DNae002,"0.14383562,0.15567282,0.00552033,0.03070439,0.02749638"
T4c,720575940631514179,DNp31,720575940628132745,5,1.122095942706803e-07,0.0055203282357329355,T4c -> LPi09 -> LPi13 -> LPT27 -> PLP020 -> DNp31,"0.14383562,0.15567282,0.00552033,0.03010235,0.03015682"
T4c,720575940631514179,DNp26,720575940627732361,4,3.3487831314141825e-06,0.0055203282357329355,T4c -> LPi09 -> LPi13 -> LPT27 -> DNp26,"0.14383562,0.15567282,0.00552033,0.02709211"
T4c,720575940631514179,DNp31,720575940632189900,5,2.813090952361423e-07,0.004873803307223673,T4c -> LPi09 -> LPi13 -> LPi11 -> LPT48_vCal3 -> DNp31,"0.14383562,0.15567282,0.00487380,0.05639476,0.04570858"
T4c,720575940631514179,DNp31,720575940628132745,5,1.1547185568645143e-07,0.004873803307223673,T4c -> LPi09 -> LPi13 -> LPi11 -> LPT48_vCal3 -> DNp31,"0.14383562,0.15567282,0.00487380,0.05639476,0.01876248"
T4c,720575940612415146,DNp26,720575940619432261,5,2.791129900452717e-06,0.010991900704743873,T4c -> LPi09 -> LPT45_dCal1 -> LPi13 -> LPT27 -> DNp26,"0.23958333,0.18069307,0.11868390,0.01099190,0.04942166"
T4c,720575940612415146,DNp31,720575940628132745,5,1.5600733446849955e-06,0.00857263069317345,T4c -> LPi09 -> LPT45_dCal1 -> LPi13 -> LPT48_vCal3 -> DNp31,"0.23958333,0.18069307,0.11868390,0.00857263,0.03541938"
T4c,720575940612415146,DNp31,720575940632189900,5,1.2155172685582479e-06,0.00857263069317345,T4c -> LPi09 -> LPT45_dCal1 -> LPi13 -> LPT48_vCal3 -> DNp31,"0.23958333,0.18069307,0.11868390,0.00857263,0.02759670"
T4c,720575940612415146,DNp31,720575940632189900,5,7.148096072230585e-07,0.0060673877906253885,T4c -> LPi09 -> LPT45_dCal1 -> LPi13 -> LPT48_vCal3 -> DNp31,"0.23958333,0.18069307,0.05953780,0.00606739,0.04570858"
T4c,720575940612415146,DNp31,720575940628132745,5,2.934152972880677e-07,0.0060673877906253885,T4c -> LPi09 -> LPT45_dCal1 -> LPi13 -> LPT48_vCal3 -> DNp31,"0.23958333,0.18069307,0.05953780,0.00606739,0.01876248"
T4c,720575940612415146,DNp26,720575940627732361,5,3.854771628421021e-07,0.0055203282357329355,T4c -> LPi09 -> LPT45_dCal1 -> LPi13 -> LPT27 -> DNp26,"0.23958333,0.18069307,0.05953780,0.00552033,0.02709211"
T4c,720575940612415146,DNp15,720575940616293855,5,3.827303069393315e-06,0.03799451625538582,T4c -> LPi09 -> LPT45_dCal1 -> LPi14 -> H2 -> DNp15,"0.23958333,0.18069307,0.03799452,0.05921117,0.03929798"
T4c,720575940612415146,DNb03,720575940634163682,5,2.471025768103451e-06,0.025371995421594812,T4c -> LPi09 -> LPT45_dCal1 -> LPi14 -> H2 -> DNb03,"0.23958333,0.18069307,0.03799452,0.05921117,0.02537200"
T4c,720575940612415146,DNb03,720575940620776880,5,2.155180369172935e-06,0.022128958412819536,T4c -> LPi09 -> LPT45_dCal1 -> LPi14 -> H2 -> DNb03,"0.23958333,0.18069307,0.03799452,0.05921117,0.02212896"
T4c,720575940612415146,DNg41,720575940636329579,5,2.080863804718696e-06,0.021365890881343,T4c -> LPi09 -> LPT45_dCal1 -> LPi14 -> H2 -> DNg41,"0.23958333,0.18069307,0.03799452,0.05921117,0.02136589"
T4c,720575940623562423,DNp26,720575940619432261,5,6.550141441408991e-07,0.010991900704743873,T4c -> LPi09 -> VS3 -> LPi13 -> LPT27 -> DNp26,"0.10404624,0.16600791,0.06980803,0.01099190,0.04942166"
T4c,720575940623562423,DNp31,720575940628132745,5,3.661134175446748e-07,0.00857263069317345,T4c -> LPi09 -> VS3 -> LPi13 -> LPT48_vCal3 -> DNp31,"0.10404624,0.16600791,0.06980803,0.00857263,0.03541938"
T4c,720575940623562423,DNp31,720575940632189900,5,2.852540124427834e-07,0.00857263069317345,T4c -> LPi09 -> VS3 -> LPi13 -> LPT48_vCal3 -> DNp31,"0.10404624,0.16600791,0.06980803,0.00857263,0.02759670"
T4c,720575940623562423,DNa02,720575940629327659,5,7.926847089232096e-06,0.052083333333333336,T4c -> LPi09 -> VS3 -> DNp22 -> PS034 -> DNa02,"0.10404624,0.16600791,0.06631763,0.05208333,0.13286713"
T4c,720575940623562423,DNae002,720575940627139530,5,5.00642974056764e-06,0.052083333333333336,T4c -> LPi09 -> VS3 -> DNp22 -> PS034 -> DNae002,"0.10404624,0.16600791,0.06631763,0.05208333,0.08391608"
T4c,720575940623562423,DNp18,720575940618440000,4,8.062605886826139e-05,0.06457242582897033,T4c -> LPi09 -> VS3 -> DNp20 -> DNp18,"0.10404624,0.16600791,0.06457243,0.07228916"
T4c,720575940623562423,DNp18,720575940618440000,5,1.2047416365434423e-05,0.06457242582897033,T4c -> LPi09 -> VS3 -> DNp20 -> OCG01e -> DNp18,"0.10404624,0.16600791,0.06457243,0.06827309,0.15821297"
T4c,720575940623562423,DNp18,720575940618440000,5,4.72781078180381e-06,0.05622489959839357,T4c -> LPi09 -> VS3 -> DNp20 -> OCG01a -> DNp18,"0.10404624,0.16600791,0.06457243,0.05622490,0.07539267"
T4c,720575940623562423,DNp18,720575940627949589,5,1.3318390641112552e-06,0.03891402714932127,T4c -> LPi09 -> VS3 -> PS126 -> CB0478 -> DNp18,"0.10404624,0.16600791,0.04363002,0.04541560,0.03891403"
T4c,720575940623562423,DNp18,720575940627949589,5,1.4072675405082293e-06,0.023707512139388747,T4c -> LPi09 -> VS3 -> PS126 -> CB0344 -> DNp18,"0.10404624,0.16600791,0.04363002,0.02370751,0.07876806"
T4c,720575940634089116,DNp26,720575940627732361,5,5.637671569599216e-07,0.013790386130811664,T4c -> LPC2 -> TmY14 -> Li21 -> LCe07 -> DNp26,"0.18421053,0.11790393,0.04460967,0.01379039,0.04219409"
T4c,720575940634089116,DNp31,720575940628132745,5,5.726263551407204e-07,0.01182033096926714,T4c -> LPC2 -> TmY14 -> Li21 -> LC35 -> DNp31,"0.18421053,0.11790393,0.04460967,0.01182033,0.05000000"
T4c,720575940634089116,DNp31,720575940628132745,5,3.515133642548347e-06,0.0440251572327044,T4c -> LPC2 -> LPLC4 -> PS058 -> DNb05 -> DNp31,"0.18421053,0.06986900,0.07598784,0.08163904,0.04402516"
T4c,720575940634089116,DNp31,720575940628132745,4,4.894636008014776e-05,0.05004691898654989,T4c -> LPC2 -> LPLC4 -> PS058 -> DNp31,"0.18421053,0.06986900,0.07598784,0.05004692"
T4c,720575940634089116,DNae002,720575940620380449,5,5.607105870800217e-07,0.022521113543947452,T4c -> LPC2 -> LPLC4 -> PS058 -> PS106 -> DNae002,"0.18421053,0.06986900,0.07598784,0.02252111,0.02545692"
T4c,720575940634089116,DNp26,720575940627732361,4,5.99171627088819e-05,0.06659173925259905,T4c -> LPC2 -> LPLC4 -> PLP034 -> DNp26,"0.18421053,0.06986900,0.06990881,0.06659174"
T4c,720575940634089116,DNa16,720575940632962786,5,2.872804287979457e-06,0.04897959183673469,T4c -> LPC2 -> LPLC4 -> PLP034 -> PLP228 -> DNa16,"0.18421053,0.06986900,0.06990881,0.06518685,0.04897959"
T4c,720575940634089116,DNae010,720575940651341558,5,2.532502383732183e-06,0.04860915987636977,T4c -> LPC2 -> LPLC4 -> PLP034 -> DNp57 -> DNae010,"0.18421053,0.06986900,0.06990881,0.04860916,0.05790297"
T4c,720575940634089116,DNae002,720575940627139530,5,1.4031432126083717e-06,0.032081377151799685,T4c -> LPC2 -> LPLC4 -> PLP034 -> DNp57 -> DNae002,"0.18421053,0.06986900,0.06990881,0.04860916,0.03208138"
T4c,720575940634089116,DNa02,720575940604737708,5,3.232209783550455e-06,0.036808092160719307,T4c -> LPC2 -> LPLC4 -> PLP034 -> CB0431 -> DNa02,"0.18421053,0.06986900,0.06990881,0.03680809,0.09759450"
T4c,720575940640878544,DNa02,720575940629327659,5,2.755352903565495e-07,0.009645780984031774,T4c -> LPLC2 -> PVLP011 -> PLP249 -> PLP012 -> DNa02,"0.14545455,0.18729097,0.00964578,0.02606985,0.04022140"
T4c,720575940640878544,DNp18,720575940618440000,5,1.9717204264046663e-07,0.009645780984031774,T4c -> LPLC2 -> PVLP011 -> PLP249 -> PLP012 -> DNp18,"0.14545455,0.18729097,0.00964578,0.02606985,0.02878229"
T4c,720575940640878544,DNae010,720575940651341558,5,7.290823405411653e-07,0.0069709005430817865,T4c -> LPLC2 -> PVLP011 -> PLP018 -> PLP029 -> DNae010,"0.14545455,0.18729097,0.00697090,0.04583684,0.08375850"
T4c,720575940640878544,DNae002,720575940627139530,5,5.218305076969761e-07,0.0069709005430817865,T4c -> LPLC2 -> PVLP011 -> PLP018 -> PLP029 -> DNae002,"0.14545455,0.18729097,0.00697090,0.04583684,0.05994898"
T4c,720575940640878544,DNa02,720575940629327659,5,3.626907074773309e-07,0.0069709005430817865,T4c -> LPLC2 -> PVLP011 -> PLP018 -> PLP029 -> DNa02,"0.14545455,0.18729097,0.00697090,0.04583684,0.04166667"
T4c,720575940640878544,DNa16,720575940632962786,5,3.5919153107491575e-07,0.0069709005430817865,T4c -> LPLC2 -> PVLP011 -> PLP018 -> LAL026 -> DNa16,"0.14545455,0.18729097,0.00697090,0.01976451,0.09569892"
T4c,720575940640878544,DNa02,720575940629327659,5,1.6547025588844432e-07,0.0069709005430817865,T4c -> LPLC2 -> PVLP011 -> PLP018 -> LAL026 -> DNa02,"0.14545455,0.18729097,0.00697090,0.01976451,0.04408602"
T4c,720575940640878544,DNae010,720575940651341558,5,7.114837219446277e-07,0.006646672610845425,T4c -> LPLC2 -> PVLP011 -> PLP018 -> PLP029 -> DNae010,"0.14545455,0.18729097,0.00664667,0.04691240,0.08375850"
T4c,720575940640878544,DNae002,720575940627139530,5,5.092345421025001e-07,0.006646672610845425,T4c -> LPLC2 -> PVLP011 -> PLP018 -> PLP029 -> DNae002,"0.14545455,0.18729097,0.00664667,0.04691240,0.05994898"
T4c,720575940640878544,DNa02,720575940629327659,5,3.5393606472372345e-07,0.006646672610845425,T4c -> LPLC2 -> PVLP011 -> PLP018 -> PLP029 -> DNa02,"0.14545455,0.18729097,0.00664667,0.04691240,0.04166667"
T4c,720575940627510544,DNae002,720575940627139530,4,3.237921950368105e-05,0.03198578409595735,T4c -> LPT50 -> LPT27 -> PLP230 -> DNae002,"0.21818182,0.03198578,0.06020470,0.07706558"
T4c,720575940627510544,DNp26,720575940619432261,5,3.330427985524398e-06,0.03198578409595735,T4c -> LPT50 -> LPT27 -> PLP230 -> PLP035 -> DNp26,"0.21818182,0.03198578,0.06020470,0.06446832,0.12295544"
T4c,720575940627510544,DNae002,720575940627139530,5,2.9447097563346676e-06,0.03198578409595735,T4c -> LPT50 -> LPT27 -> PLP230 -> DNpe019 -> DNae002,"0.21818182,0.03198578,0.06020470,0.04483142,0.15633423"
T4c,720575940627510544,DNae010,720575940651341558,5,7.107920101497472e-07,0.03198578409595735,T4c -> LPT50 -> LPT27 -> PLP230 -> DNpe019 -> DNae010,"0.21818182,0.03198578,0.06020470,0.04483142,0.03773585"
T4c,720575940627510544,DNae002,720575940627139530,5,4.4022330277904725e-07,0.030752130418673584,T4c -> LPT50 -> LPT27 -> PLP230 -> DNa09 -> DNae002,"0.21818182,0.03198578,0.06020470,0.03075213,0.03407155"
T4c,720575940627510544,DNae010,720575940651341558,5,4.948929534333689e-07,0.026396562308164517,T4c -> LPT50 -> LPT27 -> LAL158 -> LAL019 -> DNae010,"0.21818182,0.03198578,0.04033715,0.02639656,0.06660137"
T4c,720575940627510544,DNae002,720575940627139530,5,3.7844755262551744e-07,0.026396562308164517,T4c -> LPT50 -> LPT27 -> LAL158 -> LAL019 -> DNae002,"0.21818182,0.03198578,0.04033715,0.02639656,0.05093046"
T4c,720575940627510544,DNp31,720575940632189900,5,1.2431344453570493e-06,0.03198578409595735,T4c -> LPT50 -> LPT27 -> DNa10 -> IB008 -> DNp31,"0.21818182,0.03198578,0.03913305,0.04255319,0.10697115"
T4c,720575940627510544,DNp31,720575940628132745,5,8.380681654092467e-07,0.03198578409595735,T4c -> LPT50 -> LPT27 -> DNa10 -> IB008 -> DNp31,"0.21818182,0.03198578,0.03913305,0.04255319,0.07211538"
T4c,720575940627510544,DNae002,720575940620380449,5,1.6211880328063375e-06,0.031306441902468396,T4c -> LPT50 -> LPT27 -> PLP078 -> PLP230 -> DNae002,"0.21818182,0.03198578,0.03130644,0.08657070,0.08571429"
T4c,720575940626521981,DNp18,720575940618440000,4,0.0005667409754675681,0.07228915662650602,T4c -> LPi09 -> VS4 -> DNp20 -> DNp18,"0.25531915,0.12101911,0.25373134,0.07228916"
T4c,720575940626521981,DNp18,720575940618440000,5,8.468433901707195e-05,0.06827309236947791,T4c -> LPi09 -> VS4 -> DNp20 -> OCG01e -> DNp18,"0.25531915,0.12101911,0.25373134,0.06827309,0.15821297"
T4c,720575940626521981,DNp18,720575940618440000,5,3.323297866616106e-05,0.05622489959839357,T4c -> LPi09 -> VS4 -> DNp20 -> OCG01a -> DNp18,"0.25531915,0.12101911,0.25373134,0.05622490,0.07539267"
T4c,720575940626521981,DNp26,720575940619432261,5,1.3152610976720825e-06,0.010991900704743873,T4c -> LPi09 -> VS4 -> LPi13 -> LPT27 -> DNp26,"0.25531915,0.12101911,0.07835821,0.01099190,0.04942166"
T4c,720575940626521981,DNp31,720575940628132745,5,7.35151660066602e-07,0.00857263069317345,T4c -> LPi09 -> VS4 -> LPi13 -> LPT48_vCal3 -> DNp31,"0.25531915,0.12101911,0.07835821,0.00857263,0.03541938"
T4c,720575940626521981,DNp31,720575940632189900,5,5.727868762482113e-07,0.00857263069317345,T4c -> LPi09 -> VS4 -> LPi13 -> LPT48_vCal3 -> DNp31,"0.25531915,0.12101911,0.07835821,0.00857263,0.02759670"
T4c,720575940626521981,DNp18,720575940618440000,5,7.534437565244846e-06,0.05223880597014925,T4c -> LPi09 -> VS4 -> VS3 -> DNp20 -> DNp18,"0.25531915,0.12101911,0.05223881,0.06457243,0.07228916"
T4c,720575940626521981,DNa16,720575940621519130,5,4.6151704112487785e-06,0.03731343283582089,T4c -> LPi09 -> VS4 -> CB0213 -> CB0215 -> DNa16,"0.25531915,0.12101911,0.03731343,0.09796807,0.04086022"
T4c,720575940626521981,DNa16,720575940632962786,5,1.4624494913986211e-05,0.033582089552238806,T4c -> LPi09 -> VS4 -> CB3716 -> CB0415 -> DNa16,"0.25531915,0.12101911,0.03358209,0.09696376,0.14535379"
T4c,720575940626521981,DNa02,720575940629327659,5,4.160046940342119e-06,0.033582089552238806,T4c -> LPi09 -> VS4 -> CB3716 -> CB0415 -> DNa02,"0.25531915,0.12101911,0.03358209,0.09696376,0.04134697"
T4c,720575940629180725,DNp31,720575940632189900,4,3.345092948562954e-05,0.049765807962529274,T4c -> LPC2 -> LPLC4 -> DNb05 -> DNp31,"0.14583333,0.05899705,0.07812500,0.04976581"
T4c,720575940629180725,DNa16,720575940621519130,5,2.529063632676217e-06,0.04352678571428571,T4c -> LPC2 -> LPLC4 -> DNp07 -> PS100 -> DNa16,"0.14583333,0.05899705,0.04352679,0.09239130,0.07309454"
T4c,720575940629180725,DNp31,720575940632189900,5,2.177171069902687e-06,0.04352678571428571,T4c -> LPC2 -> LPLC4 -> DNp07 -> IB008 -> DNp31,"0.14583333,0.05899705,0.04352679,0.05434783,0.10697115"
T4c,720575940629180725,DNp31,720575940628132745,5,1.4677557774624854e-06,0.04352678571428571,T4c -> LPC2 -> LPLC4 -> DNp07 -> IB008 -> DNp31,"0.14583333,0.05899705,0.04352679,0.05434783,0.07211538"
T4c,720575940629180725,DNp31,720575940632189900,5,1.2850411835410925e-06,0.03804347826086957,T4c -> LPC2 -> LPLC4 -> DNp07 -> IB008 -> DNp31,"0.14583333,0.05899705,0.04352679,0.03804348,0.09019722"
T4c,720575940629180725,DNp31,720575940628132745,5,1.1858740182517476e-06,0.03804347826086957,T4c -> LPC2 -> LPLC4 -> DNp07 -> IB008 -> DNp31,"0.14583333,0.05899705,0.04352679,0.03804348,0.08323666"
T4c,720575940629180725,DNae010,720575940651341558,5,3.488050170893116e-06,0.041294642857142856,T4c -> LPC2 -> LPLC4 -> PS065 -> PLP029 -> DNae010,"0.14583333,0.05899705,0.04129464,0.11721225,0.08375850"
T4c,720575940629180725,DNae002,720575940627139530,5,2.496523218761063e-06,0.041294642857142856,T4c -> LPC2 -> LPLC4 -> PS065 -> PLP029 -> DNae002,"0.14583333,0.05899705,0.04129464,0.11721225,0.05994898"
T4c,720575940629180725,DNa02,720575940629327659,5,1.7351721662310934e-06,0.041294642857142856,T4c -> LPC2 -> LPLC4 -> PS065 -> PLP029 -> DNa02,"0.14583333,0.05899705,0.04129464,0.11721225,0.04166667"
T4c,720575940629180725,DNae010,720575940630868281,5,5.666793488671108e-07,0.03299894403379092,T4c -> LPC2 -> LPLC4 -> PS065 -> DNp57 -> DNae010,"0.14583333,0.05899705,0.04129464,0.03299894,0.04833442"
T4c,720575940624269036,DNae002,720575940627139530,4,7.732849673327996e-05,0.060204695966285374,T4c -> LPi09 -> LPT27 -> PLP230 -> DNae002,"0.10000000,0.16666667,0.06020470,0.07706558"
T4c,720575940624269036,DNp26,720575940619432261,5,7.953773857018676e-06,0.060204695966285374,T4c -> LPi09 -> LPT27 -> PLP230 -> PLP035 -> DNp26,"0.10000000,0.16666667,0.06020470,0.06446832,0.12295544"
T4c,720575940624269036,DNae002,720575940627139530,5,7.032596284394552e-06,0.0448314190440904,T4c -> LPi09 -> LPT27 -> PLP230 -> DNpe019 -> DNae002,"0.10000000,0.16666667,0.06020470,0.04483142,0.15633423"
T4c,720575940624269036,DNae010,720575940651341558,5,1.6975232410607538e-06,0.03773584905660377,T4c -> LPi09 -> LPT27 -> PLP230 -> DNpe019 -> DNae010,"0.10000000,0.16666667,0.06020470,0.04483142,0.03773585"
T4c,720575940624269036,DNae002,720575940627139530,5,1.0513473379737644e-06,0.030752130418673584,T4c -> LPi09 -> LPT27 -> PLP230 -> DNa09 -> DNae002,"0.10000000,0.16666667,0.06020470,0.03075213,0.03407155"
T4c,720575940624269036,DNae010,720575940651341558,5,1.1819101485304447e-06,0.026396562308164517,T4c -> LPi09 -> LPT27 -> LAL158 -> LAL019 -> DNae010,"0.10000000,0.16666667,0.04033715,0.02639656,0.06660137"
T4c,720575940624269036,DNae002,720575940627139530,5,9.038136429938694e-07,0.026396562308164517,T4c -> LPi09 -> LPT27 -> LAL158 -> LAL019 -> DNae002,"0.10000000,0.16666667,0.04033715,0.02639656,0.05093046"
T4c,720575940624269036,DNp31,720575940632189900,5,2.9688707563161558e-06,0.03913305237808549,T4c -> LPi09 -> LPT27 -> DNa10 -> IB008 -> DNp31,"0.10000000,0.16666667,0.03913305,0.04255319,0.10697115"
T4c,720575940624269036,DNp31,720575940628132745,5,2.001485903134487e-06,0.03913305237808549,T4c -> LPi09 -> LPT27 -> DNa10 -> IB008 -> DNp31,"0.10000000,0.16666667,0.03913305,0.04255319,0.07211538"
T4c,720575940624269036,DNae002,720575940620380449,5,3.871743526265212e-06,0.031306441902468396,T4c -> LPi09 -> LPT27 -> PLP078 -> PLP230 -> DNae002,"0.10000000,0.16666667,0.03130644,0.08657070,0.08571429"
T4c,720575940614678237,DNp31,720575940628132745,5,1.937846713750947e-07,0.024935511607910577,T4c -> Tlp14 -> TmY14 -> Li21 -> LCe07 -> DNp31,"0.13492063,0.02493551,0.04316547,0.02802242,0.04761905"
T4c,720575940614678237,DNp31,720575940628132745,5,2.0640666146466024e-07,0.02063628546861565,T4c -> Tlp14 -> TmY14 -> Li21 -> LCe07 -> DNp31,"0.13492063,0.02063629,0.05555556,0.02802242,0.04761905"
T4c,720575940614678237,DNp31,720575940628132745,3,0.0001088349343395394,0.018056749785038694,T4c -> Tlp14 -> LPC2 -> DNp31,"0.13492063,0.01805675,0.04467354"
T4c,720575940614678237,DNp31,720575940628132745,5,2.91930933044539e-07,0.018056749785038694,T4c -> Tlp14 -> LPC2 -> LPLC4 -> DNb05 -> DNp31,"0.13492063,0.01805675,0.04467354,0.06092715,0.04402516"
T4c,720575940614678237,DNae010,720575940630868281,5,4.284770299232668e-07,0.018056749785038694,T4c -> Tlp14 -> LPC2 -> LPLC4 -> PLP029 -> DNae010,"0.13492063,0.01805675,0.04467354,0.04503311,0.08742331"
T4c,720575940614678237,DNae002,720575940620380449,5,3.4578848028895213e-07,0.018056749785038694,T4c -> Tlp14 -> LPC2 -> LPLC4 -> PLP029 -> DNae002,"0.13492063,0.01805675,0.04467354,0.04503311,0.07055215"
T4c,720575940614678237,DNa02,720575940604737708,5,1.9732494799097812e-07,0.018056749785038694,T4c -> Tlp14 -> LPC2 -> LPLC4 -> PLP029 -> DNa02,"0.13492063,0.01805675,0.04467354,0.04503311,0.04026074"
T4c,720575940614678237,DNp26,720575940627732361,5,3.1677847653073834e-07,0.018056749785038694,T4c -> Tlp14 -> LPC2 -> LPLC4 -> PLP034 -> DNp26,"0.13492063,0.01805675,0.04467354,0.04370861,0.06659174"
T4c,720575940614678237,DNp31,720575940628132745,5,1.947881256007019e-07,0.018056749785038694,T4c -> Tlp14 -> LPC2 -> LPLC4 -> PS058 -> DNp31,"0.13492063,0.01805675,0.04467354,0.03576159,0.05004692"
T4c,720575940614678237,DNp31,720575940628132745,4,3.6038057728324304e-06,0.018056749785038694,T4c -> Tlp14 -> LPC2 -> LPLC4 -> DNp31,"0.13492063,0.01805675,0.04467354,0.03311258"
T4c,720575940635700335,DNp31,720575940632189900,4,6.910908924707965e-06,0.0060673877906253885,T4c -> LPi09 -> LPi13 -> LPT48_vCal3 -> DNp31,"0.15476190,0.16101695,0.00606739,0.04570858"
T4c,720575940635700335,DNp31,720575940632189900,5,1.8953315093677315e-07,0.0060673877906253885,T4c -> LPi09 -> LPi13 -> LPT48_vCal3 -> PLP103c -> DNp31,"0.15476190,0.16101695,0.00606739,0.01916168,0.06542056"
T4c,720575940635700335,DNp31,720575940628132745,4,2.836792309705453e-06,0.0060673877906253885,T4c -> LPi09 -> LPi13 -> LPT48_vCal3 -> DNp31,"0.15476190,0.16101695,0.00606739,0.01876248"
T4c,720575940635700335,DNp31,720575940632189900,5,1.2818154098618175e-07,0.0060673877906253885,T4c -> LPi09 -> LPi13 -> LPT48_vCal3 -> PS058 -> DNp31,"0.15476190,0.16101695,0.00606739,0.01497006,0.05663234"
T4c,720575940635700335,DNae002,720575940627139530,5,6.38250816792048e-07,0.0055203282357329355,T4c -> LPi09 -> LPi13 -> LPT27 -> PLP230 -> DNae002,"0.15476190,0.16101695,0.00552033,0.06020470,0.07706558"
T4c,720575940635700335,DNae002,720575940620380449,5,1.1613861926218716e-07,0.0055203282357329355,T4c -> LPi09 -> LPi13 -> LPT27 -> WED075 -> DNae002,"0.15476190,0.16101695,0.00552033,0.03070439,0.02749638"
T4c,720575940635700335,DNp31,720575940628132745,5,1.2487813707155124e-07,0.0055203282357329355,T4c -> LPi09 -> LPi13 -> LPT27 -> PLP020 -> DNp31,"0.15476190,0.16101695,0.00552033,0.03010235,0.03015682"
T4c,720575940635700335,DNp26,720575940627732361,4,3.7268631227633746e-06,0.0055203282357329355,T4c -> LPi09 -> LPi13 -> LPT27 -> DNp26,"0.15476190,0.16101695,0.00552033,0.02709211"
T4c,720575940635700335,DNp31,720575940632189900,5,3.130690916645809e-07,0.004873803307223673,T4c -> LPi09 -> LPi13 -> LPi11 -> LPT48_vCal3 -> DNp31,"0.15476190,0.16101695,0.00487380,0.05639476,0.04570858"
T4c,720575940635700335,DNp31,720575940628132745,5,1.2850871011559216e-07,0.004873803307223673,T4c -> LPi09 -> LPi13 -> LPi11 -> LPT48_vCal3 -> DNp31,"0.15476190,0.16101695,0.00487380,0.05639476,0.01876248"
T4c,720575940623133075,DNp31,720575940628132745,4,7.458872766685717e-05,0.030156815440289506,T4c -> LLPC2 -> PLP248 -> PLP020 -> DNp31,"0.12903226,0.31677019,0.06051250,0.03015682"
T4c,720575940623133075,DNp31,720575940628132745,5,5.338212862431935e-06,0.029352633695215118,T4c -> LLPC2 -> PLP248 -> PLP020 -> PLP196 -> DNp31,"0.12903226,0.31677019,0.06051250,0.02935263,0.07352941"
T4c,720575940623133075,DNp31,720575940632189900,5,3.2029277174591612e-06,0.029352633695215118,T4c -> LLPC2 -> PLP248 -> PLP020 -> PLP196 -> DNp31,"0.12903226,0.31677019,0.06051250,0.02935263,0.04411765"
T4c,720575940623133075,DNp31,720575940632189900,5,6.398616053378494e-06,0.03550478542760111,T4c -> LLPC2 -> PLP248 -> PLP081 -> CB0654 -> DNp31,"0.12903226,0.31677019,0.03550479,0.04751258,0.09280000"
T4c,720575940623133075,DNp31,720575940628132745,5,5.185085422565331e-06,0.03550478542760111,T4c -> LLPC2 -> PLP248 -> PLP081 -> CB0654 -> DNp31,"0.12903226,0.31677019,0.03550479,0.04751258,0.07520000"
T4c,720575940623133075,DNp31,720575940628132745,5,2.656438687919728e-06,0.02068194522079374,T4c -> LLPC2 -> PLP248 -> PLP081 -> CB0654 -> DNp31,"0.12903226,0.31677019,0.03550479,0.02068195,0.08850727"
T4c,720575940623133075,DNp31,720575940632189900,5,1.7048785609037061e-06,0.02068194522079374,T4c -> LLPC2 -> PLP248 -> PLP081 -> CB0654 -> DNp31,"0.12903226,0.31677019,0.03550479,0.02068195,0.05680317"
T4c,720575940623133075,DNp31,720575940632189900,5,6.54840179638887e-06,0.03519604816301328,T4c -> LLPC2 -> PLP248 -> DNa10 -> IB008 -> DNp31,"0.12903226,0.31677019,0.03519605,0.04255319,0.10697115"
T4c,720575940623133075,DNp31,720575940628132745,5,4.414652896441935e-06,0.03519604816301328,T4c -> LLPC2 -> PLP248 -> DNa10 -> IB008 -> DNp31,"0.12903226,0.31677019,0.03519605,0.04255319,0.07211538"
T4c,720575940623133075,DNp31,720575940632189900,5,6.194236369544171e-06,0.03272615004631059,T4c -> LLPC2 -> PLP248 -> PLP081 -> CB0654 -> DNp31,"0.12903226,0.31677019,0.03272615,0.04990020,0.09280000"
T4c,720575940617910804,DNp31,720575940632189900,5,9.18291307442621e-06,0.044809800128949064,T4c -> LLPC2 -> PLP248 -> PLP020 -> PLP196 -> DNp31,"0.11428571,0.36507937,0.04480980,0.05591398,0.08784314"
T4c,720575940617910804,DNp31,720575940628132745,5,3.2796118122950753e-06,0.03137254901960784,T4c -> LLPC2 -> PLP248 -> PLP020 -> PLP196 -> DNp31,"0.11428571,0.36507937,0.04480980,0.05591398,0.03137255"
T4c,720575940617910804,DNp31,720575940632189900,4,7.076393179605912e-05,0.0378494623655914,T4c -> LLPC2 -> PLP248 -> PLP020 -> DNp31,"0.11428571,0.36507937,0.04480980,0.03784946"
T4c,720575940617910804,DNp31,720575940632189900,5,1.4301305849583602e-05,0.034493874919406836,T4c -> LLPC2 -> PLP248 -> DNa10 -> IB008 -> DNp31,"0.11428571,0.36507937,0.03449387,0.11016949,0.09019722"
T4c,720575940617910804,DNp31,720575940628132745,5,1.319766809913342e-05,0.034493874919406836,T4c -> LLPC2 -> PLP248 -> DNa10 -> IB008 -> DNp31,"0.11428571,0.36507937,0.03449387,0.11016949,0.08323666"
T4c,720575940617910804,DNp31,720575940632189900,5,1.2394513820895767e-05,0.034493874919406836,T4c -> LLPC2 -> PLP248 -> DNa10 -> IB008 -> DNp31,"0.11428571,0.36507937,0.03449387,0.08050847,0.10697115"
T4c,720575940617910804,DNp31,720575940628132745,5,8.355852014087033e-06,0.034493874919406836,T4c -> LLPC2 -> PLP248 -> DNa10 -> IB008 -> DNp31,"0.11428571,0.36507937,0.03449387,0.08050847,0.07211538"
T4c,720575940617910804,DNp31,720575940628132745,4,3.8534215647300954e-05,0.030156815440289506,T4c -> LLPC2 -> PLP248 -> PLP020 -> DNp31,"0.11428571,0.36507937,0.03062540,0.03015682"
T4c,720575940617910804,DNp31,720575940628132745,5,2.7578409237774212e-06,0.029352633695215118,T4c -> LLPC2 -> PLP248 -> PLP020 -> PLP196 -> DNp31,"0.11428571,0.36507937,0.03062540,0.02935263,0.07352941"
T4c,720575940617910804,DNp31,720575940632189900,5,1.6547045542664527e-06,0.029352633695215118,T4c -> LLPC2 -> PLP248 -> PLP020 -> PLP196 -> DNp31,"0.11428571,0.36507937,0.03062540,0.02935263,0.04411765"
T4d,720575940626592664,DNae002,720575940620380449,5,1.230078590656494e-06,0.010991900704743873,T4d -> LPT45_dCal1 -> LPi13 -> LPT27 -> PLP230 -> DNae002,"0.18681319,0.11868390,0.01099190,0.05888538,0.08571429"
T4d,720575940626592664,DNp26,720575940619432261,4,1.2044519533511503e-05,0.010991900704743873,T4d -> LPT45_dCal1 -> LPi13 -> LPT27 -> DNp26,"0.18681319,0.11868390,0.01099190,0.04942166"
T4d,720575940626592664,DNae002,720575940627139530,5,3.479090040235471e-07,0.010991900704743873,T4d -> LPT45_dCal1 -> LPi13 -> LPT27 -> WED075 -> DNae002,"0.18681319,0.11868390,0.01099190,0.04468980,0.03194369"
T4d,720575940626592664,DNp31,720575940632189900,5,3.7343246103442666e-07,0.010991900704743873,T4d -> LPT45_dCal1 -> LPi13 -> LPT27 -> PLP020 -> DNp31,"0.18681319,0.11868390,0.01099190,0.04048370,0.03784946"
T4d,720575940626592664,DNp26,720575940619432261,5,1.4546383924984408e-07,0.010991900704743873,T4d -> LPT45_dCal1 -> LPi13 -> LPT27 -> WED007 -> DNp26,"0.18681319,0.11868390,0.01099190,0.02103049,0.02838137"
T4d,720575940626592664,DNp31,720575940628132745,4,6.7321602877462955e-06,0.00857263069317345,T4d -> LPT45_dCal1 -> LPi13 -> LPT48_vCal3 -> DNp31,"0.18681319,0.11868390,0.00857263,0.03541938"
T4d,720575940626592664,DNp31,720575940628132745,5,2.831814210550128e-07,0.00857263069317345,T4d -> LPT45_dCal1 -> LPi13 -> LPT48_vCal3 -> PS058 -> DNp31,"0.18681319,0.11868390,0.00857263,0.02976967,0.05004692"
T4d,720575940626592664,DNp31,720575940632189900,4,5.245302800882083e-06,0.00857263069317345,T4d -> LPT45_dCal1 -> LPi13 -> LPT48_vCal3 -> DNp31,"0.18681319,0.11868390,0.00857263,0.02759670"
T4d,720575940626592664,DNp31,720575940632189900,5,3.1122926256852246e-07,0.005890396549910592,T4d -> LPT45_dCal1 -> LPi13 -> LPi11 -> LPC2 -> DNp31,"0.18681319,0.11868390,0.00589040,0.05385735,0.04424779"
T4d,720575940626592664,DNae002,720575940627139530,5,4.491164432889144e-07,0.005890396549910592,T4d -> LPT45_dCal1 -> LPi13 -> LPi11 -> LLPC2 -> DNae002,"0.18681319,0.11868390,0.00589040,0.04585153,0.07500000"
T4d,720575940621480575,DNp31,720575940632189900,4,7.924703367010003e-05,0.047512576858580215,T4d -> LLPC3 -> PLP081 -> CB0654 -> DNp31,"0.14534884,0.12365591,0.04751258,0.09280000"
T4d,720575940621480575,DNp31,720575940628132745,4,6.421742383611555e-05,0.047512576858580215,T4d -> LLPC3 -> PLP081 -> CB0654 -> DNp31,"0.14534884,0.12365591,0.04751258,0.07520000"
T4d,720575940621480575,DNp31,720575940628132745,4,3.290006532474759e-05,0.02068194522079374,T4d -> LLPC3 -> PLP081 -> CB0654 -> DNp31,"0.14534884,0.12365591,0.02068195,0.08850727"
T4d,720575940621480575,DNp31,720575940632189900,4,2.1114967297972333e-05,0.02068194522079374,T4d -> LLPC3 -> PLP081 -> CB0654 -> DNp31,"0.14534884,0.12365591,0.02068195,0.05680317"
T4d,720575940621480575,DNp26,720575940627732361,5,7.305728801137214e-07,0.016769144773616546,T4d -> LLPC3 -> PLP081 -> PLP038 -> CB1827 -> DNp26,"0.14534884,0.12365591,0.01676914,0.05434783,0.04460094"
T4d,720575940621480575,DNae002,720575940627139530,5,1.4300202057272163e-06,0.014533258803801007,T4d -> LLPC3 -> PLP081 -> PLP038 -> PLP230 -> DNae002,"0.14534884,0.12365591,0.01453326,0.07103825,0.07706558"
T4d,720575940621480575,DNp26,720575940627732361,5,5.411296101447063e-07,0.014533258803801007,T4d -> LLPC3 -> PLP081 -> PLP038 -> CB1827 -> DNp26,"0.14534884,0.12365591,0.01453326,0.04644809,0.04460094"
T4d,720575940621480575,DNp26,720575940627732361,5,1.1181111511163375e-06,0.014533258803801007,T4d -> LLPC3 -> PLP081 -> PLP038 -> CB2192 -> DNp26,"0.14534884,0.12365591,0.01453326,0.04371585,0.09791667"
T4d,720575940621480575,DNp31,720575940628132745,5,2.0246025184608237e-06,0.012856344326439352,T4d -> LLPC3 -> PLP081 -> CB0657 ->  -> DNp31,"0.14534884,0.12365591,0.01285634,0.18570255,0.04718218"
T4d,720575940621480575,DNa02,720575940604737708,5,1.0862348342419999e-06,0.012856344326439352,T4d -> LLPC3 -> PLP081 -> CB0657 -> PS059 -> DNa02,"0.14534884,0.12365591,0.01285634,0.06655711,0.07062937"
T4d,720575940621041005,DNp31,720575940632189900,5,1.0139021693198402e-07,0.0060673877906253885,T4d -> LPi13 -> LPT48_vCal3 -> PLP248 -> PLP020 -> DNp31,"0.18627451,0.00606739,0.05289421,0.04480980,0.03784946"
T4d,720575940621041005,DNp31,720575940628132745,5,5.5211636558629996e-08,0.0060673877906253885,T4d -> LPi13 -> LPT48_vCal3 -> PLP248 -> PLP020 -> DNp31,"0.18627451,0.00606739,0.05289421,0.03062540,0.03015682"
T4d,720575940621041005,DNp31,720575940632189900,3,5.165982598921973e-05,0.0060673877906253885,T4d -> LPi13 -> LPT48_vCal3 -> DNp31,"0.18627451,0.00606739,0.04570858"
T4d,720575940621041005,DNp31,720575940628132745,5,5.763364588464434e-08,0.0060673877906253885,T4d -> LPi13 -> LPT48_vCal3 -> PLP248 -> PLP020 -> DNp31,"0.18627451,0.00606739,0.02794411,0.06051250,0.03015682"
T4d,720575940621041005,DNp31,720575940632189900,5,2.952461520878876e-08,0.0060673877906253885,T4d -> LPi13 -> LPT48_vCal3 -> PLP248 -> PLP020 -> DNp31,"0.18627451,0.00606739,0.02794411,0.02469898,0.03784946"
T4d,720575940621041005,DNp31,720575940632189900,4,1.4167817436540692e-06,0.0060673877906253885,T4d -> LPi13 -> LPT48_vCal3 -> PLP103c -> DNp31,"0.18627451,0.00606739,0.01916168,0.06542056"
T4d,720575940621041005,DNp31,720575940632189900,5,1.464373895249684e-07,0.0060673877906253885,T4d -> LPi13 -> LPT48_vCal3 -> PLP103c -> PLP025b -> DNp31,"0.18627451,0.00606739,0.01916168,0.03738318,0.18087855"
T4d,720575940621041005,DNp31,720575940628132745,3,2.1205343419155697e-05,0.0060673877906253885,T4d -> LPi13 -> LPT48_vCal3 -> DNp31,"0.18627451,0.00606739,0.01876248"
T4d,720575940621041005,DNp31,720575940632189900,5,3.96495867640196e-08,0.0060673877906253885,T4d -> LPi13 -> LPT48_vCal3 -> PLP103a -> PLP124 -> DNp31,"0.18627451,0.00606739,0.01776447,0.05494505,0.03594203"
T4d,720575940621041005,DNp31,720575940628132745,5,3.00569448049826e-08,0.0060673877906253885,T4d -> LPi13 -> LPT48_vCal3 -> PLP103a -> PLP124 -> DNp31,"0.18627451,0.00606739,0.01776447,0.05494505,0.02724638"
T4d,720575940633196591,DNae002,720575940627139530,3,0.0016138121057380165,0.060204695966285374,T4d -> LPT27 -> PLP230 -> DNae002,"0.34782609,0.06020470,0.07706558"
T4d,720575940633196591,DNp26,720575940619432261,5,5.035232113966834e-06,0.028381374722838137,T4d -> LPT27 -> PLP230 -> PLP035 -> WED007 -> DNp26,"0.34782609,0.06020470,0.06446832,0.13141568,0.02838137"
T4d,720575940633196591,DNp26,720575940619432261,4,0.00016599180223343324,0.060204695966285374,T4d -> LPT27 -> PLP230 -> PLP035 -> DNp26,"0.34782609,0.06020470,0.06446832,0.12295544"
T4d,720575940633196591,DNae002,720575940627139530,5,2.40796659310035e-06,0.03194369247428262,T4d -> LPT27 -> PLP230 -> PLP035 -> WED075 -> DNae002,"0.34782609,0.06020470,0.06446832,0.05583756,0.03194369"
T4d,720575940633196591,DNp26,720575940619432261,5,2.0924801738229555e-06,0.030456852791878174,T4d -> LPT27 -> PLP230 -> PLP035 -> CB1827 -> DNp26,"0.34782609,0.06020470,0.06446832,0.03045685,0.05089059"
T4d,720575940633196591,DNae002,720575940627139530,4,0.00014676722680475587,0.0448314190440904,T4d -> LPT27 -> PLP230 -> DNpe019 -> DNae002,"0.34782609,0.06020470,0.04483142,0.15633423"
T4d,720575940633196591,DNa16,720575940632962786,5,6.022935497259858e-06,0.0448314190440904,T4d -> LPT27 -> PLP230 -> DNpe019 -> DNa04 -> DNa16,"0.34782609,0.06020470,0.04483142,0.04851752,0.13223140"
T4d,720575940633196591,DNae010,720575940651341558,5,5.356798417030765e-06,0.0448314190440904,T4d -> LPT27 -> PLP230 -> DNpe019 -> PS112 -> DNae010,"0.34782609,0.06020470,0.04483142,0.04851752,0.11760660"
T4d,720575940633196591,DNp18,720575940618440000,5,2.960335967306475e-06,0.0448314190440904,T4d -> LPT27 -> PLP230 -> DNpe019 -> PS112 -> DNp18,"0.34782609,0.06020470,0.04483142,0.04851752,0.06499312"
T4d,720575940633196591,DNae010,720575940651341558,4,3.542657198735486e-05,0.03773584905660377,T4d -> LPT27 -> PLP230 -> DNpe019 -> DNae010,"0.34782609,0.06020470,0.04483142,0.03773585"
T4d,720575940615363295,DNp15,720575940623431351,5,1.267553354532341e-06,0.028450008906532306,T4d -> LPi11 -> Tlp14 -> LPi15 -> HSE -> DNp15,"0.19512195,0.05254777,0.03641092,0.02845001,0.11934156"
T4d,720575940615363295,DNp15,720575940623431351,5,1.3910900554237517e-06,0.026032521566531797,T4d -> LPi11 -> Tlp14 -> LPi15 -> HSN -> DNp15,"0.19512195,0.05254777,0.03641092,0.02603252,0.14313535"
T4d,720575940615363295,DNp18,720575940627949589,5,5.110126734209701e-07,0.026032521566531797,T4d -> LPi11 -> Tlp14 -> LPi15 -> HSN -> DNp18,"0.19512195,0.05254777,0.03641092,0.02603252,0.05258033"
T4d,720575940615363295,DNae002,720575940620380449,5,4.353070921734189e-07,0.026032521566531797,T4d -> LPi11 -> Tlp14 -> LPi15 -> HSN -> DNae002,"0.19512195,0.05254777,0.03641092,0.02603252,0.04479065"
T4d,720575940615363295,DNae010,720575940630868281,5,3.9745430154964337e-07,0.026032521566531797,T4d -> LPi11 -> Tlp14 -> LPi15 -> HSN -> DNae010,"0.19512195,0.05254777,0.03641092,0.02603252,0.04089581"
T4d,720575940615363295,DNp26,720575940627732361,5,4.1711021675405287e-07,0.02147746647326768,T4d -> LPi11 -> Tlp14 -> LPi15 -> LPT26 -> DNp26,"0.19512195,0.05254777,0.03641092,0.02147747,0.05202064"
T4d,720575940615363295,DNp31,720575940632189900,4,2.1560344100536547e-05,0.02340702210663199,T4d -> LPi11 -> Tlp14 -> LPT47_vCal2 -> DNp31,"0.19512195,0.05254777,0.02340702,0.08983573"
T4d,720575940615363295,DNp31,720575940632189900,5,6.698127494900616e-07,0.02340702210663199,T4d -> LPi11 -> Tlp14 -> LPT47_vCal2 -> PS058 -> DNp31,"0.19512195,0.05254777,0.02340702,0.04928131,0.05663234"
T4d,720575940615363295,DNp31,720575940628132745,4,8.99374353908096e-06,0.02340702210663199,T4d -> LPi11 -> Tlp14 -> LPT47_vCal2 -> DNp31,"0.19512195,0.05254777,0.02340702,0.03747433"
T4d,720575940615363295,DNp31,720575940628132745,5,2.4873304406541885e-07,0.02340702210663199,T4d -> LPi11 -> Tlp14 -> LPT47_vCal2 -> LPT48_vCal3 -> DNp31,"0.19512195,0.05254777,0.02340702,0.02926078,0.03541938"
T4d,720575940637837658,DNp31,720575940628132745,5,3.954980432487209e-06,0.05004691898654989,T4d -> LPi11 -> LPC2 -> LPLC4 -> PS058 -> DNp31,"0.30526316,0.06311637,0.06779661,0.06049822,0.05004692"
T4d,720575940637837658,DNae010,720575940630868281,5,5.079902119832864e-06,0.04448398576512456,T4d -> LPi11 -> LPC2 -> LPLC4 -> PLP029 -> DNae010,"0.30526316,0.06311637,0.06779661,0.04448399,0.08742331"
T4d,720575940637837658,DNae002,720575940620380449,5,4.099570131794943e-06,0.04448398576512456,T4d -> LPi11 -> LPC2 -> LPLC4 -> PLP029 -> DNae002,"0.30526316,0.06311637,0.06779661,0.04448399,0.07055215"
T4d,720575940637837658,DNa02,720575940604737708,5,2.3394286078177664e-06,0.040260736196319015,T4d -> LPi11 -> LPC2 -> LPLC4 -> PLP029 -> DNa02,"0.30526316,0.06311637,0.06779661,0.04448399,0.04026074"
T4d,720575940637837658,DNp26,720575940627732361,5,3.7146651846736535e-06,0.042704626334519574,T4d -> LPi11 -> LPC2 -> LPLC4 -> PLP034 -> DNp26,"0.30526316,0.06311637,0.06779661,0.04270463,0.06659174"
T4d,720575940637837658,DNp31,720575940628132745,5,4.898920398007307e-06,0.04092526690391459,T4d -> LPi11 -> LPC2 -> LPLC4 -> CB0734 -> DNp31,"0.30526316,0.06311637,0.06779661,0.04092527,0.09163987"
T4d,720575940637837658,DNp31,720575940628132745,5,2.6126920837401875e-06,0.03914590747330961,T4d -> LPi11 -> LPC2 -> LPLC4 -> CB0734 -> DNp31,"0.30526316,0.06311637,0.06779661,0.03914591,0.05109489"
T4d,720575940637837658,DNp31,720575940628132745,5,2.046534107903978e-06,0.03558718861209965,T4d -> LPi11 -> LPC2 -> LPLC4 -> DNb05 -> DNp31,"0.30526316,0.06311637,0.06779661,0.03558719,0.04402516"
T4d,720575940637837658,DNp31,720575940628132745,5,7.4616286054458885e-06,0.030156815440289506,T4d -> LPi11 -> LLPC2 -> PLP248 -> PLP020 -> DNp31,"0.30526316,0.04602235,0.29104478,0.06051250,0.03015682"
T4d,720575940637837658,DNp31,720575940632189900,5,3.822449717090987e-06,0.02469898116702686,T4d -> LPi11 -> LLPC2 -> PLP248 -> PLP020 -> DNp31,"0.30526316,0.04602235,0.29104478,0.02469898,0.03784946"
T4d,720575940617361206,DNp31,720575940632189900,5,7.775791072979225e-08,0.0060673877906253885,T4d -> LPi13 -> LPT48_vCal3 -> PLP248 -> PLP020 -> DNp31,"0.14285714,0.00606739,0.05289421,0.04480980,0.03784946"
T4d,720575940617361206,DNp31,720575940628132745,5,4.234275886451322e-08,0.0060673877906253885,T4d -> LPi13 -> LPT48_vCal3 -> PLP248 -> PLP020 -> DNp31,"0.14285714,0.00606739,0.05289421,0.03062540,0.03015682"
T4d,720575940617361206,DNp31,720575940632189900,3,3.961881391654445e-05,0.0060673877906253885,T4d -> LPi13 -> LPT48_vCal3 -> DNp31,"0.14285714,0.00606739,0.04570858"
T4d,720575940617361206,DNp31,720575940628132745,5,4.420023970100543e-08,0.0060673877906253885,T4d -> LPi13 -> LPT48_vCal3 -> PLP248 -> PLP020 -> DNp31,"0.14285714,0.00606739,0.02794411,0.06051250,0.03015682"
T4d,720575940617361206,DNp31,720575940632189900,5,2.264293797967258e-08,0.0060673877906253885,T4d -> LPi13 -> LPT48_vCal3 -> PLP248 -> PLP020 -> DNp31,"0.14285714,0.00606739,0.02794411,0.02469898,0.03784946"
T4d,720575940617361206,DNp31,720575940632189900,4,1.0865544199452257e-06,0.0060673877906253885,T4d -> LPi13 -> LPT48_vCal3 -> PLP103c -> DNp31,"0.14285714,0.00606739,0.01916168,0.06542056"
T4d,720575940617361206,DNp31,720575940632189900,5,1.1230536640260731e-07,0.0060673877906253885,T4d -> LPi13 -> LPT48_vCal3 -> PLP103c -> PLP025b -> DNp31,"0.14285714,0.00606739,0.01916168,0.03738318,0.18087855"
T4d,720575940617361206,DNp31,720575940628132745,3,1.626274457709685e-05,0.0060673877906253885,T4d -> LPi13 -> LPT48_vCal3 -> DNp31,"0.14285714,0.00606739,0.01876248"
T4d,720575940617361206,DNp31,720575940632189900,5,3.040795375887217e-08,0.0060673877906253885,T4d -> LPi13 -> LPT48_vCal3 -> PLP103a -> PLP124 -> DNp31,"0.14285714,0.00606739,0.01776447,0.05494505,0.03594203"
T4d,720575940617361206,DNp31,720575940628132745,5,2.305119075269342e-08,0.0060673877906253885,T4d -> LPi13 -> LPT48_vCal3 -> PLP103a -> PLP124 -> DNp31,"0.14285714,0.00606739,0.01776447,0.05494505,0.02724638"
T4d,720575940635448683,DNae002,720575940620380449,4,8.652785551733086e-06,0.010991900704743873,T4d -> LPi13 -> LPT27 -> PLP230 -> DNae002,"0.15596330,0.01099190,0.05888538,0.08571429"
T4d,720575940635448683,DNp26,720575940627732361,5,5.53576362959686e-07,0.010991900704743873,T4d -> LPi13 -> LPT27 -> PLP230 -> PLP035 -> DNp26,"0.15596330,0.01099190,0.05888538,0.07058824,0.07768595"
T4d,720575940635448683,DNae002,720575940620380449,5,4.648954641861054e-07,0.010991900704743873,T4d -> LPi13 -> LPT27 -> PLP230 -> DNpe019 -> DNae002,"0.15596330,0.01099190,0.05888538,0.04436975,0.10379242"
T4d,720575940635448683,DNae002,720575940620380449,5,6.335904399961843e-07,0.010991900704743873,T4d -> LPi13 -> LPT27 -> PLP230 -> DNp51 -> DNae002,"0.15596330,0.01099190,0.05888538,0.03563025,0.17615176"
T4d,720575940635448683,DNae002,720575940627139530,5,5.971751667533456e-07,0.010991900704743873,T4d -> LPi13 -> LPT27 -> PLP078 -> PLP230 -> DNae002,"0.15596330,0.01099190,0.05152471,0.08772644,0.07706558"
T4d,720575940635448683,DNae010,720575940630868281,5,2.782585098169851e-07,0.010991900704743873,T4d -> LPi13 -> LPT27 -> PLP078 -> PLP178 -> DNae010,"0.15596330,0.01099190,0.05152471,0.06289436,0.05008711"
T4d,720575940635448683,DNp31,720575940628132745,5,1.5353965365309347e-07,0.010991900704743873,T4d -> LPi13 -> LPT27 -> PLP078 ->  -> DNp31,"0.15596330,0.01099190,0.05152471,0.03684103,0.04718218"
T4d,720575940635448683,DNp26,720575940619432261,3,8.47251918607198e-05,0.010991900704743873,T4d -> LPi13 -> LPT27 -> DNp26,"0.15596330,0.01099190,0.04942166"
T4d,720575940635448683,DNa16,720575940632962786,5,2.681897456840556e-07,0.010991900704743873,T4d -> LPi13 -> LPT27 -> WED075 -> PS013 -> DNa16,"0.15596330,0.01099190,0.04468980,0.03356795,0.10428305"
T4d,720575940635448683,DNa02,720575940629327659,5,2.001844887427415e-07,0.010991900704743873,T4d -> LPi13 -> LPT27 -> WED075 -> PS013 -> DNa02,"0.15596330,0.01099190,0.04468980,0.03356795,0.07783985"
T4d,720575940630729180,DNae002,720575940620380449,3,0.0007326752823852651,0.058885383806519455,T4d -> LPT27 -> PLP230 -> DNae002,"0.14516129,0.05888538,0.08571429"
T4d,720575940630729180,DNp26,720575940627732361,4,4.687412112878021e-05,0.058885383806519455,T4d -> LPT27 -> PLP230 -> PLP035 -> DNp26,"0.14516129,0.05888538,0.07058824,0.07768595"
T4d,720575940630729180,DNae002,720575940620380449,5,7.404139587728007e-07,0.027496382054992764,T4d -> LPT27 -> PLP230 -> PLP035 -> WED075 -> DNae002,"0.14516129,0.05888538,0.07058824,0.04462810,0.02749638"
T4d,720575940630729180,DNp26,720575940627732361,5,2.180948691408524e-06,0.03691460055096419,T4d -> LPT27 -> PLP230 -> PLP035 -> CB2192 -> DNp26,"0.14516129,0.05888538,0.07058824,0.03691460,0.09791667"
T4d,720575940630729180,DNp26,720575940627732361,5,8.451482233288212e-07,0.03140495867768595,T4d -> LPT27 -> PLP230 -> PLP035 -> CB1827 -> DNp26,"0.14516129,0.05888538,0.07058824,0.03140496,0.04460094"
T4d,720575940630729180,DNa16,720575940632962786,5,1.0973354915661676e-06,0.045042016806722686,T4d -> LPT27 -> PLP230 -> DNb01 -> DNa03 -> DNa16,"0.14516129,0.05888538,0.04504202,0.05134741,0.05550661"
T4d,720575940630729180,DNa02,720575940629327659,5,1.0764338631553834e-06,0.045042016806722686,T4d -> LPT27 -> PLP230 -> DNb01 -> DNa03 -> DNa02,"0.14516129,0.05888538,0.04504202,0.05134741,0.05444934"
T4d,720575940630729180,DNa16,720575940632962786,5,2.4171762999201565e-06,0.045042016806722686,T4d -> LPT27 -> PLP230 -> DNb01 -> PS029 -> DNa16,"0.14516129,0.05888538,0.04504202,0.04624909,0.13574661"
T4d,720575940630729180,DNp31,720575940632189900,5,3.850352484046045e-06,0.037144938091769844,T4d -> LPT27 -> PLP230 -> DNb01 -> CB1766 -> DNp31,"0.14516129,0.05888538,0.04504202,0.03714494,0.26923077"
T4d,720575940630729180,DNa16,720575940632962786,5,1.000350645373917e-06,0.029497450837581936,T4d -> LPT27 -> PLP230 -> DNb01 -> PS018a -> DNa16,"0.14516129,0.05888538,0.04504202,0.02949745,0.08808290"
T4d,720575940619961168,DNa02,720575940629327659,5,8.359501120946838e-07,0.03593140078070007,T4d -> LPi11 -> Tlp14 -> LPi15 -> HSS -> DNa02,"0.11111111,0.09016393,0.05762712,0.03593140,0.04029851"
T4d,720575940619961168,DNp18,720575940618440000,5,5.882611899925553e-07,0.028358208955223882,T4d -> LPi11 -> Tlp14 -> LPi15 -> HSS -> DNp18,"0.11111111,0.09016393,0.05762712,0.03593140,0.02835821"
T4d,720575940619961168,DNg41,720575940636329579,5,5.727806323611722e-07,0.027611940298507463,T4d -> LPi11 -> Tlp14 -> LPi15 -> HSS -> DNg41,"0.11111111,0.09016393,0.05762712,0.03593140,0.02761194"
T4d,720575940619961168,DNp15,720575940616293855,5,1.4979455503195012e-06,0.028956293594419914,T4d -> LPi11 -> Tlp14 -> LPi15 -> HSE -> DNp15,"0.11111111,0.09016393,0.05762712,0.02895629,0.08960573"
T4d,720575940619961168,DNp15,720575940616293855,5,1.9663453650937177e-06,0.020189415754783387,T4d -> LPi11 -> Tlp14 -> LPi15 -> HSN -> DNp15,"0.11111111,0.09016393,0.05762712,0.02018942,0.16870144"
T4d,720575940619961168,DNa02,720575940629327659,5,3.7515799728761715e-07,0.020189415754783387,T4d -> LPi11 -> Tlp14 -> LPi15 -> HSN -> DNa02,"0.11111111,0.09016393,0.05762712,0.02018942,0.03218646"
T4d,720575940619961168,DNp26,720575940619432261,5,8.344548487624632e-07,0.01711780892045818,T4d -> LPi11 -> Tlp14 -> LPi15 -> LPT26 -> DNp26,"0.11111111,0.09016393,0.05762712,0.01711781,0.08443790"
T4d,720575940619961168,DNb03,720575940611016910,5,1.311472713146553e-06,0.03728813559322034,T4d -> LPi11 -> Tlp14 -> LPi10 -> H2 -> DNb03,"0.11111111,0.09016393,0.03728814,0.08260870,0.04249839"
T4d,720575940619961168,DNb03,720575940627997050,5,1.2849783149011682e-06,0.03728813559322034,T4d -> LPi11 -> Tlp14 -> LPi10 -> H2 -> DNb03,"0.11111111,0.09016393,0.03728814,0.08260870,0.04163984"
T4d,720575940619961168,DNp15,720575940623431351,5,1.1458827241128973e-06,0.037132431852328826,T4d -> LPi11 -> Tlp14 -> LPi10 -> H2 -> DNp15,"0.11111111,0.09016393,0.03728814,0.08260870,0.03713243"
T4d,720575940612115162,DNae002,720575940620380449,4,9.45208426065135e-06,0.010991900704743873,T4d -> LPi13 -> LPT27 -> PLP230 -> DNae002,"0.17037037,0.01099190,0.05888538,0.08571429"
T4d,720575940612115162,DNp26,720575940627732361,5,6.047128287319969e-07,0.010991900704743873,T4d -> LPi13 -> LPT27 -> PLP230 -> PLP035 -> DNp26,"0.17037037,0.01099190,0.05888538,0.07058824,0.07768595"
T4d,720575940612115162,DNae002,720575940620380449,5,5.078400560847784e-07,0.010991900704743873,T4d -> LPi13 -> LPT27 -> PLP230 -> DNpe019 -> DNae002,"0.17037037,0.01099190,0.05888538,0.04436975,0.10379242"
T4d,720575940612115162,DNae002,720575940620380449,5,6.921181843444158e-07,0.010991900704743873,T4d -> LPi13 -> LPT27 -> PLP230 -> DNp51 -> DNae002,"0.17037037,0.01099190,0.05888538,0.03563025,0.17615176"
T4d,720575940612115162,DNae002,720575940627139530,5,6.523390601527832e-07,0.010991900704743873,T4d -> LPi13 -> LPT27 -> PLP078 -> PLP230 -> DNae002,"0.17037037,0.01099190,0.05152471,0.08772644,0.07706558"
T4d,720575940612115162,DNae010,720575940630868281,5,3.0396256388286774e-07,0.010991900704743873,T4d -> LPi13 -> LPT27 -> PLP078 -> PLP178 -> DNae010,"0.17037037,0.01099190,0.05152471,0.06289436,0.05008711"
T4d,720575940612115162,DNp31,720575940628132745,5,1.6772283734566678e-07,0.010991900704743873,T4d -> LPi13 -> LPT27 -> PLP078 ->  -> DNp31,"0.17037037,0.01099190,0.05152471,0.03684103,0.04718218"
T4d,720575940612115162,DNp26,720575940619432261,3,9.255165838554446e-05,0.010991900704743873,T4d -> LPi13 -> LPT27 -> DNp26,"0.17037037,0.01099190,0.04942166"
T4d,720575940612115162,DNa16,720575940632962786,5,2.929637004051971e-07,0.010991900704743873,T4d -> LPi13 -> LPT27 -> WED075 -> PS013 -> DNa16,"0.17037037,0.01099190,0.04468980,0.03356795,0.10428305"
T4d,720575940612115162,DNa02,720575940629327659,5,2.1867647637387926e-07,0.010991900704743873,T4d -> LPi13 -> LPT27 -> WED075 -> PS013 -> DNa02,"0.17037037,0.01099190,0.04468980,0.03356795,0.07783985"
T4d,720575940639522163,DNp31,720575940632189900,5,7.845843244807866e-08,0.0060673877906253885,T4d -> LPi13 -> LPT48_vCal3 -> PLP248 -> PLP020 -> DNp31,"0.14414414,0.00606739,0.05289421,0.04480980,0.03784946"
T4d,720575940639522163,DNp31,720575940628132745,5,4.272422516058992e-08,0.0060673877906253885,T4d -> LPi13 -> LPT48_vCal3 -> PLP248 -> PLP020 -> DNp31,"0.14414414,0.00606739,0.05289421,0.03062540,0.03015682"
T4d,720575940639522163,DNp31,720575940632189900,3,3.997574016804485e-05,0.0060673877906253885,T4d -> LPi13 -> LPT48_vCal3 -> DNp31,"0.14414414,0.00606739,0.04570858"
T4d,720575940639522163,DNp31,720575940628132745,5,4.459844005867215e-08,0.0060673877906253885,T4d -> LPi13 -> LPT48_vCal3 -> PLP248 -> PLP020 -> DNp31,"0.14414414,0.00606739,0.02794411,0.06051250,0.03015682"
T4d,720575940639522163,DNp31,720575940632189900,5,2.284692841192188e-08,0.0060673877906253885,T4d -> LPi13 -> LPT48_vCal3 -> PLP248 -> PLP020 -> DNp31,"0.14414414,0.00606739,0.02794411,0.02469898,0.03784946"
T4d,720575940639522163,DNp31,720575940632189900,4,1.0963431985032909e-06,0.0060673877906253885,T4d -> LPi13 -> LPT48_vCal3 -> PLP103c -> DNp31,"0.14414414,0.00606739,0.01916168,0.06542056"
T4d,720575940639522163,DNp31,720575940632189900,5,1.1331712646028847e-07,0.0060673877906253885,T4d -> LPi13 -> LPT48_vCal3 -> PLP103c -> PLP025b -> DNp31,"0.14414414,0.00606739,0.01916168,0.03738318,0.18087855"
T4d,720575940639522163,DNp31,720575940628132745,3,1.6409255789503126e-05,0.0060673877906253885,T4d -> LPi13 -> LPT48_vCal3 -> DNp31,"0.14414414,0.00606739,0.01876248"
T4d,720575940639522163,DNp31,720575940632189900,5,3.068189928823137e-08,0.0060673877906253885,T4d -> LPi13 -> LPT48_vCal3 -> PLP103a -> PLP124 -> DNp31,"0.14414414,0.00606739,0.01776447,0.05494505,0.03594203"
T4d,720575940639522163,DNp31,720575940628132745,5,2.3258859137852817e-08,0.0060673877906253885,T4d -> LPi13 -> LPT48_vCal3 -> PLP103a -> PLP124 -> DNp31,"0.14414414,0.00606739,0.01776447,0.05494505,0.02724638"
T4d,720575940635824751,DNa16,720575940621519130,5,2.329132564183566e-05,0.0918580375782881,T4d -> VS8 -> DNp20 -> CB3716 -> CB0415 -> DNa16,"0.12500000,0.13347458,0.09185804,0.09698997,0.15669014"
T4d,720575940635824751,DNa02,720575940604737708,5,5.691981266403657e-06,0.03829225352112676,T4d -> VS8 -> DNp20 -> CB3716 -> CB0415 -> DNa02,"0.12500000,0.13347458,0.09185804,0.09698997,0.03829225"
T4d,720575940635824751,DNae010,720575940630868281,5,3.397946553723173e-06,0.043478260869565216,T4d -> VS8 -> DNp20 -> CB3716 -> CB1331b -> DNae010,"0.12500000,0.13347458,0.09185804,0.04347826,0.05099395"
T4d,720575940635824751,DNp18,720575940627949589,3,0.0010797786702522912,0.06471816283924843,T4d -> VS8 -> DNp20 -> DNp18,"0.12500000,0.13347458,0.06471816"
T4d,720575940635824751,DNp18,720575940627949589,5,1.4109543296596649e-05,0.05845511482254697,T4d -> VS8 -> DNp20 -> OCG01a -> OCG01e -> DNp18,"0.12500000,0.13347458,0.05845511,0.10031024,0.14422369"
T4d,720575940635824751,DNp18,720575940627949589,4,7.059966620057013e-05,0.05845511482254697,T4d -> VS8 -> DNp20 -> OCG01a -> DNp18,"0.12500000,0.13347458,0.05845511,0.07238883"
T4d,720575940635824751,DNae010,720575940651341558,5,4.440367884738921e-06,0.04592901878914405,T4d -> VS8 -> DNp20 -> DNb06 -> DNae006 -> DNae010,"0.12500000,0.13347458,0.04592902,0.05479452,0.10575139"
T4d,720575940635824751,DNp18,720575940618440000,5,2.6486404926512865e-06,0.04592901878914405,T4d -> VS8 -> DNp20 -> DNb06 -> DNae006 -> DNp18,"0.12500000,0.13347458,0.04592902,0.05479452,0.06307978"
T4d,720575940635824751,DNp18,720575940627949589,4,0.0001004707538130262,0.04175365344467641,T4d -> VS8 -> DNp20 -> OCG01e -> DNp18,"0.12500000,0.13347458,0.04175365,0.14422369"
T4d,720575940635824751,DNp18,720575940627949589,5,1.4842776453394328e-06,0.029433406916850625,T4d -> VS8 -> DNp20 -> OCG01e -> OCG01a -> DNp18,"0.12500000,0.13347458,0.04175365,0.02943341,0.07238883"
T4d,720575940621317814,DNp31,720575940632189900,5,6.22629050968282e-07,0.0378494623655914,T4d -> LPi11 -> LPT48_vCal3 -> PLP248 -> PLP020 -> DNp31,"0.12578616,0.05517669,0.05289421,0.04480980,0.03784946"
T4d,720575940621317814,DNp31,720575940628132745,5,3.3905015605170585e-07,0.030156815440289506,T4d -> LPi11 -> LPT48_vCal3 -> PLP248 -> PLP020 -> DNp31,"0.12578616,0.05517669,0.05289421,0.03062540,0.03015682"
T4d,720575940621317814,DNp31,720575940632189900,3,0.0003172387770945571,0.04570858283433134,T4d -> LPi11 -> LPT48_vCal3 -> DNp31,"0.12578616,0.05517669,0.04570858"
T4d,720575940621317814,DNp31,720575940628132745,5,3.539235177400852e-07,0.027944111776447105,T4d -> LPi11 -> LPT48_vCal3 -> PLP248 -> PLP020 -> DNp31,"0.12578616,0.05517669,0.02794411,0.06051250,0.03015682"
T4d,720575940621317814,DNp31,720575940632189900,5,1.81308253438137e-07,0.02469898116702686,T4d -> LPi11 -> LPT48_vCal3 -> PLP248 -> PLP020 -> DNp31,"0.12578616,0.05517669,0.02794411,0.02469898,0.03784946"
T4d,720575940621317814,DNp31,720575940632189900,4,8.700341109559743e-06,0.019161676646706587,T4d -> LPi11 -> LPT48_vCal3 -> PLP103c -> DNp31,"0.12578616,0.05517669,0.01916168,0.06542056"
T4d,720575940621317814,DNp31,720575940632189900,5,8.99260063003591e-07,0.019161676646706587,T4d -> LPi11 -> LPT48_vCal3 -> PLP103c -> PLP025b -> DNp31,"0.12578616,0.05517669,0.01916168,0.03738318,0.18087855"
T4d,720575940621317814,DNp31,720575940628132745,3,0.00013022028404754746,0.0187624750499002,T4d -> LPi11 -> LPT48_vCal3 -> DNp31,"0.12578616,0.05517669,0.01876248"
T4d,720575940621317814,DNp31,720575940632189900,5,2.4348487778388856e-07,0.017764471057884233,T4d -> LPi11 -> LPT48_vCal3 -> PLP103a -> PLP124 -> DNp31,"0.12578616,0.05517669,0.01776447,0.05494505,0.03594203"
T4d,720575940621317814,DNp31,720575940628132745,5,1.8457724606198004e-07,0.017764471057884233,T4d -> LPi11 -> LPT48_vCal3 -> PLP103a -> PLP124 -> DNp31,"0.12578616,0.05517669,0.01776447,0.05494505,0.02724638"
T4d,720575940620843644,DNae002,720575940620380449,5,2.510573654834892e-06,0.04157955865272939,T4d -> LPi11 -> LPT50 -> LPT27 -> PLP230 -> DNae002,"0.20987654,0.05699916,0.04157956,0.05888538,0.08571429"
T4d,720575940620843644,DNp26,720575940619432261,4,2.4582700370258316e-05,0.04157955865272939,T4d -> LPi11 -> LPT50 -> LPT27 -> DNp26,"0.20987654,0.05699916,0.04157956,0.04942166"
T4d,720575940620843644,DNae002,720575940627139530,5,7.100775400986387e-07,0.03194369247428262,T4d -> LPi11 -> LPT50 -> LPT27 -> WED075 -> DNae002,"0.20987654,0.05699916,0.04157956,0.04468980,0.03194369"
T4d,720575940620843644,DNp31,720575940632189900,5,7.621705683315962e-07,0.0378494623655914,T4d -> LPi11 -> LPT50 -> LPT27 -> PLP020 -> DNp31,"0.20987654,0.05699916,0.04157956,0.04048370,0.03784946"
T4d,720575940620843644,DNp26,720575940619432261,5,2.9688971527980985e-07,0.02103049421661409,T4d -> LPi11 -> LPT50 -> LPT27 -> WED007 -> DNp26,"0.20987654,0.05699916,0.04157956,0.02103049,0.02838137"
T4d,720575940620843644,DNp31,720575940628132745,5,2.1213140839184872e-07,0.016724738675958188,T4d -> LPi11 -> LPT50 -> LPi11 -> LPT48_vCal3 -> DNp31,"0.20987654,0.05699916,0.01672474,0.02993452,0.03541938"
T4d,720575940620843644,DNp31,720575940632189900,5,1.6528029978996803e-07,0.016724738675958188,T4d -> LPi11 -> LPT50 -> LPi11 -> LPT48_vCal3 -> DNp31,"0.20987654,0.05699916,0.01672474,0.02993452,0.02759670"
T4d,720575940620843644,DNp31,720575940628132745,4,1.373733604234402e-05,0.016260162601626018,T4d -> LPi11 -> LPT50 -> LPT47_vCal2 -> DNp31,"0.20987654,0.05699916,0.01626016,0.07062285"
T4d,720575940620843644,DNp31,720575940628132745,5,4.774384333348633e-07,0.016260162601626018,T4d -> LPi11 -> LPT50 -> LPT47_vCal2 -> PS058 -> DNp31,"0.20987654,0.05699916,0.01626016,0.04904365,0.05004692"
T4d,720575940620843644,DNp31,720575940628132745,5,3.7948442105922714e-07,0.016260162601626018,T4d -> LPi11 -> LPT50 -> LPT47_vCal2 -> LTe64 -> DNp31,"0.20987654,0.05699916,0.01626016,0.04708190,0.04143646"
T4d,720575940634957931,DNa16,720575940621519130,5,2.1635896177303965e-05,0.0918580375782881,T4d -> VS3 -> DNp20 -> CB3716 -> CB0415 -> DNa16,"0.15853659,0.09775967,0.09185804,0.09698997,0.15669014"
T4d,720575940634957931,DNa02,720575940604737708,5,5.287424065801811e-06,0.03829225352112676,T4d -> VS3 -> DNp20 -> CB3716 -> CB0415 -> DNa02,"0.15853659,0.09775967,0.09185804,0.09698997,0.03829225"
T4d,720575940634957931,DNae010,720575940630868281,5,3.156437722047505e-06,0.043478260869565216,T4d -> VS3 -> DNp20 -> CB3716 -> CB1331b -> DNae010,"0.15853659,0.09775967,0.09185804,0.04347826,0.05099395"
T4d,720575940634957931,DNp18,720575940627949589,3,0.0010030334710568532,0.06471816283924843,T4d -> VS3 -> DNp20 -> DNp18,"0.15853659,0.09775967,0.06471816"
T4d,720575940634957931,DNp18,720575940627949589,5,1.3106708418777697e-05,0.05845511482254697,T4d -> VS3 -> DNp20 -> OCG01a -> OCG01e -> DNp18,"0.15853659,0.09775967,0.05845511,0.10031024,0.14422369"
T4d,720575940634957931,DNp18,720575940627949589,4,6.55817994886557e-05,0.05845511482254697,T4d -> VS3 -> DNp20 -> OCG01a -> DNp18,"0.15853659,0.09775967,0.05845511,0.07238883"
T4d,720575940634957931,DNae010,720575940651341558,5,4.124769024339418e-06,0.04592901878914405,T4d -> VS3 -> DNp20 -> DNb06 -> DNae006 -> DNae010,"0.15853659,0.09775967,0.04592902,0.05479452,0.10575139"
T4d,720575940634957931,DNp18,720575940618440000,5,2.460388540834039e-06,0.04592901878914405,T4d -> VS3 -> DNp20 -> DNb06 -> DNae006 -> DNp18,"0.15853659,0.09775967,0.04592902,0.05479452,0.06307978"
T4d,720575940634957931,DNp18,720575940627949589,4,9.332980147980878e-05,0.04175365344467641,T4d -> VS3 -> DNp20 -> OCG01e -> DNp18,"0.15853659,0.09775967,0.04175365,0.14422369"
T4d,720575940634957931,DNp18,720575940627949589,5,1.3787827076349354e-06,0.029433406916850625,T4d -> VS3 -> DNp20 -> OCG01e -> OCG01a -> DNp18,"0.15853659,0.09775967,0.04175365,0.02943341,0.07238883"
T4d,720575940632086343,DNp31,720575940628132745,5,1.079590856783577e-06,0.030156815440289506,T4d -> LPi11 -> LPT48_vCal3 -> PLP248 -> PLP020 -> DNp31,"0.14925373,0.05754277,0.06888309,0.06051250,0.03015682"
T4d,720575940632086343,DNp31,720575940632189900,5,5.530537612223866e-07,0.02469898116702686,T4d -> LPi11 -> LPT48_vCal3 -> PLP248 -> PLP020 -> DNp31,"0.14925373,0.05754277,0.06888309,0.02469898,0.03784946"
T4d,720575940632086343,DNp31,720575940628132745,3,0.0003041984091477379,0.03541938287701,T4d -> LPi11 -> LPT48_vCal3 -> DNp31,"0.14925373,0.05754277,0.03541938"
T4d,720575940632086343,DNp31,720575940632189900,5,4.4312891703610596e-07,0.030421555845284658,T4d -> LPi11 -> LPT48_vCal3 -> PLP248 -> PLP020 -> DNp31,"0.14925373,0.05754277,0.03042156,0.04480980,0.03784946"
T4d,720575940632086343,DNp31,720575940628132745,5,2.41304077023815e-07,0.030156815440289506,T4d -> LPi11 -> LPT48_vCal3 -> PLP248 -> PLP020 -> DNp31,"0.14925373,0.05754277,0.03042156,0.03062540,0.03015682"
T4d,720575940632086343,DNp31,720575940628132745,5,9.189432414925402e-07,0.0297696653628857,T4d -> LPi11 -> LPT48_vCal3 -> PS058 -> DNb05 -> DNp31,"0.14925373,0.05754277,0.02976967,0.08163904,0.04402516"
T4d,720575940632086343,DNp31,720575940628132745,4,1.2795794232933893e-05,0.0297696653628857,T4d -> LPi11 -> LPT48_vCal3 -> PS058 -> DNp31,"0.14925373,0.05754277,0.02976967,0.05004692"
T4d,720575940632086343,DNae002,720575940620380449,5,1.465836741435965e-07,0.022521113543947452,T4d -> LPi11 -> LPT48_vCal3 -> PS058 -> PS106 -> DNae002,"0.14925373,0.05754277,0.02976967,0.02252111,0.02545692"
T4d,720575940632086343,DNp31,720575940632189900,3,0.0002370134844279921,0.027596697088222513,T4d -> LPi11 -> LPT48_vCal3 -> DNp31,"0.14925373,0.05754277,0.02759670"
T4d,720575940632086343,DNp31,720575940632189900,5,1.8694399004271e-07,0.018035636679704477,T4d -> LPi11 -> LPT48_vCal3 -> PLP103a -> PLP124 -> DNp31,"0.14925373,0.05754277,0.01803564,0.04128440,0.02923331"
T4d,720575940620667747,DNb03,720575940611016910,5,3.1623326315764285e-06,0.04249839021249195,T4d -> LPi07 -> Y1 -> LPi14 -> H2 -> DNb03,"0.14117647,0.12275449,0.05857741,0.07330021,0.04249839"
T4d,720575940620667747,DNb03,720575940627997050,5,3.098447123867814e-06,0.04163983687486585,T4d -> LPi07 -> Y1 -> LPi14 -> H2 -> DNb03,"0.14117647,0.12275449,0.05857741,0.07330021,0.04163984"
T4d,720575940620667747,DNp15,720575940623431351,5,2.7630482083975863e-06,0.037132431852328826,T4d -> LPi07 -> Y1 -> LPi14 -> H2 -> DNp15,"0.14117647,0.12275449,0.05857741,0.07330021,0.03713243"
T4d,720575940620667747,DNg41,720575940622037926,5,1.5971376927153679e-06,0.021463833440652502,T4d -> LPi07 -> Y1 -> LPi14 -> H2 -> DNg41,"0.14117647,0.12275449,0.05857741,0.07330021,0.02146383"
T4d,720575940620667747,DNp26,720575940619432261,5,4.968505375611086e-07,0.019024558976132824,T4d -> LPi07 -> Y1 -> LPi14 -> LPT21 -> DNp26,"0.14117647,0.12275449,0.05857741,0.02572654,0.01902456"
T4d,720575940620667747,DNb03,720575940611016910,5,2.2719611614789337e-06,0.04249839021249195,T4d -> LPi07 -> Y1 -> LPi14 -> H2 -> DNb03,"0.14117647,0.12275449,0.05020921,0.06143917,0.04249839"
T4d,720575940620667747,DNb03,720575940627997050,5,2.226062956196531e-06,0.04163983687486585,T4d -> LPi07 -> Y1 -> LPi14 -> H2 -> DNb03,"0.14117647,0.12275449,0.05020921,0.06143917,0.04163984"
T4d,720575940620667747,DNp15,720575940623431351,5,1.985097378463917e-06,0.037132431852328826,T4d -> LPi07 -> Y1 -> LPi14 -> H2 -> DNp15,"0.14117647,0.12275449,0.05020921,0.06143917,0.03713243"
T4d,720575940620667747,DNg41,720575940622037926,5,1.1474551320600677e-06,0.021463833440652502,T4d -> LPi07 -> Y1 -> LPi14 -> H2 -> DNg41,"0.14117647,0.12275449,0.05020921,0.06143917,0.02146383"
T4d,720575940620667747,DNp26,720575940619432261,5,2.5319458808193305e-07,0.015295256534365925,T4d -> LPi07 -> Y1 -> LPi14 -> LPT21 -> DNp26,"0.14117647,0.12275449,0.05020921,0.01529526,0.01902456"
T4d,720575940619192197,DNae002,720575940620380449,4,7.1330946439076954e-06,0.010991900704743873,T4d -> LPi13 -> LPT27 -> PLP230 -> DNae002,"0.12857143,0.01099190,0.05888538,0.08571429"
T4d,720575940619192197,DNp26,720575940627732361,5,4.5635160677601006e-07,0.010991900704743873,T4d -> LPi13 -> LPT27 -> PLP230 -> PLP035 -> DNp26,"0.12857143,0.01099190,0.05888538,0.07058824,0.07768595"
T4d,720575940619192197,DNae002,720575940620380449,5,3.832457566105626e-07,0.010991900704743873,T4d -> LPi13 -> LPT27 -> PLP230 -> DNpe019 -> DNae002,"0.12857143,0.01099190,0.05888538,0.04436975,0.10379242"
T4d,720575940619192197,DNae002,720575940620380449,5,5.223127912909721e-07,0.010991900704743873,T4d -> LPi13 -> LPT27 -> PLP230 -> DNp51 -> DNae002,"0.12857143,0.01099190,0.05888538,0.03563025,0.17615176"
T4d,720575940619192197,DNae002,720575940627139530,5,4.922931416680941e-07,0.010991900704743873,T4d -> LPi13 -> LPT27 -> PLP078 -> PLP230 -> DNae002,"0.12857143,0.01099190,0.05152471,0.08772644,0.07706558"
T4d,720575940619192197,DNae010,720575940630868281,5,2.2938789758862377e-07,0.010991900704743873,T4d -> LPi13 -> LPT27 -> PLP078 -> PLP178 -> DNae010,"0.12857143,0.01099190,0.05152471,0.06289436,0.05008711"
T4d,720575940619192197,DNp31,720575940628132745,5,1.2657344557452493e-07,0.010991900704743873,T4d -> LPi13 -> LPT27 -> PLP078 ->  -> DNp31,"0.12857143,0.01099190,0.05152471,0.03684103,0.04718218"
T4d,720575940619192197,DNp26,720575940619432261,3,6.984488505492951e-05,0.010991900704743873,T4d -> LPi13 -> LPT27 -> DNp26,"0.12857143,0.01099190,0.04942166"
T4d,720575940619192197,DNa16,720575940632962786,5,2.2108751303870462e-07,0.010991900704743873,T4d -> LPi13 -> LPT27 -> WED075 -> PS013 -> DNa16,"0.12857143,0.01099190,0.04468980,0.03356795,0.10428305"
T4d,720575940619192197,DNa02,720575940629327659,5,1.6502603651817596e-07,0.010991900704743873,T4d -> LPi13 -> LPT27 -> WED075 -> PS013 -> DNa02,"0.12857143,0.01099190,0.04468980,0.03356795,0.07783985"
T4d,720575940619723911,DNae002,720575940620380449,5,1.1223644894693277e-06,0.010991900704743873,T4d -> LPT45_dCal1 -> LPi13 -> LPT27 -> PLP230 -> DNae002,"0.17045455,0.11868390,0.01099190,0.05888538,0.08571429"
T4d,720575940619723911,DNp26,720575940619432261,4,1.0989818959387165e-05,0.010991900704743873,T4d -> LPT45_dCal1 -> LPi13 -> LPT27 -> DNp26,"0.17045455,0.11868390,0.01099190,0.04942166"
T4d,720575940619723911,DNae002,720575940627139530,5,3.1744371022201986e-07,0.010991900704743873,T4d -> LPT45_dCal1 -> LPi13 -> LPT27 -> WED075 -> DNae002,"0.17045455,0.11868390,0.01099190,0.04468980,0.03194369"
T4d,720575940619723911,DNp31,720575940632189900,5,3.4073215863101096e-07,0.010991900704743873,T4d -> LPT45_dCal1 -> LPi13 -> LPT27 -> PLP020 -> DNp31,"0.17045455,0.11868390,0.01099190,0.04048370,0.03784946"
T4d,720575940619723911,DNp26,720575940619432261,5,1.3272602979681627e-07,0.010991900704743873,T4d -> LPT45_dCal1 -> LPi13 -> LPT27 -> WED007 -> DNp26,"0.17045455,0.11868390,0.01099190,0.02103049,0.02838137"
T4d,720575940619723911,DNp31,720575940628132745,4,6.142646251854073e-06,0.00857263069317345,T4d -> LPT45_dCal1 -> LPi13 -> LPT48_vCal3 -> DNp31,"0.17045455,0.11868390,0.00857263,0.03541938"
T4d,720575940619723911,DNp31,720575940628132745,5,2.583841174733239e-07,0.00857263069317345,T4d -> LPT45_dCal1 -> LPi13 -> LPT48_vCal3 -> PS058 -> DNp31,"0.17045455,0.11868390,0.00857263,0.02976967,0.05004692"
T4d,720575940619723911,DNp31,720575940632189900,4,4.785988183959922e-06,0.00857263069317345,T4d -> LPT45_dCal1 -> LPi13 -> LPT48_vCal3 -> DNp31,"0.17045455,0.11868390,0.00857263,0.02759670"
T4d,720575940619723911,DNp31,720575940632189900,5,2.839758979986852e-07,0.005890396549910592,T4d -> LPT45_dCal1 -> LPi13 -> LPi11 -> LPC2 -> DNp31,"0.17045455,0.11868390,0.00589040,0.05385735,0.04424779"
T4d,720575940619723911,DNae002,720575940627139530,5,4.097887333485082e-07,0.005890396549910592,T4d -> LPT45_dCal1 -> LPi13 -> LPi11 -> LLPC2 -> DNae002,"0.17045455,0.11868390,0.00589040,0.04585153,0.07500000"
T4d,720575940604436720,DNp31,720575940632189900,4,4.749336711504749e-05,0.047512576858580215,T4d -> LLPC3 -> PLP081 -> CB0654 -> DNp31,"0.12977099,0.08300395,0.04751258,0.09280000"
T4d,720575940604436720,DNp31,720575940628132745,4,3.848600438633159e-05,0.047512576858580215,T4d -> LLPC3 -> PLP081 -> CB0654 -> DNp31,"0.12977099,0.08300395,0.04751258,0.07520000"
T4d,720575940604436720,DNp31,720575940628132745,4,1.9717266479424414e-05,0.02068194522079374,T4d -> LLPC3 -> PLP081 -> CB0654 -> DNp31,"0.12977099,0.08300395,0.02068195,0.08850727"
T4d,720575940604436720,DNp31,720575940632189900,4,1.2654365053958954e-05,0.02068194522079374,T4d -> LLPC3 -> PLP081 -> CB0654 -> DNp31,"0.12977099,0.08300395,0.02068195,0.05680317"
T4d,720575940604436720,DNp26,720575940627732361,5,4.378380412821672e-07,0.016769144773616546,T4d -> LLPC3 -> PLP081 -> PLP038 -> CB1827 -> DNp26,"0.12977099,0.08300395,0.01676914,0.05434783,0.04460094"
T4d,720575940604436720,DNae002,720575940627139530,5,8.570222943015135e-07,0.014533258803801007,T4d -> LLPC3 -> PLP081 -> PLP038 -> PLP230 -> DNae002,"0.12977099,0.08300395,0.01453326,0.07103825,0.07706558"
T4d,720575940604436720,DNp26,720575940627732361,5,3.2430320784513755e-07,0.014533258803801007,T4d -> LLPC3 -> PLP081 -> PLP038 -> CB1827 -> DNp26,"0.12977099,0.08300395,0.01453326,0.04644809,0.04460094"
T4d,720575940604436720,DNp26,720575940627732361,5,6.700927582533894e-07,0.014533258803801007,T4d -> LLPC3 -> PLP081 -> PLP038 -> CB2192 -> DNp26,"0.12977099,0.08300395,0.01453326,0.04371585,0.09791667"
T4d,720575940604436720,DNp31,720575940628132745,5,1.2133601248924607e-06,0.012856344326439352,T4d -> LLPC3 -> PLP081 -> CB0657 ->  -> DNp31,"0.12977099,0.08300395,0.01285634,0.18570255,0.04718218"
T4d,720575940604436720,DNa02,720575940604737708,5,6.509890322276203e-07,0.012856344326439352,T4d -> LLPC3 -> PLP081 -> CB0657 -> PS059 -> DNa02,"0.12977099,0.08300395,0.01285634,0.06655711,0.07062937"
T4d,720575940616934203,DNae002,720575940620380449,5,1.064167812237585e-06,0.010991900704743873,T4d -> LPT45_dCal1 -> LPi13 -> LPT27 -> PLP230 -> DNae002,"0.16161616,0.11868390,0.01099190,0.05888538,0.08571429"
T4d,720575940616934203,DNp26,720575940619432261,4,1.041997649482635e-05,0.010991900704743873,T4d -> LPT45_dCal1 -> LPi13 -> LPT27 -> DNp26,"0.16161616,0.11868390,0.01099190,0.04942166"
T4d,720575940616934203,DNae002,720575940627139530,5,3.0098366598828553e-07,0.010991900704743873,T4d -> LPT45_dCal1 -> LPi13 -> LPT27 -> WED075 -> DNae002,"0.16161616,0.11868390,0.01099190,0.04468980,0.03194369"
T4d,720575940616934203,DNp31,720575940632189900,5,3.230645652205141e-07,0.010991900704743873,T4d -> LPT45_dCal1 -> LPi13 -> LPT27 -> PLP020 -> DNp31,"0.16161616,0.11868390,0.01099190,0.04048370,0.03784946"
T4d,720575940616934203,DNp26,720575940619432261,5,1.258439393629073e-07,0.010991900704743873,T4d -> LPT45_dCal1 -> LPi13 -> LPT27 -> WED007 -> DNp26,"0.16161616,0.11868390,0.01099190,0.02103049,0.02838137"
T4d,720575940616934203,DNp31,720575940628132745,4,5.824138668424604e-06,0.00857263069317345,T4d -> LPT45_dCal1 -> LPi13 -> LPT48_vCal3 -> DNp31,"0.16161616,0.11868390,0.00857263,0.03541938"
T4d,720575940616934203,DNp31,720575940628132745,5,2.4498642249322566e-07,0.00857263069317345,T4d -> LPT45_dCal1 -> LPi13 -> LPT48_vCal3 -> PS058 -> DNp31,"0.16161616,0.11868390,0.00857263,0.02976967,0.05004692"
T4d,720575940616934203,DNp31,720575940632189900,4,4.537825833680519e-06,0.00857263069317345,T4d -> LPT45_dCal1 -> LPi13 -> LPT48_vCal3 -> DNp31,"0.16161616,0.11868390,0.00857263,0.02759670"
T4d,720575940616934203,DNp31,720575940632189900,5,2.692512218061609e-07,0.005890396549910592,T4d -> LPT45_dCal1 -> LPi13 -> LPi11 -> LPC2 -> DNp31,"0.16161616,0.11868390,0.00589040,0.05385735,0.04424779"
T4d,720575940616934203,DNae002,720575940627139530,5,3.885404286563634e-07,0.005890396549910592,T4d -> LPT45_dCal1 -> LPi13 -> LPi11 -> LLPC2 -> DNae002,"0.16161616,0.11868390,0.00589040,0.04585153,0.07500000"
T4d,720575940632922067,DNp31,720575940628132745,5,3.3798183605962654e-06,0.05004691898654989,T4d -> LPi11 -> LPC2 -> LPLC4 -> PS058 -> DNp31,"0.26086957,0.06311637,0.06779661,0.06049822,0.05004692"
T4d,720575940632922067,DNae010,720575940630868281,5,4.3411457395873045e-06,0.04448398576512456,T4d -> LPi11 -> LPC2 -> LPLC4 -> PLP029 -> DNae010,"0.26086957,0.06311637,0.06779661,0.04448399,0.08742331"
T4d,720575940632922067,DNae002,720575940620380449,5,3.5033807722985265e-06,0.04448398576512456,T4d -> LPi11 -> LPC2 -> LPLC4 -> PLP029 -> DNae002,"0.26086957,0.06311637,0.06779661,0.04448399,0.07055215"
T4d,720575940632922067,DNa02,720575940604737708,5,1.9992118537573114e-06,0.040260736196319015,T4d -> LPi11 -> LPC2 -> LPLC4 -> PLP029 -> DNa02,"0.26086957,0.06311637,0.06779661,0.04448399,0.04026074"
T4d,720575940632922067,DNp26,720575940627732361,5,3.1744515071424026e-06,0.042704626334519574,T4d -> LPi11 -> LPC2 -> LPLC4 -> PLP034 -> DNp26,"0.26086957,0.06311637,0.06779661,0.04270463,0.06659174"
T4d,720575940632922067,DNp31,720575940628132745,5,4.186483698447024e-06,0.04092526690391459,T4d -> LPi11 -> LPC2 -> LPLC4 -> CB0734 -> DNp31,"0.26086957,0.06311637,0.06779661,0.04092527,0.09163987"
T4d,720575940632922067,DNp31,720575940628132745,5,2.2327353639159025e-06,0.03914590747330961,T4d -> LPi11 -> LPC2 -> LPLC4 -> CB0734 -> DNp31,"0.26086957,0.06311637,0.06779661,0.03914591,0.05109489"
T4d,720575940632922067,DNp31,720575940628132745,5,1.7489122061548238e-06,0.03558718861209965,T4d -> LPi11 -> LPC2 -> LPLC4 -> DNb05 -> DNp31,"0.26086957,0.06311637,0.06779661,0.03558719,0.04402516"
T4d,720575940632922067,DNp31,720575940628132745,5,6.376504205553458e-06,0.030156815440289506,T4d -> LPi11 -> LLPC2 -> PLP248 -> PLP020 -> DNp31,"0.26086957,0.04602235,0.29104478,0.06051250,0.03015682"
T4d,720575940632922067,DNp31,720575940632189900,5,3.266561227499045e-06,0.02469898116702686,T4d -> LPi11 -> LLPC2 -> PLP248 -> PLP020 -> DNp31,"0.26086957,0.04602235,0.29104478,0.02469898,0.03784946"
T4d,720575940627023047,DNp31,720575940632189900,5,2.9226106231234307e-07,0.013317665491578536,T4d -> LPi11 -> Tlp14 -> LPT45_dCal1 -> LPC2 -> DNp31,"0.19354839,0.04772727,0.03325942,0.01331767,0.07142857"
T4d,720575940627023047,DNp31,720575940632189900,5,1.8877300449240151e-07,0.011750881316098707,T4d -> LPi11 -> Tlp14 -> LPT45_dCal1 -> LPC2 -> DNp31,"0.19354839,0.04772727,0.03325942,0.01175088,0.05228758"
T4d,720575940627023047,DNae002,720575940620380449,5,1.6309178671708985e-06,0.04015151515151515,T4d -> LPi11 -> LPT50 -> LPT27 -> PLP230 -> DNae002,"0.19354839,0.04015152,0.04157956,0.05888538,0.08571429"
T4d,720575940627023047,DNp26,720575940619432261,4,1.596940411604838e-05,0.04015151515151515,T4d -> LPi11 -> LPT50 -> LPT27 -> DNp26,"0.19354839,0.04015152,0.04157956,0.04942166"
T4d,720575940627023047,DNae002,720575940627139530,5,4.6128029145585504e-07,0.03194369247428262,T4d -> LPi11 -> LPT50 -> LPT27 -> WED075 -> DNae002,"0.19354839,0.04015152,0.04157956,0.04468980,0.03194369"
T4d,720575940627023047,DNp31,720575940632189900,5,4.951209439045703e-07,0.0378494623655914,T4d -> LPi11 -> LPT50 -> LPT27 -> PLP020 -> DNp31,"0.19354839,0.04015152,0.04157956,0.04048370,0.03784946"
T4d,720575940627023047,DNp26,720575940619432261,5,1.9286537970978846e-07,0.02103049421661409,T4d -> LPi11 -> LPT50 -> LPT27 -> WED007 -> DNp26,"0.19354839,0.04015152,0.04157956,0.02103049,0.02838137"
T4d,720575940627023047,DNp31,720575940628132745,5,1.3780472182846408e-07,0.016724738675958188,T4d -> LPi11 -> LPT50 -> LPi11 -> LPT48_vCal3 -> DNp31,"0.19354839,0.04015152,0.01672474,0.02993452,0.03541938"
T4d,720575940627023047,DNp31,720575940632189900,5,1.0736932314242293e-07,0.016724738675958188,T4d -> LPi11 -> LPT50 -> LPi11 -> LPT48_vCal3 -> DNp31,"0.19354839,0.04015152,0.01672474,0.02993452,0.02759670"
T4d,720575940627023047,DNp31,720575940628132745,4,8.924042820111187e-06,0.016260162601626018,T4d -> LPi11 -> LPT50 -> LPT47_vCal2 -> DNp31,"0.19354839,0.04015152,0.01626016,0.07062285"
T4d,720575940615688770,DNa16,720575940621519130,5,2.1366918447049993e-05,0.0918580375782881,T4d -> VS3 -> DNp20 -> CB3716 -> CB0415 -> DNa16,"0.15656566,0.09775967,0.09185804,0.09698997,0.15669014"
T4d,720575940615688770,DNa02,720575940604737708,5,5.221690744082441e-06,0.03829225352112676,T4d -> VS3 -> DNp20 -> CB3716 -> CB0415 -> DNa02,"0.15656566,0.09775967,0.09185804,0.09698997,0.03829225"
T4d,720575940615688770,DNae010,720575940630868281,5,3.1171968490461373e-06,0.043478260869565216,T4d -> VS3 -> DNp20 -> CB3716 -> CB1331b -> DNae010,"0.15656566,0.09775967,0.09185804,0.04347826,0.05099395"
T4d,720575940615688770,DNp18,720575940627949589,3,0.0009905637464749499,0.06471816283924843,T4d -> VS3 -> DNp20 -> DNp18,"0.15656566,0.09775967,0.06471816"
T4d,720575940615688770,DNp18,720575940627949589,5,1.294376565677269e-05,0.05845511482254697,T4d -> VS3 -> DNp20 -> OCG01a -> OCG01e -> DNp18,"0.15656566,0.09775967,0.05845511,0.10031024,0.14422369"
T4d,720575940615688770,DNp18,720575940627949589,4,6.476648574209899e-05,0.05845511482254697,T4d -> VS3 -> DNp20 -> OCG01a -> DNp18,"0.15656566,0.09775967,0.05845511,0.07238883"
T4d,720575940615688770,DNae010,720575940651341558,5,4.073489844549652e-06,0.04592901878914405,T4d -> VS3 -> DNp20 -> DNb06 -> DNae006 -> DNae010,"0.15656566,0.09775967,0.04592902,0.05479452,0.10575139"
T4d,720575940615688770,DNp18,720575940618440000,5,2.4298009599068095e-06,0.04592901878914405,T4d -> VS3 -> DNp20 -> DNb06 -> DNae006 -> DNp18,"0.15656566,0.09775967,0.04592902,0.05479452,0.06307978"
T4d,720575940615688770,DNp18,720575940627949589,4,9.216952422753456e-05,0.04175365344467641,T4d -> VS3 -> DNp20 -> OCG01e -> DNp18,"0.15656566,0.09775967,0.04175365,0.14422369"
T4d,720575940615688770,DNp18,720575940627949589,5,1.3616416638725742e-06,0.029433406916850625,T4d -> VS3 -> DNp20 -> OCG01e -> OCG01a -> DNp18,"0.15656566,0.09775967,0.04175365,0.02943341,0.07238883"
T4d,720575940606934473,DNp31,720575940632189900,5,9.199527466623308e-08,0.0060673877906253885,T4d -> LPi13 -> LPT48_vCal3 -> PLP248 -> PLP020 -> DNp31,"0.16901408,0.00606739,0.05289421,0.04480980,0.03784946"
T4d,720575940606934473,DNp31,720575940628132745,5,5.009565837491705e-08,0.0060673877906253885,T4d -> LPi13 -> LPT48_vCal3 -> PLP248 -> PLP020 -> DNp31,"0.16901408,0.00606739,0.05289421,0.03062540,0.03015682"
T4d,720575940606934473,DNp31,720575940632189900,3,4.687296294351738e-05,0.0060673877906253885,T4d -> LPi13 -> LPT48_vCal3 -> DNp31,"0.16901408,0.00606739,0.04570858"
T4d,720575940606934473,DNp31,720575940628132745,5,5.229324133640079e-08,0.0060673877906253885,T4d -> LPi13 -> LPT48_vCal3 -> PLP248 -> PLP020 -> DNp31,"0.16901408,0.00606739,0.02794411,0.06051250,0.03015682"
T4d,720575940606934473,DNp31,720575940632189900,5,2.678882803228868e-08,0.0060673877906253885,T4d -> LPi13 -> LPT48_vCal3 -> PLP248 -> PLP020 -> DNp31,"0.16901408,0.00606739,0.02794411,0.02469898,0.03784946"
T4d,720575940606934473,DNp31,720575940632189900,4,1.2855010038788587e-06,0.0060673877906253885,T4d -> LPi13 -> LPT48_vCal3 -> PLP103c -> DNp31,"0.16901408,0.00606739,0.01916168,0.06542056"
T4d,720575940606934473,DNp31,720575940632189900,5,1.3286832081435232e-07,0.0060673877906253885,T4d -> LPi13 -> LPT48_vCal3 -> PLP103c -> PLP025b -> DNp31,"0.16901408,0.00606739,0.01916168,0.03738318,0.18087855"
T4d,720575940606934473,DNp31,720575940628132745,3,1.9240430203889228e-05,0.0060673877906253885,T4d -> LPi13 -> LPT48_vCal3 -> DNp31,"0.16901408,0.00606739,0.01876248"
T4d,720575940606934473,DNp31,720575940632189900,5,3.5975607264017775e-08,0.0060673877906253885,T4d -> LPi13 -> LPT48_vCal3 -> PLP103a -> PLP124 -> DNp31,"0.16901408,0.00606739,0.01776447,0.05494505,0.03594203"
T4d,720575940606934473,DNp31,720575940628132745,5,2.7271831313045732e-08,0.0060673877906253885,T4d -> LPi13 -> LPT48_vCal3 -> PLP103a -> PLP124 -> DNp31,"0.16901408,0.00606739,0.01776447,0.05494505,0.02724638"
T4d,720575940623530195,DNp31,720575940632189900,5,7.087368110876943e-09,0.003299594239086815,T4d -> Tlp1 -> Li32 -> Li24 -> LPLC4 -> DNp31,"0.11718750,0.05448155,0.00329959,0.01609253,0.02090592"
T4d,720575940623530195,DNg41,720575940636329579,5,1.9540049966502407e-07,0.006578535179500031,T4d -> Tlp1 -> LPi07 -> LPi12 -> LPT04_HST -> DNg41,"0.11718750,0.05272408,0.07239819,0.00657854,0.06640159"
T4d,720575940623530195,DNb03,720575940634163682,5,1.0179546988537182e-07,0.006578535179500031,T4d -> Tlp1 -> LPi07 -> LPi12 -> LPT04_HST -> DNb03,"0.11718750,0.05272408,0.07239819,0.00657854,0.03459245"
T4d,720575940623530195,DNb03,720575940611016910,5,4.764204118947804e-08,0.0025061086398095356,T4d -> Tlp1 -> LPi07 -> LPi12 -> H2 -> DNb03,"0.11718750,0.05272408,0.07239819,0.00250611,0.04249839"
T4d,720575940623530195,DNb03,720575940627997050,5,4.667957571090273e-08,0.0025061086398095356,T4d -> Tlp1 -> LPi07 -> LPi12 -> H2 -> DNb03,"0.11718750,0.05272408,0.07239819,0.00250611,0.04163984"
T4d,720575940623530195,DNp15,720575940623431351,5,4.162663194838233e-08,0.0025061086398095356,T4d -> Tlp1 -> LPi07 -> LPi12 -> H2 -> DNp15,"0.11718750,0.05272408,0.07239819,0.00250611,0.03713243"
T4d,720575940623530195,DNg41,720575940622037926,5,2.406163696438285e-08,0.0025061086398095356,T4d -> Tlp1 -> LPi07 -> LPi12 -> H2 -> DNg41,"0.11718750,0.05272408,0.07239819,0.00250611,0.02146383"
T4d,720575940623530195,DNp18,720575940618440000,5,4.371566141537879e-08,0.0023181504918238205,T4d -> Tlp1 -> LPi07 -> LPi12 -> CB0478 -> DNp18,"0.11718750,0.05272408,0.07239819,0.00231815,0.04215775"
T4d,720575940623530195,DNp26,720575940619432261,5,4.888486538933507e-08,0.013786470022443091,T4d -> Tlp1 -> LPi07 -> LPT23 -> LPT21 -> DNp26,"0.11718750,0.05272408,0.03016591,0.01378647,0.01902456"
T4d,720575940623530195,DNp26,720575940627732361,5,6.837057453047059e-07,0.027149321266968326,T4d -> Tlp1 -> LPi07 -> LLPC1 -> Nod1 -> DNp26,"0.11718750,0.05272408,0.02714932,0.12750000,0.03196758"
T4d,720575940632613262,DNae002,720575940620380449,5,1.2475967377680105e-06,0.010991900704743873,T4d -> LPT45_dCal1 -> LPi13 -> LPT27 -> PLP230 -> DNae002,"0.18947368,0.11868390,0.01099190,0.05888538,0.08571429"
T4d,720575940632613262,DNp26,720575940619432261,4,1.2216051390645103e-05,0.010991900704743873,T4d -> LPT45_dCal1 -> LPi13 -> LPT27 -> DNp26,"0.18947368,0.11868390,0.01099190,0.04942166"
T4d,720575940632613262,DNae002,720575940627139530,5,3.5286374525731895e-07,0.010991900704743873,T4d -> LPT45_dCal1 -> LPi13 -> LPT27 -> WED075 -> DNae002,"0.18947368,0.11868390,0.01099190,0.04468980,0.03194369"
T4d,720575940632613262,DNp31,720575940632189900,5,3.78750694225629e-07,0.010991900704743873,T4d -> LPT45_dCal1 -> LPi13 -> LPT27 -> PLP020 -> DNp31,"0.18947368,0.11868390,0.01099190,0.04048370,0.03784946"
T4d,720575940632613262,DNp26,720575940619432261,5,1.4753546048993474e-07,0.010991900704743873,T4d -> LPT45_dCal1 -> LPi13 -> LPT27 -> WED007 -> DNp26,"0.18947368,0.11868390,0.01099190,0.02103049,0.02838137"
T4d,720575940632613262,DNp31,720575940628132745,4,6.8280362546925275e-06,0.00857263069317345,T4d -> LPT45_dCal1 -> LPi13 -> LPT48_vCal3 -> DNp31,"0.18947368,0.11868390,0.00857263,0.03541938"
T4d,720575940632613262,DNp31,720575940628132745,5,2.872143453177158e-07,0.00857263069317345,T4d -> LPT45_dCal1 -> LPi13 -> LPT48_vCal3 -> PS058 -> DNp31,"0.18947368,0.11868390,0.00857263,0.02976967,0.05004692"
T4d,720575940632613262,DNp31,720575940632189900,4,5.32000370764387e-06,0.00857263069317345,T4d -> LPT45_dCal1 -> LPi13 -> LPT48_vCal3 -> DNp31,"0.18947368,0.11868390,0.00857263,0.02759670"
T4d,720575940632613262,DNp31,720575940632189900,5,3.1566162977538067e-07,0.005890396549910592,T4d -> LPT45_dCal1 -> LPi13 -> LPi11 -> LPC2 -> DNp31,"0.18947368,0.11868390,0.00589040,0.05385735,0.04424779"
T4d,720575940632613262,DNae002,720575940627139530,5,4.5551252885897325e-07,0.005890396549910592,T4d -> LPT45_dCal1 -> LPi13 -> LPi11 -> LLPC2 -> DNae002,"0.18947368,0.11868390,0.00589040,0.04585153,0.07500000"
T4d,720575940628310546,DNp31,720575940628132745,5,1.847328866887085e-06,0.0440251572327044,T4d -> LPi11 -> LPC2 -> LPLC4 -> DNb05 -> DNp31,"0.12426036,0.06540796,0.06666667,0.07744108,0.04402516"
T4d,720575940628310546,DNp31,720575940628132745,4,2.4325075762736774e-05,0.04489337822671156,T4d -> LPi11 -> LPC2 -> LPLC4 -> DNp31,"0.12426036,0.06540796,0.06666667,0.04489338"
T4d,720575940628310546,DNa16,720575940632962786,5,7.446451764103094e-07,0.028058361391694726,T4d -> LPi11 -> LPC2 -> LPLC4 -> PLP228 -> DNa16,"0.12426036,0.06540796,0.06666667,0.02805836,0.04897959"
T4d,720575940628310546,DNp26,720575940627732361,4,3.2379567632426187e-05,0.05128205128205128,T4d -> LPi11 -> LPC2 -> PLP035 -> DNp26,"0.12426036,0.06540796,0.05128205,0.07768595"
T4d,720575940628310546,DNae002,720575940620380449,5,5.114609783980859e-07,0.027496382054992764,T4d -> LPi11 -> LPC2 -> PLP035 -> WED075 -> DNae002,"0.12426036,0.06540796,0.05128205,0.04462810,0.02749638"
T4d,720575940628310546,DNp26,720575940627732361,5,1.506549327342052e-06,0.03691460055096419,T4d -> LPi11 -> LPC2 -> PLP035 -> CB2192 -> DNp26,"0.12426036,0.06540796,0.05128205,0.03691460,0.09791667"
T4d,720575940628310546,DNp26,720575940627732361,5,5.83809005858848e-07,0.03140495867768595,T4d -> LPi11 -> LPC2 -> PLP035 -> CB1827 -> DNp26,"0.12426036,0.06540796,0.05128205,0.03140496,0.04460094"
T4d,720575940628310546,DNp31,720575940632189900,5,5.111415923366813e-07,0.0378494623655914,T4d -> LPi11 -> LPT48_vCal3 -> PLP248 -> PLP020 -> DNp31,"0.12426036,0.04585300,0.05289421,0.04480980,0.03784946"
T4d,720575940628310546,DNp31,720575940628132745,5,2.7834010696538733e-07,0.030156815440289506,T4d -> LPi11 -> LPT48_vCal3 -> PLP248 -> PLP020 -> DNp31,"0.12426036,0.04585300,0.05289421,0.03062540,0.03015682"
T4d,720575940628310546,DNp31,720575940632189900,3,0.0002604342560355634,0.04570858283433134,T4d -> LPi11 -> LPT48_vCal3 -> DNp31,"0.12426036,0.04585300,0.04570858"
T4d,720575940635913071,DNp31,720575940632189900,5,7.188938916527963e-08,0.0060673877906253885,T4d -> LPi13 -> LPT48_vCal3 -> PLP248 -> PLP020 -> DNp31,"0.13207547,0.00606739,0.05289421,0.04480980,0.03784946"
T4d,720575940635913071,DNp31,720575940628132745,5,3.914707895021034e-08,0.0060673877906253885,T4d -> LPi13 -> LPT48_vCal3 -> PLP248 -> PLP020 -> DNp31,"0.13207547,0.00606739,0.05289421,0.03062540,0.03015682"
T4d,720575940635913071,DNp31,720575940632189900,3,3.662871475303166e-05,0.0060673877906253885,T4d -> LPi13 -> LPT48_vCal3 -> DNp31,"0.13207547,0.00606739,0.04570858"
T4d,720575940635913071,DNp31,720575940628132745,5,4.086437255375973e-08,0.0060673877906253885,T4d -> LPi13 -> LPT48_vCal3 -> PLP248 -> PLP020 -> DNp31,"0.13207547,0.00606739,0.02794411,0.06051250,0.03015682"
T4d,720575940635913071,DNp31,720575940632189900,5,2.0934037000074647e-08,0.0060673877906253885,T4d -> LPi13 -> LPT48_vCal3 -> PLP248 -> PLP020 -> DNp31,"0.13207547,0.00606739,0.02794411,0.02469898,0.03784946"
T4d,720575940635913071,DNp31,720575940632189900,4,1.0045503127795484e-06,0.0060673877906253885,T4d -> LPi13 -> LPT48_vCal3 -> PLP103c -> DNp31,"0.13207547,0.00606739,0.01916168,0.06542056"
T4d,720575940635913071,DNp31,720575940632189900,5,1.0382948969297659e-07,0.0060673877906253885,T4d -> LPi13 -> LPT48_vCal3 -> PLP103c -> PLP025b -> DNp31,"0.13207547,0.00606739,0.01916168,0.03738318,0.18087855"
T4d,720575940635913071,DNp31,720575940628132745,3,1.5035367627881991e-05,0.0060673877906253885,T4d -> LPi13 -> LPT48_vCal3 -> DNp31,"0.13207547,0.00606739,0.01876248"
T4d,720575940635913071,DNp31,720575940632189900,5,2.811301385254219e-08,0.0060673877906253885,T4d -> LPi13 -> LPT48_vCal3 -> PLP103a -> PLP124 -> DNp31,"0.13207547,0.00606739,0.01776447,0.05494505,0.03594203"
T4d,720575940635913071,DNp31,720575940628132745,5,2.131147824305618e-08,0.0060673877906253885,T4d -> LPi13 -> LPT48_vCal3 -> PLP103a -> PLP124 -> DNp31,"0.13207547,0.00606739,0.01776447,0.05494505,0.02724638"
T5a,720575940599704006,DNp15,720575940623431351,5,2.8476777683926338e-06,0.028450008906532306,T5a -> LPi14 -> Am1 -> LPi15 -> HSE -> DNp15,"0.18000000,0.08139647,0.05724515,0.02845001,0.11934156"
T5a,720575940599704006,DNp15,720575940623431351,5,3.12521458011827e-06,0.026032521566531797,T5a -> LPi14 -> Am1 -> LPi15 -> HSN -> DNp15,"0.18000000,0.08139647,0.05724515,0.02603252,0.14313535"
T5a,720575940599704006,DNp18,720575940627949589,5,1.148038009023038e-06,0.026032521566531797,T5a -> LPi14 -> Am1 -> LPi15 -> HSN -> DNp18,"0.18000000,0.08139647,0.05724515,0.02603252,0.05258033"
T5a,720575940599704006,DNae002,720575940620380449,5,9.77958303982588e-07,0.026032521566531797,T5a -> LPi14 -> Am1 -> LPi15 -> HSN -> DNae002,"0.18000000,0.08139647,0.05724515,0.02603252,0.04479065"
T5a,720575940599704006,DNae010,720575940630868281,5,8.929184514623629e-07,0.026032521566531797,T5a -> LPi14 -> Am1 -> LPi15 -> HSN -> DNae010,"0.18000000,0.08139647,0.05724515,0.02603252,0.04089581"
T5a,720575940599704006,DNp26,720575940627732361,5,9.370773127401661e-07,0.02147746647326768,T5a -> LPi14 -> Am1 -> LPi15 -> LPT26 -> DNp26,"0.18000000,0.08139647,0.05724515,0.02147747,0.05202064"
T5a,720575940599704006,DNae002,720575940620380449,5,1.0956957263048877e-07,0.008837947938962922,T5a -> LPi14 -> Am1 -> DCH -> LPT22 -> DNae002,"0.18000000,0.08139647,0.03200376,0.00883795,0.02643988"
T5a,720575940599704006,DNae002,720575940620380449,5,5.9434638323783466e-08,0.007047707558859975,T5a -> LPi14 -> Am1 -> VCH -> LPT22 -> DNae002,"0.18000000,0.08139647,0.02176979,0.00704771,0.02643988"
T5a,720575940599704006,DNp31,720575940632189900,5,1.6712390315521863e-07,0.008570498680070879,T5a -> LPi14 -> Am1 -> LPT23 -> vCal1 -> DNp31,"0.18000000,0.08139647,0.00857050,0.01423488,0.09349766"
T5a,720575940599704006,DNp31,720575940628132745,5,7.520575641984838e-08,0.008570498680070879,T5a -> LPi14 -> Am1 -> LPT23 -> vCal1 -> DNp31,"0.18000000,0.08139647,0.00857050,0.01423488,0.04207395"
T5a,720575940632395859,DNp15,720575940623431351,5,2.743382287127164e-06,0.028450008906532306,T5a -> LPi14 -> Am1 -> LPi15 -> HSE -> DNp15,"0.18500000,0.07629601,0.05724515,0.02845001,0.11934156"
T5a,720575940632395859,DNp15,720575940623431351,5,3.0107543830028925e-06,0.026032521566531797,T5a -> LPi14 -> Am1 -> LPi15 -> HSN -> DNp15,"0.18500000,0.07629601,0.05724515,0.02603252,0.14313535"
T5a,720575940632395859,DNp18,720575940627949589,5,1.1059914060010626e-06,0.026032521566531797,T5a -> LPi14 -> Am1 -> LPi15 -> HSN -> DNp18,"0.18500000,0.07629601,0.05724515,0.02603252,0.05258033"
T5a,720575940632395859,DNae002,720575940620380449,5,9.421408273342385e-07,0.026032521566531797,T5a -> LPi14 -> Am1 -> LPi15 -> HSN -> DNae002,"0.18500000,0.07629601,0.05724515,0.02603252,0.04479065"
T5a,720575940632395859,DNae010,720575940630868281,5,8.602155380008265e-07,0.026032521566531797,T5a -> LPi14 -> Am1 -> LPi15 -> HSN -> DNae010,"0.18500000,0.07629601,0.05724515,0.02603252,0.04089581"
T5a,720575940632395859,DNp26,720575940627732361,5,9.027570921028592e-07,0.02147746647326768,T5a -> LPi14 -> Am1 -> LPi15 -> LPT26 -> DNp26,"0.18500000,0.07629601,0.05724515,0.02147747,0.05202064"
T5a,720575940632395859,DNae002,720575940620380449,5,1.0555661462084746e-07,0.008837947938962922,T5a -> LPi14 -> Am1 -> DCH -> LPT22 -> DNae002,"0.18500000,0.07629601,0.03200376,0.00883795,0.02643988"
T5a,720575940632395859,DNae002,720575940620380449,5,5.7257859659912014e-08,0.007047707558859975,T5a -> LPi14 -> Am1 -> VCH -> LPT22 -> DNae002,"0.18500000,0.07629601,0.02176979,0.00704771,0.02643988"
T5a,720575940632395859,DNp31,720575940632189900,5,1.6100303228141334e-07,0.008570498680070879,T5a -> LPi14 -> Am1 -> LPT23 -> vCal1 -> DNp31,"0.18500000,0.07629601,0.00857050,0.01423488,0.09349766"
T5a,720575940632395859,DNp31,720575940628132745,5,7.2451364526636e-08,0.008570498680070879,T5a -> LPi14 -> Am1 -> LPT23 -> vCal1 -> DNp31,"0.18500000,0.07629601,0.00857050,0.01423488,0.04207395"
T5a,720575940623118374,DNp15,720575940623431351,5,2.512656854464089e-06,0.028450008906532306,T5a -> LPi14 -> Am1 -> LPi15 -> HSE -> DNp15,"0.15882353,0.08139647,0.05724515,0.02845001,0.11934156"
T5a,720575940623118374,DNp15,720575940623431351,5,2.7575422765749443e-06,0.026032521566531797,T5a -> LPi14 -> Am1 -> LPi15 -> HSN -> DNp15,"0.15882353,0.08139647,0.05724515,0.02603252,0.14313535"
T5a,720575940623118374,DNp18,720575940627949589,5,1.0129747138438572e-06,0.026032521566531797,T5a -> LPi14 -> Am1 -> LPi15 -> HSN -> DNp18,"0.15882353,0.08139647,0.05724515,0.02603252,0.05258033"
T5a,720575940623118374,DNae002,720575940620380449,5,8.629043858669894e-07,0.026032521566531797,T5a -> LPi14 -> Am1 -> LPi15 -> HSN -> DNae002,"0.15882353,0.08139647,0.05724515,0.02603252,0.04479065"
T5a,720575940623118374,DNae010,720575940630868281,5,7.878692218785555e-07,0.026032521566531797,T5a -> LPi14 -> Am1 -> LPi15 -> HSN -> DNae010,"0.15882353,0.08139647,0.05724515,0.02603252,0.04089581"
T5a,720575940623118374,DNp26,720575940627732361,5,8.26832923006029e-07,0.02147746647326768,T5a -> LPi14 -> Am1 -> LPi15 -> LPT26 -> DNp26,"0.15882353,0.08139647,0.05724515,0.02147747,0.05202064"
T5a,720575940623118374,DNae002,720575940620380449,5,9.667903467396067e-08,0.008837947938962922,T5a -> LPi14 -> Am1 -> DCH -> LPT22 -> DNae002,"0.15882353,0.08139647,0.03200376,0.00883795,0.02643988"
T5a,720575940623118374,DNae002,720575940620380449,5,5.244232793275012e-08,0.007047707558859975,T5a -> LPi14 -> Am1 -> VCH -> LPT22 -> DNae002,"0.15882353,0.08139647,0.02176979,0.00704771,0.02643988"
T5a,720575940623118374,DNp31,720575940632189900,5,1.474622674898988e-07,0.008570498680070879,T5a -> LPi14 -> Am1 -> LPT23 -> vCal1 -> DNp31,"0.15882353,0.08139647,0.00857050,0.01423488,0.09349766"
T5a,720575940623118374,DNp31,720575940628132745,5,6.635802037045446e-08,0.008570498680070879,T5a -> LPi14 -> Am1 -> LPT23 -> vCal1 -> DNp31,"0.15882353,0.08139647,0.00857050,0.01423488,0.04207395"
T5a,720575940626217093,DNp15,720575940623431351,5,3.7884545294713263e-06,0.028450008906532306,T5a -> LPi14 -> Am1 -> LPi15 -> HSE -> DNp15,"0.25547445,0.07629601,0.05724515,0.02845001,0.11934156"
T5a,720575940626217093,DNp15,720575940623431351,5,4.1576801501322255e-06,0.026032521566531797,T5a -> LPi14 -> Am1 -> LPi15 -> HSN -> DNp15,"0.25547445,0.07629601,0.05724515,0.02603252,0.14313535"
T5a,720575940626217093,DNp18,720575940627949589,5,1.5273110755587769e-06,0.026032521566531797,T5a -> LPi14 -> Am1 -> LPi15 -> HSN -> DNp18,"0.25547445,0.07629601,0.05724515,0.02603252,0.05258033"
T5a,720575940626217093,DNae002,720575940620380449,5,1.3010427680685877e-06,0.026032521566531797,T5a -> LPi14 -> Am1 -> LPi15 -> HSN -> DNae002,"0.25547445,0.07629601,0.05724515,0.02603252,0.04479065"
T5a,720575940626217093,DNae010,720575940630868281,5,1.1879086143234931e-06,0.026032521566531797,T5a -> LPi14 -> Am1 -> LPi15 -> HSN -> DNae010,"0.25547445,0.07629601,0.05724515,0.02603252,0.04089581"
T5a,720575940626217093,DNp26,720575940627732361,5,1.2466560751075193e-06,0.02147746647326768,T5a -> LPi14 -> Am1 -> LPi15 -> LPT26 -> DNp26,"0.25547445,0.07629601,0.05724515,0.02147747,0.05202064"
T5a,720575940626217093,DNae002,720575940620380449,5,1.4576766666915218e-07,0.008837947938962922,T5a -> LPi14 -> Am1 -> DCH -> LPT22 -> DNae002,"0.25547445,0.07629601,0.03200376,0.00883795,0.02643988"
T5a,720575940626217093,DNae002,720575940620380449,5,7.906983973552657e-08,0.007047707558859975,T5a -> LPi14 -> Am1 -> VCH -> LPT22 -> DNae002,"0.25547445,0.07629601,0.02176979,0.00704771,0.02643988"
T5a,720575940626217093,DNp31,720575940632189900,5,2.223360082797186e-07,0.008570498680070879,T5a -> LPi14 -> Am1 -> LPT23 -> vCal1 -> DNp31,"0.25547445,0.07629601,0.00857050,0.01423488,0.09349766"
T5a,720575940626217093,DNp31,720575940628132745,5,1.0005120372587336e-07,0.008570498680070879,T5a -> LPi14 -> Am1 -> LPT23 -> vCal1 -> DNp31,"0.25547445,0.07629601,0.00857050,0.01423488,0.04207395"
T5a,720575940614663530,DNp15,720575940623431351,5,2.9982320077892506e-06,0.028450008906532306,T5a -> LPi14 -> Am1 -> LPi15 -> HSE -> DNp15,"0.20218579,0.07629601,0.05724515,0.02845001,0.11934156"
T5a,720575940614663530,DNp15,720575940623431351,5,3.290441948637041e-06,0.026032521566531797,T5a -> LPi14 -> Am1 -> LPi15 -> HSN -> DNp15,"0.20218579,0.07629601,0.05724515,0.02603252,0.14313535"
T5a,720575940614663530,DNp18,720575940627949589,5,1.2087337770503417e-06,0.026032521566531797,T5a -> LPi14 -> Am1 -> LPi15 -> HSN -> DNp18,"0.20218579,0.07629601,0.05724515,0.02603252,0.05258033"
T5a,720575940614663530,DNae002,720575940620380449,5,1.029662106376217e-06,0.026032521566531797,T5a -> LPi14 -> Am1 -> LPi15 -> HSN -> DNae002,"0.20218579,0.07629601,0.05724515,0.02603252,0.04479065"
T5a,720575940614663530,DNae010,720575940630868281,5,9.401262710391546e-07,0.026032521566531797,T5a -> LPi14 -> Am1 -> LPi15 -> HSN -> DNae010,"0.20218579,0.07629601,0.05724515,0.02603252,0.04089581"
T5a,720575940614663530,DNp26,720575940627732361,5,9.8661977279001e-07,0.02147746647326768,T5a -> LPi14 -> Am1 -> LPi15 -> LPT26 -> DNp26,"0.20218579,0.07629601,0.05724515,0.02147747,0.05202064"
T5a,720575940614663530,DNae002,720575940620380449,5,1.1536242035065295e-07,0.008837947938962922,T5a -> LPi14 -> Am1 -> DCH -> LPT22 -> DNae002,"0.20218579,0.07629601,0.03200376,0.00883795,0.02643988"
T5a,720575940614663530,DNae002,720575940620380449,5,6.257689580318254e-08,0.007047707558859975,T5a -> LPi14 -> Am1 -> VCH -> LPT22 -> DNae002,"0.20218579,0.07629601,0.02176979,0.00704771,0.02643988"
T5a,720575940614663530,DNp31,720575940632189900,5,1.7595959812176323e-07,0.008570498680070879,T5a -> LPi14 -> Am1 -> LPT23 -> vCal1 -> DNp31,"0.20218579,0.07629601,0.00857050,0.01423488,0.09349766"
T5a,720575940614663530,DNp31,720575940628132745,5,7.918181915479345e-08,0.008570498680070879,T5a -> LPi14 -> Am1 -> LPT23 -> vCal1 -> DNp31,"0.20218579,0.07629601,0.00857050,0.01423488,0.04207395"
T5a,720575940628898860,DNp15,720575940623431351,5,3.923467147563184e-06,0.028450008906532306,T5a -> LPi14 -> Am1 -> LPi15 -> HSE -> DNp15,"0.24800000,0.08139647,0.05724515,0.02845001,0.11934156"
T5a,720575940628898860,DNp15,720575940623431351,5,4.30585119927406e-06,0.026032521566531797,T5a -> LPi14 -> Am1 -> LPi15 -> HSN -> DNp15,"0.24800000,0.08139647,0.05724515,0.02603252,0.14313535"
T5a,720575940628898860,DNp18,720575940627949589,5,1.5817412568761857e-06,0.026032521566531797,T5a -> LPi14 -> Am1 -> LPi15 -> HSN -> DNp18,"0.24800000,0.08139647,0.05724515,0.02603252,0.05258033"
T5a,720575940628898860,DNae002,720575940620380449,5,1.3474092188204543e-06,0.026032521566531797,T5a -> LPi14 -> Am1 -> LPi15 -> HSN -> DNae002,"0.24800000,0.08139647,0.05724515,0.02603252,0.04479065"
T5a,720575940628898860,DNae010,720575940630868281,5,1.2302431997925886e-06,0.026032521566531797,T5a -> LPi14 -> Am1 -> LPi15 -> HSN -> DNae010,"0.24800000,0.08139647,0.05724515,0.02603252,0.04089581"
T5a,720575940628898860,DNp26,720575940627732361,5,1.2910842975531175e-06,0.02147746647326768,T5a -> LPi14 -> Am1 -> LPi15 -> LPT26 -> DNp26,"0.24800000,0.08139647,0.05724515,0.02147747,0.05202064"
T5a,720575940628898860,DNae002,720575940620380449,5,1.5096252229089564e-07,0.008837947938962922,T5a -> LPi14 -> Am1 -> DCH -> LPT22 -> DNae002,"0.24800000,0.08139647,0.03200376,0.00883795,0.02643988"
T5a,720575940628898860,DNae002,720575940620380449,5,8.188772391276833e-08,0.007047707558859975,T5a -> LPi14 -> Am1 -> VCH -> LPT22 -> DNae002,"0.24800000,0.08139647,0.02176979,0.00704771,0.02643988"
T5a,720575940628898860,DNp31,720575940632189900,5,2.302595999027457e-07,0.008570498680070879,T5a -> LPi14 -> Am1 -> LPT23 -> vCal1 -> DNp31,"0.24800000,0.08139647,0.00857050,0.01423488,0.09349766"
T5a,720575940628898860,DNp31,720575940628132745,5,1.0361681995623556e-07,0.008570498680070879,T5a -> LPi14 -> Am1 -> LPT23 -> vCal1 -> DNp31,"0.24800000,0.08139647,0.00857050,0.01423488,0.04207395"
T5a,720575940606681278,DNp15,720575940623431351,5,3.988514788367545e-06,0.028450008906532306,T5a -> LPi14 -> Am1 -> LPi15 -> HSE -> DNp15,"0.26896552,0.07629601,0.05724515,0.02845001,0.11934156"
T5a,720575940606681278,DNp15,720575940623431351,5,4.3772384319520154e-06,0.026032521566531797,T5a -> LPi14 -> Am1 -> LPi15 -> HSN -> DNp15,"0.26896552,0.07629601,0.05724515,0.02603252,0.14313535"
T5a,720575940606681278,DNp18,720575940627949589,5,1.6079651382680873e-06,0.026032521566531797,T5a -> LPi14 -> Am1 -> LPi15 -> HSN -> DNp18,"0.26896552,0.07629601,0.05724515,0.02603252,0.05258033"
T5a,720575940606681278,DNae002,720575940620380449,5,1.3697480807468892e-06,0.026032521566531797,T5a -> LPi14 -> Am1 -> LPi15 -> HSN -> DNae002,"0.26896552,0.07629601,0.05724515,0.02603252,0.04479065"
T5a,720575940606681278,DNae010,720575940630868281,5,1.25063955198629e-06,0.026032521566531797,T5a -> LPi14 -> Am1 -> LPi15 -> HSN -> DNae010,"0.26896552,0.07629601,0.05724515,0.02603252,0.04089581"
T5a,720575940606681278,DNp26,720575940627732361,5,1.3124893417338866e-06,0.02147746647326768,T5a -> LPi14 -> Am1 -> LPi15 -> LPT26 -> DNp26,"0.26896552,0.07629601,0.05724515,0.02147747,0.05202064"
T5a,720575940606681278,DNae002,720575940620380449,5,1.5346534837700097e-07,0.008837947938962922,T5a -> LPi14 -> Am1 -> DCH -> LPT22 -> DNae002,"0.26896552,0.07629601,0.03200376,0.00883795,0.02643988"
T5a,720575940606681278,DNae002,720575940620380449,5,8.324535048412185e-08,0.007047707558859975,T5a -> LPi14 -> Am1 -> VCH -> LPT22 -> DNae002,"0.26896552,0.07629601,0.02176979,0.00704771,0.02643988"
T5a,720575940606681278,DNp31,720575940632189900,5,2.340771019189234e-07,0.008570498680070879,T5a -> LPi14 -> Am1 -> LPT23 -> vCal1 -> DNp31,"0.26896552,0.07629601,0.00857050,0.01423488,0.09349766"
T5a,720575940606681278,DNp31,720575940628132745,5,1.0533469586351552e-07,0.008570498680070879,T5a -> LPi14 -> Am1 -> LPT23 -> vCal1 -> DNp31,"0.26896552,0.07629601,0.00857050,0.01423488,0.04207395"
T5a,720575940620734061,DNp15,720575940623431351,5,2.563053187839859e-06,0.028450008906532306,T5a -> LPi14 -> Am1 -> LPi15 -> HSE -> DNp15,"0.17283951,0.07629601,0.05724515,0.02845001,0.11934156"
T5a,720575940620734061,DNp15,720575940623431351,5,2.8128502744104434e-06,0.026032521566531797,T5a -> LPi14 -> Am1 -> LPi15 -> HSN -> DNp15,"0.17283951,0.07629601,0.05724515,0.02603252,0.14313535"
T5a,720575940620734061,DNp18,720575940627949589,5,1.0332919375385304e-06,0.026032521566531797,T5a -> LPi14 -> Am1 -> LPi15 -> HSN -> DNp18,"0.17283951,0.07629601,0.05724515,0.02603252,0.05258033"
T5a,720575940620734061,DNae002,720575940620380449,5,8.802116504957851e-07,0.026032521566531797,T5a -> LPi14 -> Am1 -> LPi15 -> HSN -> DNae002,"0.17283951,0.07629601,0.05724515,0.02603252,0.04479065"
T5a,720575940620734061,DNae010,720575940630868281,5,8.036715069744124e-07,0.026032521566531797,T5a -> LPi14 -> Am1 -> LPi15 -> HSN -> DNae010,"0.17283951,0.07629601,0.05724515,0.02603252,0.04089581"
T5a,720575940620734061,DNp26,720575940627732361,5,8.434167026653339e-07,0.02147746647326768,T5a -> LPi14 -> Am1 -> LPi15 -> LPT26 -> DNp26,"0.17283951,0.07629601,0.05724515,0.02147747,0.05202064"
T5a,720575940620734061,DNae002,720575940620380449,5,9.861812510456219e-08,0.008837947938962922,T5a -> LPi14 -> Am1 -> DCH -> LPT22 -> DNae002,"0.17283951,0.07629601,0.03200376,0.00883795,0.02643988"
T5a,720575940620734061,DNae002,720575940620380449,5,5.349416317909698e-08,0.007047707558859975,T5a -> LPi14 -> Am1 -> VCH -> LPT22 -> DNae002,"0.17283951,0.07629601,0.02176979,0.00704771,0.02643988"
T5a,720575940620734061,DNp31,720575940632189900,5,1.5041991671269848e-07,0.008570498680070879,T5a -> LPi14 -> Am1 -> LPT23 -> vCal1 -> DNp31,"0.17283951,0.07629601,0.00857050,0.01423488,0.09349766"
T5a,720575940620734061,DNp31,720575940628132745,5,6.768896252071431e-08,0.008570498680070879,T5a -> LPi14 -> Am1 -> LPT23 -> vCal1 -> DNp31,"0.17283951,0.07629601,0.00857050,0.01423488,0.04207395"
T5a,720575940626716958,DNp15,720575940623431351,5,1.703738835790465e-06,0.028450008906532306,T5a -> LPi14 -> Am1 -> LPi15 -> HSE -> DNp15,"0.10769231,0.08139647,0.05724515,0.02845001,0.11934156"
T5a,720575940626716958,DNp15,720575940623431351,5,1.869786500925461e-06,0.026032521566531797,T5a -> LPi14 -> Am1 -> LPi15 -> HSN -> DNp15,"0.10769231,0.08139647,0.05724515,0.02603252,0.14313535"
T5a,720575940626716958,DNp18,720575940627949589,5,6.868603472787408e-07,0.026032521566531797,T5a -> LPi14 -> Am1 -> LPi15 -> HSN -> DNp18,"0.10769231,0.08139647,0.05724515,0.02603252,0.05258033"
T5a,720575940626716958,DNae002,720575940620380449,5,5.851032587930014e-07,0.026032521566531797,T5a -> LPi14 -> Am1 -> LPi15 -> HSN -> DNae002,"0.10769231,0.08139647,0.05724515,0.02603252,0.04479065"
T5a,720575940626716958,DNae010,720575940630868281,5,5.342247145501317e-07,0.026032521566531797,T5a -> LPi14 -> Am1 -> LPi15 -> HSN -> DNae010,"0.10769231,0.08139647,0.05724515,0.02603252,0.04089581"
T5a,720575940626716958,DNp26,720575940627732361,5,5.606445460838602e-07,0.02147746647326768,T5a -> LPi14 -> Am1 -> LPi15 -> LPT26 -> DNp26,"0.10769231,0.08139647,0.05724515,0.02147747,0.05202064"
T5a,720575940626716958,DNae002,720575940620380449,5,6.555444516354028e-08,0.008837947938962922,T5a -> LPi14 -> Am1 -> DCH -> LPT22 -> DNae002,"0.10769231,0.08139647,0.03200376,0.00883795,0.02643988"
T5a,720575940626716958,DNae002,720575940620380449,5,3.555918532192173e-08,0.007047707558859975,T5a -> LPi14 -> Am1 -> VCH -> LPT22 -> DNae002,"0.10769231,0.08139647,0.02176979,0.00704771,0.02643988"
T5a,720575940626716958,DNp31,720575940632189900,5,9.998866000739577e-08,0.008570498680070879,T5a -> LPi14 -> Am1 -> LPT23 -> vCal1 -> DNp31,"0.10769231,0.08139647,0.00857050,0.01423488,0.09349766"
T5a,720575940626716958,DNp31,720575940628132745,5,4.4994897003328096e-08,0.008570498680070879,T5a -> LPi14 -> Am1 -> LPT23 -> vCal1 -> DNp31,"0.10769231,0.08139647,0.00857050,0.01423488,0.04207395"
T5a,720575940624632103,DNp15,720575940623431351,5,1.639397265158159e-06,0.028450008906532306,T5a -> LPi14 -> Am1 -> LPi15 -> HSE -> DNp15,"0.11055276,0.07629601,0.05724515,0.02845001,0.11934156"
T5a,720575940624632103,DNp15,720575940623431351,5,1.7991741525482452e-06,0.026032521566531797,T5a -> LPi14 -> Am1 -> LPi15 -> HSN -> DNp15,"0.11055276,0.07629601,0.05724515,0.02603252,0.14313535"
T5a,720575940624632103,DNp18,720575940627949589,5,6.609211172626207e-07,0.026032521566531797,T5a -> LPi14 -> Am1 -> LPi15 -> HSN -> DNp18,"0.11055276,0.07629601,0.05724515,0.02603252,0.05258033"
T5a,720575940624632103,DNae002,720575940620380449,5,5.630068776681583e-07,0.026032521566531797,T5a -> LPi14 -> Am1 -> LPi15 -> HSN -> DNae002,"0.11055276,0.07629601,0.05724515,0.02603252,0.04479065"
T5a,720575940624632103,DNae010,720575940630868281,5,5.140497578709272e-07,0.026032521566531797,T5a -> LPi14 -> Am1 -> LPi15 -> HSN -> DNae010,"0.11055276,0.07629601,0.05724515,0.02603252,0.04089581"
T5a,720575940624632103,DNp26,720575940627732361,5,5.394718464284369e-07,0.02147746647326768,T5a -> LPi14 -> Am1 -> LPi15 -> LPT26 -> DNp26,"0.11055276,0.07629601,0.05724515,0.02147747,0.05202064"
T5a,720575940624632103,DNae002,720575940620380449,5,6.30787864093072e-08,0.008837947938962922,T5a -> LPi14 -> Am1 -> DCH -> LPT22 -> DNae002,"0.11055276,0.07629601,0.03200376,0.00883795,0.02643988"
T5a,720575940624632103,DNae002,720575940620380449,5,3.421629532848199e-08,0.007047707558859975,T5a -> LPi14 -> Am1 -> VCH -> LPT22 -> DNae002,"0.11055276,0.07629601,0.02176979,0.00704771,0.02643988"
T5a,720575940624632103,DNp31,720575940632189900,5,9.621259568629889e-08,0.008570498680070879,T5a -> LPi14 -> Am1 -> LPT23 -> vCal1 -> DNp31,"0.11055276,0.07629601,0.00857050,0.01423488,0.09349766"
T5a,720575940624632103,DNp31,720575940628132745,5,4.3295668058834504e-08,0.008570498680070879,T5a -> LPi14 -> Am1 -> LPT23 -> vCal1 -> DNp31,"0.11055276,0.07629601,0.00857050,0.01423488,0.04207395"
T5a,720575940620311791,DNp15,720575940623431351,5,1.1619812026960557e-06,0.028450008906532306,T5a -> LPi14 -> Am1 -> LPi15 -> HSE -> DNp15,"0.07835821,0.07629601,0.05724515,0.02845001,0.11934156"
T5a,720575940620311791,DNp15,720575940623431351,5,1.2752287624659287e-06,0.026032521566531797,T5a -> LPi14 -> Am1 -> LPi15 -> HSN -> DNp15,"0.07835821,0.07629601,0.05724515,0.02603252,0.14313535"
T5a,720575940620311791,DNp18,720575940627949589,5,4.684513821303412e-07,0.026032521566531797,T5a -> LPi14 -> Am1 -> LPi15 -> HSN -> DNp18,"0.07835821,0.07629601,0.05724515,0.02603252,0.05258033"
T5a,720575940620311791,DNae002,720575940620380449,5,3.9905117737029067e-07,0.026032521566531797,T5a -> LPi14 -> Am1 -> LPi15 -> HSN -> DNae002,"0.07835821,0.07629601,0.05724515,0.02603252,0.04479065"
T5a,720575940620311791,DNae010,720575940630868281,5,3.6435107499026535e-07,0.026032521566531797,T5a -> LPi14 -> Am1 -> LPi15 -> HSN -> DNae010,"0.07835821,0.07629601,0.05724515,0.02603252,0.04089581"
T5a,720575940620311791,DNp26,720575940627732361,5,3.8236988572327636e-07,0.02147746647326768,T5a -> LPi14 -> Am1 -> LPi15 -> LPT26 -> DNp26,"0.07835821,0.07629601,0.05724515,0.02147747,0.05202064"
T5a,720575940620311791,DNae002,720575940620380449,5,4.470933656792652e-08,0.008837947938962922,T5a -> LPi14 -> Am1 -> DCH -> LPT22 -> DNae002,"0.07835821,0.07629601,0.03200376,0.00883795,0.02643988"
T5a,720575940620311791,DNae002,720575940620380449,5,2.4252018008433894e-08,0.007047707558859975,T5a -> LPi14 -> Am1 -> VCH -> LPT22 -> DNae002,"0.07835821,0.07629601,0.02176979,0.00704771,0.02643988"
T5a,720575940620311791,DNp31,720575940632189900,5,6.819410403206294e-08,0.008570498680070879,T5a -> LPi14 -> Am1 -> LPT23 -> vCal1 -> DNp31,"0.07835821,0.07629601,0.00857050,0.01423488,0.09349766"
T5a,720575940620311791,DNp31,720575940628132745,5,3.068734681442832e-08,0.008570498680070879,T5a -> LPi14 -> Am1 -> LPT23 -> vCal1 -> DNp31,"0.07835821,0.07629601,0.00857050,0.01423488,0.04207395"
T5a,720575940611449749,DNp15,720575940623431351,5,2.346987171752171e-06,0.028450008906532306,T5a -> LPi14 -> Am1 -> LPi15 -> HSE -> DNp15,"0.14835165,0.08139647,0.05724515,0.02845001,0.11934156"
T5a,720575940611449749,DNp15,720575940623431351,5,2.5757263022952775e-06,0.026032521566531797,T5a -> LPi14 -> Am1 -> LPi15 -> HSN -> DNp15,"0.14835165,0.08139647,0.05724515,0.02603252,0.14313535"
T5a,720575940611449749,DNp18,720575940627949589,5,9.461851722717347e-07,0.026032521566531797,T5a -> LPi14 -> Am1 -> LPi15 -> HSN -> DNp18,"0.14835165,0.08139647,0.05724515,0.02603252,0.05258033"
T5a,720575940611449749,DNae002,720575940620380449,5,8.060095911944406e-07,0.026032521566531797,T5a -> LPi14 -> Am1 -> LPi15 -> HSN -> DNae002,"0.14835165,0.08139647,0.05724515,0.02603252,0.04479065"
T5a,720575940611449749,DNae010,720575940630868281,5,7.359218006557936e-07,0.026032521566531797,T5a -> LPi14 -> Am1 -> LPi15 -> HSN -> DNae010,"0.14835165,0.08139647,0.05724515,0.02603252,0.04089581"
T5a,720575940611449749,DNp26,720575940627732361,5,7.72316466544093e-07,0.02147746647326768,T5a -> LPi14 -> Am1 -> LPi15 -> LPT26 -> DNp26,"0.14835165,0.08139647,0.05724515,0.02147747,0.05202064"
T5a,720575940611449749,DNae002,720575940620380449,5,9.030459282732591e-08,0.008837947938962922,T5a -> LPi14 -> Am1 -> DCH -> LPT22 -> DNae002,"0.14835165,0.08139647,0.03200376,0.00883795,0.02643988"
T5a,720575940611449749,DNae002,720575940620380449,5,4.898459202509626e-08,0.007047707558859975,T5a -> LPi14 -> Am1 -> VCH -> LPT22 -> DNae002,"0.14835165,0.08139647,0.02176979,0.00704771,0.02643988"
T5a,720575940611449749,DNp31,720575940632189900,5,1.3773948062243293e-07,0.008570498680070879,T5a -> LPi14 -> Am1 -> LPT23 -> vCal1 -> DNp31,"0.14835165,0.08139647,0.00857050,0.01423488,0.09349766"
T5a,720575940611449749,DNp31,720575940628132745,5,6.198276628009482e-08,0.008570498680070879,T5a -> LPi14 -> Am1 -> LPT23 -> vCal1 -> DNp31,"0.14835165,0.08139647,0.00857050,0.01423488,0.04207395"
T5a,720575940624079624,DNp15,720575940623431351,5,3.3686091049849488e-06,0.028450008906532306,T5a -> LPi14 -> Am1 -> LPi15 -> HSE -> DNp15,"0.21292776,0.08139647,0.05724515,0.02845001,0.11934156"
T5a,720575940624079624,DNp15,720575940623431351,5,3.696916275594066e-06,0.026032521566531797,T5a -> LPi14 -> Am1 -> LPi15 -> HSN -> DNp15,"0.21292776,0.08139647,0.05724515,0.02603252,0.14313535"
T5a,720575940624079624,DNp18,720575940627949589,5,1.3580508767488407e-06,0.026032521566531797,T5a -> LPi14 -> Am1 -> LPi15 -> HSN -> DNp18,"0.21292776,0.08139647,0.05724515,0.02603252,0.05258033"
T5a,720575940624079624,DNae002,720575940620380449,5,1.1568581542675308e-06,0.026032521566531797,T5a -> LPi14 -> Am1 -> LPi15 -> HSN -> DNae002,"0.21292776,0.08139647,0.05724515,0.02603252,0.04479065"
T5a,720575940624079624,DNae010,720575940630868281,5,1.056261793026876e-06,0.026032521566531797,T5a -> LPi14 -> Am1 -> LPi15 -> HSN -> DNae010,"0.21292776,0.08139647,0.05724515,0.02603252,0.04089581"
T5a,720575940624079624,DNp26,720575940627732361,5,1.1084987222950843e-06,0.02147746647326768,T5a -> LPi14 -> Am1 -> LPi15 -> LPT26 -> DNp26,"0.21292776,0.08139647,0.05724515,0.02147747,0.05202064"
T5a,720575940624079624,DNae002,720575940620380449,5,1.296133516541481e-07,0.008837947938962922,T5a -> LPi14 -> Am1 -> DCH -> LPT22 -> DNae002,"0.21292776,0.08139647,0.03200376,0.00883795,0.02643988"
T5a,720575940624079624,DNae002,720575940620380449,5,7.030713447680341e-08,0.007047707558859975,T5a -> LPi14 -> Am1 -> VCH -> LPT22 -> DNae002,"0.21292776,0.08139647,0.02176979,0.00704771,0.02643988"
T5a,720575940624079624,DNp31,720575940632189900,5,1.9769620990055435e-07,0.008570498680070879,T5a -> LPi14 -> Am1 -> LPT23 -> vCal1 -> DNp31,"0.21292776,0.08139647,0.00857050,0.01423488,0.09349766"
T5a,720575940624079624,DNp31,720575940628132745,5,8.896329445524946e-08,0.008570498680070879,T5a -> LPi14 -> Am1 -> LPT23 -> vCal1 -> DNp31,"0.21292776,0.08139647,0.00857050,0.01423488,0.04207395"
T5a,720575940621033837,DNae002,720575940620380449,5,1.6425189578175233e-07,0.007047707558859975,T5a -> LPi14 -> H2 -> VCH -> LPT22 -> DNae002,"0.12313433,0.07330021,0.09766044,0.00704771,0.02643988"
T5a,720575940621033837,DNae002,720575940620380449,5,1.7609708198119695e-07,0.008837947938962922,T5a -> LPi14 -> H2 -> DCH -> LPT22 -> DNae002,"0.12313433,0.07330021,0.08349431,0.00883795,0.02643988"
T5a,720575940621033837,DNb03,720575940611016910,3,0.00038358079097015847,0.04249839021249195,T5a -> LPi14 -> H2 -> DNb03,"0.12313433,0.07330021,0.04249839"
T5a,720575940621033837,DNb03,720575940627997050,3,0.00037583168408187245,0.04163983687486585,T5a -> LPi14 -> H2 -> DNb03,"0.12313433,0.07330021,0.04163984"
T5a,720575940621033837,DNp15,720575940623431351,3,0.00033514887291837074,0.037132431852328826,T5a -> LPi14 -> H2 -> DNp15,"0.12313433,0.07330021,0.03713243"
T5a,720575940621033837,DNp15,720575940616293855,5,3.6751802277420926e-07,0.024039493453530802,T5a -> LPi14 -> H2 -> CB0268 -> PS234 -> DNp15,"0.12313433,0.07330021,0.02403949,0.02590674,0.06538171"
T5a,720575940621033837,DNa16,720575940632962786,5,2.443038879712951e-07,0.024039493453530802,T5a -> LPi14 -> H2 -> CB0268 -> PS234 -> DNa16,"0.12313433,0.07330021,0.02403949,0.02590674,0.04346183"
T5a,720575940621033837,DNg41,720575940622037926,3,0.00019372767220715074,0.021463833440652502,T5a -> LPi14 -> H2 -> DNg41,"0.12313433,0.07330021,0.02146383"
T5a,720575940621033837,DNa02,720575940629327659,5,6.128599519846199e-07,0.03593140078070007,T5a -> LPi14 -> Am1 -> LPi15 -> HSS -> DNa02,"0.12313433,0.06622201,0.05190589,0.03593140,0.04029851"
T5a,720575940621033837,DNp18,720575940618440000,5,4.312718180632511e-07,0.028358208955223882,T5a -> LPi14 -> Am1 -> LPi15 -> HSS -> DNp18,"0.12313433,0.06622201,0.05190589,0.03593140,0.02835821"
T5a,720575940618805627,DNa02,720575940629327659,5,1.3924284223781237e-06,0.03593140078070007,T5a -> LPi14 -> Am1 -> LPi15 -> HSS -> DNa02,"0.23300971,0.07950952,0.05190589,0.03593140,0.04029851"
T5a,720575940618805627,DNp18,720575940618440000,5,9.798570379697907e-07,0.028358208955223882,T5a -> LPi14 -> Am1 -> LPi15 -> HSS -> DNp18,"0.23300971,0.07950952,0.05190589,0.03593140,0.02835821"
T5a,720575940618805627,DNg41,720575940636329579,5,9.5407132644427e-07,0.027611940298507463,T5a -> LPi14 -> Am1 -> LPi15 -> HSS -> DNg41,"0.23300971,0.07950952,0.05190589,0.03593140,0.02761194"
T5a,720575940618805627,DNp15,720575940616293855,5,2.4951033910543543e-06,0.028956293594419914,T5a -> LPi14 -> Am1 -> LPi15 -> HSE -> DNp15,"0.23300971,0.07950952,0.05190589,0.02895629,0.08960573"
T5a,720575940618805627,DNp15,720575940616293855,5,3.275309297713046e-06,0.020189415754783387,T5a -> LPi14 -> Am1 -> LPi15 -> HSN -> DNp15,"0.23300971,0.07950952,0.05190589,0.02018942,0.16870144"
T5a,720575940618805627,DNa02,720575940629327659,5,6.248945370636732e-07,0.020189415754783387,T5a -> LPi14 -> Am1 -> LPi15 -> HSN -> DNa02,"0.23300971,0.07950952,0.05190589,0.02018942,0.03218646"
T5a,720575940618805627,DNp26,720575940619432261,5,1.3899377867138653e-06,0.01711780892045818,T5a -> LPi14 -> Am1 -> LPi15 -> LPT26 -> DNp26,"0.23300971,0.07950952,0.05190589,0.01711781,0.08443790"
T5a,720575940618805627,DNae002,720575940627139530,5,1.0831730855725036e-07,0.009160420925126807,T5a -> LPi14 -> Am1 -> VCH -> LPT22 -> DNae002,"0.23300971,0.07950952,0.02469037,0.00916042,0.02585007"
T5a,720575940618805627,DNb03,720575940627997050,5,9.63210003403729e-08,0.005375123022181846,T5a -> LPi14 -> Am1 -> VCH -> Nod5 -> DNb03,"0.23300971,0.07950952,0.02469037,0.00537512,0.03917526"
T5a,720575940618805627,DNb03,720575940611016910,5,8.744932925639119e-08,0.005375123022181846,T5a -> LPi14 -> Am1 -> VCH -> Nod5 -> DNb03,"0.23300971,0.07950952,0.02469037,0.00537512,0.03556701"
T5a,720575940612786581,DNae002,720575940620380449,5,9.828917272298799e-08,0.007047707558859975,T5a -> LPi14 -> H2 -> VCH -> LPT22 -> DNae002,"0.07368421,0.07330021,0.09766044,0.00704771,0.02643988"
T5a,720575940612786581,DNae002,720575940620380449,5,1.0537739259863652e-07,0.008837947938962922,T5a -> LPi14 -> H2 -> DCH -> LPT22 -> DNae002,"0.07368421,0.07330021,0.08349431,0.00883795,0.02643988"
T5a,720575940612786581,DNb03,720575940611016910,3,0.00022953670298565145,0.04249839021249195,T5a -> LPi14 -> H2 -> DNb03,"0.07368421,0.07330021,0.04249839"
T5a,720575940612786581,DNb03,720575940627997050,3,0.0002248995978748302,0.04163983687486585,T5a -> LPi14 -> H2 -> DNb03,"0.07368421,0.07330021,0.04163984"
T5a,720575940612786581,DNp15,720575940623431351,3,0.0002005547960430187,0.037132431852328826,T5a -> LPi14 -> H2 -> DNp15,"0.07368421,0.07330021,0.03713243"
T5a,720575940612786581,DNp15,720575940616293855,5,2.1992466051815524e-07,0.024039493453530802,T5a -> LPi14 -> H2 -> CB0268 -> PS234 -> DNp15,"0.07368421,0.07330021,0.02403949,0.02590674,0.06538171"
T5a,720575940612786581,DNa16,720575940632962786,5,1.4619269340802224e-07,0.024039493453530802,T5a -> LPi14 -> H2 -> CB0268 -> PS234 -> DNa16,"0.07368421,0.07330021,0.02403949,0.02590674,0.04346183"
T5a,720575940612786581,DNg41,720575940622037926,3,0.00011592762777053104,0.021463833440652502,T5a -> LPi14 -> H2 -> DNg41,"0.07368421,0.07330021,0.02146383"
T5a,720575940612786581,DNa02,720575940629327659,5,3.667385231014823e-07,0.03593140078070007,T5a -> LPi14 -> Am1 -> LPi15 -> HSS -> DNa02,"0.07368421,0.06622201,0.05190589,0.03593140,0.04029851"
T5a,720575940612786581,DNp18,720575940618440000,5,2.580752569973394e-07,0.028358208955223882,T5a -> LPi14 -> Am1 -> LPi15 -> HSS -> DNp18,"0.07368421,0.06622201,0.05190589,0.03593140,0.02835821"
T5a,720575940622479692,DNa02,720575940629327659,5,1.6774283918707221e-06,0.03593140078070007,T5a -> LPi14 -> Am1 -> LPi15 -> HSS -> DNa02,"0.28070175,0.07950952,0.05190589,0.03593140,0.04029851"
T5a,720575940622479692,DNp18,720575940618440000,5,1.180412572057175e-06,0.028358208955223882,T5a -> LPi14 -> Am1 -> LPi15 -> HSS -> DNp18,"0.28070175,0.07950952,0.05190589,0.03593140,0.02835821"
T5a,720575940622479692,DNg41,720575940636329579,5,1.149349083318828e-06,0.027611940298507463,T5a -> LPi14 -> Am1 -> LPi15 -> HSS -> DNg41,"0.28070175,0.07950952,0.05190589,0.03593140,0.02761194"
T5a,720575940622479692,DNp15,720575940616293855,5,3.005797067585947e-06,0.028956293594419914,T5a -> LPi14 -> Am1 -> LPi15 -> HSE -> DNp15,"0.28070175,0.07950952,0.05190589,0.02895629,0.08960573"
T5a,720575940622479692,DNp15,720575940616293855,5,3.945694241689401e-06,0.020189415754783387,T5a -> LPi14 -> Am1 -> LPi15 -> HSN -> DNp15,"0.28070175,0.07950952,0.05190589,0.02018942,0.16870144"
T5a,720575940622479692,DNa02,720575940629327659,5,7.527969276907409e-07,0.020189415754783387,T5a -> LPi14 -> Am1 -> LPi15 -> HSN -> DNa02,"0.28070175,0.07950952,0.05190589,0.02018942,0.03218646"
T5a,720575940622479692,DNp26,720575940619432261,5,1.6744279769769372e-06,0.01711780892045818,T5a -> LPi14 -> Am1 -> LPi15 -> LPT26 -> DNp26,"0.28070175,0.07950952,0.05190589,0.01711781,0.08443790"
T5a,720575940622479692,DNae002,720575940627139530,5,1.304875179110735e-07,0.009160420925126807,T5a -> LPi14 -> Am1 -> VCH -> LPT22 -> DNae002,"0.28070175,0.07950952,0.02469037,0.00916042,0.02585007"
T5a,720575940622479692,DNb03,720575940627997050,5,1.1603582497144338e-07,0.005375123022181846,T5a -> LPi14 -> Am1 -> VCH -> Nod5 -> DNb03,"0.28070175,0.07950952,0.02469037,0.00537512,0.03917526"
T5a,720575940622479692,DNb03,720575940611016910,5,1.0534831477670516e-07,0.005375123022181846,T5a -> LPi14 -> Am1 -> VCH -> Nod5 -> DNb03,"0.28070175,0.07950952,0.02469037,0.00537512,0.03556701"
T5a,720575940626592284,DNa02,720575940629327659,5,8.639766717165464e-07,0.03593140078070007,T5a -> LPi14 -> Am1 -> LPi15 -> HSS -> DNa02,"0.14457831,0.07950952,0.05190589,0.03593140,0.04029851"
T5a,720575940626592284,DNp18,720575940618440000,5,6.079835838005327e-07,0.028358208955223882,T5a -> LPi14 -> Am1 -> LPi15 -> HSS -> DNp18,"0.14457831,0.07950952,0.05190589,0.03593140,0.02835821"
T5a,720575940626592284,DNg41,720575940636329579,5,5.919840158057819e-07,0.027611940298507463,T5a -> LPi14 -> Am1 -> LPi15 -> HSS -> DNg41,"0.14457831,0.07950952,0.05190589,0.03593140,0.02761194"
T5a,720575940626592284,DNp15,720575940616293855,5,1.5481665619192675e-06,0.028956293594419914,T5a -> LPi14 -> Am1 -> LPi15 -> HSE -> DNp15,"0.14457831,0.07950952,0.05190589,0.02895629,0.08960573"
T5a,720575940626592284,DNp15,720575940616293855,5,2.032270226894239e-06,0.020189415754783387,T5a -> LPi14 -> Am1 -> LPi15 -> HSN -> DNp15,"0.14457831,0.07950952,0.05190589,0.02018942,0.16870144"
T5a,720575940626592284,DNa02,720575940629327659,5,3.877357669732429e-07,0.020189415754783387,T5a -> LPi14 -> Am1 -> LPi15 -> HSN -> DNa02,"0.14457831,0.07950952,0.05190589,0.02018942,0.03218646"
T5a,720575940626592284,DNp26,720575940619432261,5,8.624312772983621e-07,0.01711780892045818,T5a -> LPi14 -> Am1 -> LPi15 -> LPT26 -> DNp26,"0.14457831,0.07950952,0.05190589,0.01711781,0.08443790"
T5a,720575940626592284,DNae002,720575940627139530,5,6.720893241805292e-08,0.009160420925126807,T5a -> LPi14 -> Am1 -> VCH -> LPT22 -> DNae002,"0.14457831,0.07950952,0.02469037,0.00916042,0.02585007"
T5a,720575940626592284,DNb03,720575940627997050,5,5.976543997023137e-08,0.005375123022181846,T5a -> LPi14 -> Am1 -> VCH -> Nod5 -> DNb03,"0.14457831,0.07950952,0.02469037,0.00537512,0.03917526"
T5a,720575940626592284,DNb03,720575940611016910,5,5.426072839402585e-08,0.005375123022181846,T5a -> LPi14 -> Am1 -> VCH -> Nod5 -> DNb03,"0.14457831,0.07950952,0.02469037,0.00537512,0.03556701"
T5a,720575940610730082,DNp15,720575940623431351,5,3.2864477362224613e-06,0.028450008906532306,T5a -> LPi14 -> Am1 -> LPi15 -> HSE -> DNp15,"0.22162162,0.07629601,0.05724515,0.02845001,0.11934156"
T5a,720575940610730082,DNp15,720575940623431351,5,3.606747398191924e-06,0.026032521566531797,T5a -> LPi14 -> Am1 -> LPi15 -> HSN -> DNp15,"0.22162162,0.07629601,0.05724515,0.02603252,0.14313535"
T5a,720575940610730082,DNp18,720575940627949589,5,1.3249276156623394e-06,0.026032521566531797,T5a -> LPi14 -> Am1 -> LPi15 -> HSN -> DNp18,"0.22162162,0.07629601,0.05724515,0.02603252,0.05258033"
T5a,720575940610730082,DNae002,720575940620380449,5,1.1286420429716225e-06,0.026032521566531797,T5a -> LPi14 -> Am1 -> LPi15 -> HSN -> DNae002,"0.22162162,0.07629601,0.05724515,0.02603252,0.04479065"
T5a,720575940610730082,DNae010,720575940630868281,5,1.030499256626264e-06,0.026032521566531797,T5a -> LPi14 -> Am1 -> LPi15 -> HSN -> DNae010,"0.22162162,0.07629601,0.05724515,0.02603252,0.04089581"
T5a,720575940610730082,DNp26,720575940627732361,5,1.0814621117959745e-06,0.02147746647326768,T5a -> LPi14 -> Am1 -> LPi15 -> LPT26 -> DNp26,"0.22162162,0.07629601,0.05724515,0.02147747,0.05202064"
T5a,720575940610730082,DNae002,720575940620380449,5,1.2645204381167996e-07,0.008837947938962922,T5a -> LPi14 -> Am1 -> DCH -> LPT22 -> DNae002,"0.22162162,0.07629601,0.03200376,0.00883795,0.02643988"
T5a,720575940610730082,DNae002,720575940620380449,5,6.859232274817802e-08,0.007047707558859975,T5a -> LPi14 -> Am1 -> VCH -> LPT22 -> DNae002,"0.22162162,0.07629601,0.02176979,0.00704771,0.02643988"
T5a,720575940610730082,DNp31,720575940632189900,5,1.9287434108218983e-07,0.008570498680070879,T5a -> LPi14 -> Am1 -> LPT23 -> vCal1 -> DNp31,"0.22162162,0.07629601,0.00857050,0.01423488,0.09349766"
T5a,720575940610730082,DNp31,720575940628132745,5,8.679345348698542e-08,0.008570498680070879,T5a -> LPi14 -> Am1 -> LPT23 -> vCal1 -> DNp31,"0.22162162,0.07629601,0.00857050,0.01423488,0.04207395"
T5a,720575940643614408,DNp15,720575940623431351,5,2.1184419205615163e-06,0.028450008906532306,T5a -> LPi14 -> Am1 -> LPi15 -> HSE -> DNp15,"0.14285714,0.07629601,0.05724515,0.02845001,0.11934156"
T5a,720575940643614408,DNp15,720575940623431351,5,2.324906859461693e-06,0.026032521566531797,T5a -> LPi14 -> Am1 -> LPi15 -> HSN -> DNp15,"0.14285714,0.07629601,0.05724515,0.02603252,0.14313535"
T5a,720575940643614408,DNp18,720575940627949589,5,8.540474177614383e-07,0.026032521566531797,T5a -> LPi14 -> Am1 -> LPi15 -> HSN -> DNp18,"0.14285714,0.07629601,0.05724515,0.02603252,0.05258033"
T5a,720575940643614408,DNae002,720575940620380449,5,7.275218743893734e-07,0.026032521566531797,T5a -> LPi14 -> Am1 -> LPi15 -> HSN -> DNae002,"0.14285714,0.07629601,0.05724515,0.02603252,0.04479065"
T5a,720575940643614408,DNae010,720575940630868281,5,6.642591027033408e-07,0.026032521566531797,T5a -> LPi14 -> Am1 -> LPi15 -> HSN -> DNae010,"0.14285714,0.07629601,0.05724515,0.02603252,0.04089581"
T5a,720575940643614408,DNp26,720575940627732361,5,6.971097236315514e-07,0.02147746647326768,T5a -> LPi14 -> Am1 -> LPi15 -> LPT26 -> DNp26,"0.14285714,0.07629601,0.05724515,0.02147747,0.05202064"
T5a,720575940643614408,DNae002,720575940620380449,5,8.151089932111775e-08,0.008837947938962922,T5a -> LPi14 -> Am1 -> DCH -> LPT22 -> DNae002,"0.14285714,0.07629601,0.03200376,0.00883795,0.02643988"
T5a,720575940643614408,DNae002,720575940620380449,5,4.42145634439475e-08,0.007047707558859975,T5a -> LPi14 -> Am1 -> VCH -> LPT22 -> DNae002,"0.14285714,0.07629601,0.02176979,0.00704771,0.02643988"
T5a,720575940643614408,DNp31,720575940632189900,5,1.2432666585437323e-07,0.008570498680070879,T5a -> LPi14 -> Am1 -> LPT23 -> vCal1 -> DNp31,"0.14285714,0.07629601,0.00857050,0.01423488,0.09349766"
T5a,720575940643614408,DNp31,720575940628132745,5,5.594699963446796e-08,0.008570498680070879,T5a -> LPi14 -> Am1 -> LPT23 -> vCal1 -> DNp31,"0.14285714,0.07629601,0.00857050,0.01423488,0.04207395"
T5a,720575940624609275,DNp15,720575940623431351,5,2.281398991373941e-06,0.028450008906532306,T5a -> LPi14 -> Am1 -> LPi15 -> HSE -> DNp15,"0.15384615,0.07629601,0.05724515,0.02845001,0.11934156"
T5a,720575940624609275,DNp15,720575940623431351,5,2.5037458486510542e-06,0.026032521566531797,T5a -> LPi14 -> Am1 -> LPi15 -> HSN -> DNp15,"0.15384615,0.07629601,0.05724515,0.02603252,0.14313535"
T5a,720575940624609275,DNp18,720575940627949589,5,9.197433729738568e-07,0.026032521566531797,T5a -> LPi14 -> Am1 -> LPi15 -> HSN -> DNp18,"0.15384615,0.07629601,0.05724515,0.02603252,0.05258033"
T5a,720575940624609275,DNae002,720575940620380449,5,7.834850954962484e-07,0.026032521566531797,T5a -> LPi14 -> Am1 -> LPi15 -> HSN -> DNae002,"0.15384615,0.07629601,0.05724515,0.02603252,0.04479065"
T5a,720575940624609275,DNae010,720575940630868281,5,7.153559567574441e-07,0.026032521566531797,T5a -> LPi14 -> Am1 -> LPi15 -> HSN -> DNae010,"0.15384615,0.07629601,0.05724515,0.02603252,0.04089581"
T5a,720575940624609275,DNp26,720575940627732361,5,7.507335485262862e-07,0.02147746647326768,T5a -> LPi14 -> Am1 -> LPi15 -> LPT26 -> DNp26,"0.15384615,0.07629601,0.05724515,0.02147747,0.05202064"
T5a,720575940624609275,DNae002,720575940620380449,5,8.778096849966525e-08,0.008837947938962922,T5a -> LPi14 -> Am1 -> DCH -> LPT22 -> DNae002,"0.15384615,0.07629601,0.03200376,0.00883795,0.02643988"
T5a,720575940624609275,DNae002,720575940620380449,5,4.7615683708866543e-08,0.007047707558859975,T5a -> LPi14 -> Am1 -> VCH -> LPT22 -> DNae002,"0.15384615,0.07629601,0.02176979,0.00704771,0.02643988"
T5a,720575940624609275,DNp31,720575940632189900,5,1.3389025553547887e-07,0.008570498680070879,T5a -> LPi14 -> Am1 -> LPT23 -> vCal1 -> DNp31,"0.15384615,0.07629601,0.00857050,0.01423488,0.09349766"
T5a,720575940624609275,DNp31,720575940628132745,5,6.025061499096549e-08,0.008570498680070879,T5a -> LPi14 -> Am1 -> LPT23 -> vCal1 -> DNp31,"0.15384615,0.07629601,0.00857050,0.01423488,0.04207395"
T5a,720575940639471950,DNp15,720575940623431351,5,2.5450260248919674e-06,0.028450008906532306,T5a -> LPi14 -> Am1 -> LPi15 -> HSE -> DNp15,"0.16086957,0.08139647,0.05724515,0.02845001,0.11934156"
T5a,720575940639471950,DNp15,720575940623431351,5,2.793066170637101e-06,0.026032521566531797,T5a -> LPi14 -> Am1 -> LPi15 -> HSN -> DNp15,"0.16086957,0.08139647,0.05724515,0.02603252,0.14313535"
T5a,720575940639471950,DNp18,720575940627949589,5,1.0260243075809759e-06,0.026032521566531797,T5a -> LPi14 -> Am1 -> LPi15 -> HSN -> DNp18,"0.16086957,0.08139647,0.05724515,0.02603252,0.05258033"
T5a,720575940639471950,DNae002,720575940620380449,5,8.740207064578683e-07,0.026032521566531797,T5a -> LPi14 -> Am1 -> LPi15 -> HSN -> DNae002,"0.16086957,0.08139647,0.05724515,0.02603252,0.04479065"
T5a,720575940639471950,DNae010,720575940630868281,5,7.980189058963145e-07,0.026032521566531797,T5a -> LPi14 -> Am1 -> LPi15 -> HSN -> DNae010,"0.16086957,0.08139647,0.05724515,0.02603252,0.04089581"
T5a,720575940639471950,DNp26,720575940627732361,5,8.374845548643995e-07,0.02147746647326768,T5a -> LPi14 -> Am1 -> LPi15 -> LPT26 -> DNp26,"0.16086957,0.08139647,0.05724515,0.02147747,0.05202064"
T5a,720575940639471950,DNae002,720575940620380449,5,9.792449727845614e-08,0.008837947938962922,T5a -> LPi14 -> Am1 -> DCH -> LPT22 -> DNae002,"0.16086957,0.08139647,0.03200376,0.00883795,0.02643988"
T5a,720575940639471950,DNae002,720575940620380449,5,5.311791347777749e-08,0.007047707558859975,T5a -> LPi14 -> Am1 -> VCH -> LPT22 -> DNae002,"0.16086957,0.08139647,0.02176979,0.00704771,0.02643988"
T5a,720575940639471950,DNp31,720575940632189900,5,1.4936194243340795e-07,0.008570498680070879,T5a -> LPi14 -> Am1 -> LPT23 -> vCal1 -> DNp31,"0.16086957,0.08139647,0.00857050,0.01423488,0.09349766"
T5a,720575940639471950,DNp31,720575940628132745,5,6.721287409503358e-08,0.008570498680070879,T5a -> LPi14 -> Am1 -> LPT23 -> vCal1 -> DNp31,"0.16086957,0.08139647,0.00857050,0.01423488,0.04207395"
T5a,720575940618040347,DNa02,720575940629327659,5,1.4451374503494088e-06,0.03593140078070007,T5a -> LPi14 -> Am1 -> LPi15 -> HSS -> DNa02,"0.24183007,0.07950952,0.05190589,0.03593140,0.04029851"
T5a,720575940618040347,DNp18,720575940618440000,5,1.0169485761718062e-06,0.028358208955223882,T5a -> LPi14 -> Am1 -> LPi15 -> HSS -> DNp18,"0.24183007,0.07950952,0.05190589,0.03593140,0.02835821"
T5a,720575940618040347,DNg41,720575940636329579,5,9.90186771535706e-07,0.027611940298507463,T5a -> LPi14 -> Am1 -> LPi15 -> HSS -> DNg41,"0.24183007,0.07950952,0.05190589,0.03593140,0.02761194"
T5a,720575940618040347,DNp15,720575940616293855,5,2.589553110922697e-06,0.028956293594419914,T5a -> LPi14 -> Am1 -> LPi15 -> HSE -> DNp15,"0.24183007,0.07950952,0.05190589,0.02895629,0.08960573"
T5a,720575940618040347,DNp15,720575940616293855,5,3.399292955769177e-06,0.020189415754783387,T5a -> LPi14 -> Am1 -> LPi15 -> HSN -> DNp15,"0.24183007,0.07950952,0.05190589,0.02018942,0.16870144"
T5a,720575940618040347,DNa02,720575940629327659,5,6.485493139296455e-07,0.020189415754783387,T5a -> LPi14 -> Am1 -> LPi15 -> HSN -> DNa02,"0.24183007,0.07950952,0.05190589,0.02018942,0.03218646"
T5a,720575940618040347,DNp26,720575940619432261,5,1.4425525340867484e-06,0.01711780892045818,T5a -> LPi14 -> Am1 -> LPi15 -> LPT26 -> DNp26,"0.24183007,0.07950952,0.05190589,0.01711781,0.08443790"
T5a,720575940618040347,DNae002,720575940627139530,5,1.1241755525917241e-07,0.009160420925126807,T5a -> LPi14 -> Am1 -> VCH -> LPT22 -> DNae002,"0.24183007,0.07950952,0.02469037,0.00916042,0.02585007"
T5a,720575940618040347,DNb03,720575940627997050,5,9.996713842515282e-08,0.005375123022181846,T5a -> LPi14 -> Am1 -> VCH -> Nod5 -> DNb03,"0.24183007,0.07950952,0.02469037,0.00537512,0.03917526"
T5a,720575940618040347,DNb03,720575940611016910,5,9.075963883336242e-08,0.005375123022181846,T5a -> LPi14 -> Am1 -> VCH -> Nod5 -> DNb03,"0.24183007,0.07950952,0.02469037,0.00537512,0.03556701"
T5a,720575940640545243,DNp15,720575940623431351,5,3.398333914234099e-06,0.028450008906532306,T5a -> LPi14 -> Am1 -> LPi15 -> HSE -> DNp15,"0.22916667,0.07629601,0.05724515,0.02845001,0.11934156"
T5a,720575940640545243,DNp15,720575940623431351,5,3.729538087053132e-06,0.026032521566531797,T5a -> LPi14 -> Am1 -> LPi15 -> HSN -> DNp15,"0.22916667,0.07629601,0.05724515,0.02603252,0.14313535"
T5a,720575940640545243,DNp18,720575940627949589,5,1.3700343993256405e-06,0.026032521566531797,T5a -> LPi14 -> Am1 -> LPi15 -> HSN -> DNp18,"0.22916667,0.07629601,0.05724515,0.02603252,0.05258033"
T5a,720575940640545243,DNae002,720575940620380449,5,1.1670663401662862e-06,0.026032521566531797,T5a -> LPi14 -> Am1 -> LPi15 -> HSN -> DNae002,"0.22916667,0.07629601,0.05724515,0.02603252,0.04479065"
T5a,720575940640545243,DNae010,720575940630868281,5,1.0655823105866093e-06,0.026032521566531797,T5a -> LPi14 -> Am1 -> LPi15 -> HSN -> DNae010,"0.22916667,0.07629601,0.05724515,0.02603252,0.04089581"
T5a,720575940640545243,DNp26,720575940627732361,5,1.1182801816589471e-06,0.02147746647326768,T5a -> LPi14 -> Am1 -> LPi15 -> LPT26 -> DNp26,"0.22916667,0.07629601,0.05724515,0.02147747,0.05202064"
T5a,720575940640545243,DNae002,720575940620380449,5,1.3075706766095968e-07,0.008837947938962922,T5a -> LPi14 -> Am1 -> DCH -> LPT22 -> DNae002,"0.22916667,0.07629601,0.03200376,0.00883795,0.02643988"
T5a,720575940640545243,DNae002,720575940620380449,5,7.092752885799912e-08,0.007047707558859975,T5a -> LPi14 -> Am1 -> VCH -> LPT22 -> DNae002,"0.22916667,0.07629601,0.02176979,0.00704771,0.02643988"
T5a,720575940640545243,DNp31,720575940632189900,5,1.9944069314139038e-07,0.008570498680070879,T5a -> LPi14 -> Am1 -> LPT23 -> vCal1 -> DNp31,"0.22916667,0.07629601,0.00857050,0.01423488,0.09349766"
T5a,720575940640545243,DNp31,720575940628132745,5,8.974831191362567e-08,0.008570498680070879,T5a -> LPi14 -> Am1 -> LPT23 -> vCal1 -> DNp31,"0.22916667,0.07629601,0.00857050,0.01423488,0.04207395"
T5a,720575940660318849,DNa02,720575940629327659,5,1.0681450719973888e-06,0.03593140078070007,T5a -> LPi14 -> Am1 -> LPi15 -> HSS -> DNa02,"0.17874396,0.07950952,0.05190589,0.03593140,0.04029851"
T5a,720575940660318849,DNp18,720575940618440000,5,7.516576432574219e-07,0.028358208955223882,T5a -> LPi14 -> Am1 -> LPi15 -> HSS -> DNp18,"0.17874396,0.07950952,0.05190589,0.03593140,0.02835821"
T5a,720575940660318849,DNg41,720575940636329579,5,7.318771789611739e-07,0.027611940298507463,T5a -> LPi14 -> Am1 -> LPi15 -> HSS -> DNg41,"0.17874396,0.07950952,0.05190589,0.03593140,0.02761194"
T5a,720575940660318849,DNp15,720575940616293855,5,1.9140175167689495e-06,0.028956293594419914,T5a -> LPi14 -> Am1 -> LPi15 -> HSE -> DNp15,"0.17874396,0.07950952,0.05190589,0.02895629,0.08960573"
T5a,720575940660318849,DNp15,720575940616293855,5,2.5125208803511307e-06,0.020189415754783387,T5a -> LPi14 -> Am1 -> LPi15 -> HSN -> DNp15,"0.17874396,0.07950952,0.05190589,0.02018942,0.16870144"
T5a,720575940660318849,DNa02,720575940629327659,5,4.793625363827815e-07,0.020189415754783387,T5a -> LPi14 -> Am1 -> LPi15 -> HSN -> DNa02,"0.17874396,0.07950952,0.05190589,0.02018942,0.03218646"
T5a,720575940660318849,DNp26,720575940619432261,5,1.0662344817162922e-06,0.01711780892045818,T5a -> LPi14 -> Am1 -> LPi15 -> LPT26 -> DNp26,"0.17874396,0.07950952,0.05190589,0.01711781,0.08443790"
T5a,720575940660318849,DNae002,720575940627139530,5,8.309123649591005e-08,0.009160420925126807,T5a -> LPi14 -> Am1 -> VCH -> LPT22 -> DNae002,"0.17874396,0.07950952,0.02469037,0.00916042,0.02585007"
T5a,720575940660318849,DNb03,720575940627997050,5,7.388875448815642e-08,0.005375123022181846,T5a -> LPi14 -> Am1 -> VCH -> Nod5 -> DNb03,"0.17874396,0.07950952,0.02469037,0.00537512,0.03917526"
T5a,720575940660318849,DNb03,720575940611016910,5,6.70832113116157e-08,0.005375123022181846,T5a -> LPi14 -> Am1 -> VCH -> Nod5 -> DNb03,"0.17874396,0.07950952,0.02469037,0.00537512,0.03556701"
T5a,720575940627834088,DNp15,720575940623431351,5,4.07800069708092e-06,0.028450008906532306,T5a -> LPi14 -> Am1 -> LPi15 -> HSE -> DNp15,"0.27500000,0.07629601,0.05724515,0.02845001,0.11934156"
T5a,720575940627834088,DNp15,720575940623431351,5,4.47544570446376e-06,0.026032521566531797,T5a -> LPi14 -> Am1 -> LPi15 -> HSN -> DNp15,"0.27500000,0.07629601,0.05724515,0.02603252,0.14313535"
T5a,720575940627834088,DNp18,720575940627949589,5,1.6440412791907692e-06,0.026032521566531797,T5a -> LPi14 -> Am1 -> LPi15 -> HSN -> DNp18,"0.27500000,0.07629601,0.05724515,0.02603252,0.05258033"
T5a,720575940627834088,DNae002,720575940620380449,5,1.4004796081995441e-06,0.026032521566531797,T5a -> LPi14 -> Am1 -> LPi15 -> HSN -> DNae002,"0.27500000,0.07629601,0.05724515,0.02603252,0.04479065"
T5a,720575940627834088,DNae010,720575940630868281,5,1.2786987727039315e-06,0.026032521566531797,T5a -> LPi14 -> Am1 -> LPi15 -> HSN -> DNae010,"0.27500000,0.07629601,0.05724515,0.02603252,0.04089581"
T5a,720575940627834088,DNp26,720575940627732361,5,1.3419362179907367e-06,0.02147746647326768,T5a -> LPi14 -> Am1 -> LPi15 -> LPT26 -> DNp26,"0.27500000,0.07629601,0.05724515,0.02147747,0.05202064"
T5a,720575940627834088,DNae002,720575940620380449,5,1.5690848119315164e-07,0.008837947938962922,T5a -> LPi14 -> Am1 -> DCH -> LPT22 -> DNae002,"0.27500000,0.07629601,0.03200376,0.00883795,0.02643988"
T5a,720575940627834088,DNae002,720575940620380449,5,8.511303462959895e-08,0.007047707558859975,T5a -> LPi14 -> Am1 -> VCH -> LPT22 -> DNae002,"0.27500000,0.07629601,0.02176979,0.00704771,0.02643988"
T5a,720575940627834088,DNp31,720575940632189900,5,2.393288317696685e-07,0.008570498680070879,T5a -> LPi14 -> Am1 -> LPT23 -> vCal1 -> DNp31,"0.27500000,0.07629601,0.00857050,0.01423488,0.09349766"
T5a,720575940627834088,DNp31,720575940628132745,5,1.0769797429635082e-07,0.008570498680070879,T5a -> LPi14 -> Am1 -> LPT23 -> vCal1 -> DNp31,"0.27500000,0.07629601,0.00857050,0.01423488,0.04207395"
T5a,720575940632651940,DNa02,720575940629327659,5,8.787998008881539e-07,0.03593140078070007,T5a -> LPi14 -> Am1 -> LPi15 -> HSS -> DNa02,"0.14705882,0.07950952,0.05190589,0.03593140,0.04029851"
T5a,720575940632651940,DNp18,720575940618440000,5,6.184146746990713e-07,0.028358208955223882,T5a -> LPi14 -> Am1 -> LPi15 -> HSS -> DNp18,"0.14705882,0.07950952,0.05190589,0.03593140,0.02835821"
T5a,720575940632651940,DNg41,720575940636329579,5,6.021406043122537e-07,0.027611940298507463,T5a -> LPi14 -> Am1 -> LPi15 -> HSS -> DNg41,"0.14705882,0.07950952,0.05190589,0.03593140,0.02761194"
T5a,720575940632651940,DNp15,720575940616293855,5,1.574728243128667e-06,0.028956293594419914,T5a -> LPi14 -> Am1 -> LPi15 -> HSE -> DNp15,"0.14705882,0.07950952,0.05190589,0.02895629,0.08960573"
T5a,720575940632651940,DNp15,720575940616293855,5,2.067137608238013e-06,0.020189415754783387,T5a -> LPi14 -> Am1 -> LPi15 -> HSN -> DNp15,"0.14705882,0.07950952,0.05190589,0.02018942,0.16870144"
T5a,720575940632651940,DNa02,720575940629327659,5,3.943880963085682e-07,0.020189415754783387,T5a -> LPi14 -> Am1 -> LPi15 -> HSN -> DNa02,"0.14705882,0.07950952,0.05190589,0.02018942,0.03218646"
T5a,720575940632651940,DNp26,720575940619432261,5,8.772278923500497e-07,0.01711780892045818,T5a -> LPi14 -> Am1 -> LPi15 -> LPT26 -> DNp26,"0.14705882,0.07950952,0.05190589,0.01711781,0.08443790"
T5a,720575940632651940,DNae002,720575940627139530,5,6.836202684679403e-08,0.009160420925126807,T5a -> LPi14 -> Am1 -> VCH -> LPT22 -> DNae002,"0.14705882,0.07950952,0.02469037,0.00916042,0.02585007"
T5a,720575940632651940,DNb03,720575940627997050,5,6.079082742070103e-08,0.005375123022181846,T5a -> LPi14 -> Am1 -> VCH -> Nod5 -> DNb03,"0.14705882,0.07950952,0.02469037,0.00537512,0.03917526"
T5a,720575940632651940,DNb03,720575940611016910,5,5.51916722635312e-08,0.005375123022181846,T5a -> LPi14 -> Am1 -> VCH -> Nod5 -> DNb03,"0.14705882,0.07950952,0.02469037,0.00537512,0.03556701"
T5a,720575940626978137,DNp15,720575940623431351,5,2.02583243769544e-06,0.028450008906532306,T5a -> LPi14 -> Am1 -> LPi15 -> HSE -> DNp15,"0.13661202,0.07629601,0.05724515,0.02845001,0.11934156"
T5a,720575940626978137,DNp15,720575940623431351,5,2.2232715869169204e-06,0.026032521566531797,T5a -> LPi14 -> Am1 -> LPi15 -> HSN -> DNp15,"0.13661202,0.07629601,0.05724515,0.02603252,0.14313535"
T5a,720575940626978137,DNp18,720575940627949589,5,8.167120115205014e-07,0.026032521566531797,T5a -> LPi14 -> Am1 -> LPi15 -> HSN -> DNp18,"0.13661202,0.07629601,0.05724515,0.02603252,0.05258033"
T5a,720575940626978137,DNae002,720575940620380449,5,6.957176394433901e-07,0.026032521566531797,T5a -> LPi14 -> Am1 -> LPi15 -> HSN -> DNae002,"0.13661202,0.07629601,0.05724515,0.02603252,0.04479065"
T5a,720575940626978137,DNae010,720575940630868281,5,6.352204534048345e-07,0.026032521566531797,T5a -> LPi14 -> Am1 -> LPi15 -> HSN -> DNae010,"0.13661202,0.07629601,0.05724515,0.02603252,0.04089581"
T5a,720575940626978137,DNp26,720575940627732361,5,6.666349816148717e-07,0.02147746647326768,T5a -> LPi14 -> Am1 -> LPi15 -> LPT26 -> DNp26,"0.13661202,0.07629601,0.05724515,0.02147747,0.05202064"
T5a,720575940626978137,DNae002,720575940620380449,5,7.794758131800877e-08,0.008837947938962922,T5a -> LPi14 -> Am1 -> DCH -> LPT22 -> DNae002,"0.13661202,0.07629601,0.03200376,0.00883795,0.02643988"
T5a,720575940626978137,DNae002,720575940620380449,5,4.2281686353501716e-08,0.007047707558859975,T5a -> LPi14 -> Am1 -> VCH -> LPT22 -> DNae002,"0.13661202,0.07629601,0.02176979,0.00704771,0.02643988"
T5a,720575940626978137,DNp31,720575940632189900,5,1.1889162035254275e-07,0.008570498680070879,T5a -> LPi14 -> Am1 -> LPT23 -> vCal1 -> DNp31,"0.13661202,0.07629601,0.00857050,0.01423488,0.09349766"
T5a,720575940626978137,DNp31,720575940628132745,5,5.3501229158644236e-08,0.008570498680070879,T5a -> LPi14 -> Am1 -> LPT23 -> vCal1 -> DNp31,"0.13661202,0.07629601,0.00857050,0.01423488,0.04207395"
T5a,720575940641346805,DNae002,720575940620380449,5,3.212593005231545e-07,0.007047707558859975,T5a -> LPi14 -> H2 -> VCH -> LPT22 -> DNae002,"0.24083770,0.07330021,0.09766044,0.00704771,0.02643988"
T5a,720575940641346805,DNae002,720575940620380449,5,3.444272293612877e-07,0.008837947938962922,T5a -> LPi14 -> H2 -> DCH -> LPT22 -> DNae002,"0.24083770,0.07330021,0.08349431,0.00883795,0.02643988"
T5a,720575940641346805,DNb03,720575940611016910,3,0.0007502433747548966,0.04249839021249195,T5a -> LPi14 -> H2 -> DNb03,"0.24083770,0.07330021,0.04249839"
T5a,720575940641346805,DNb03,720575940627997050,3,0.0007350869429416665,0.04163983687486585,T5a -> LPi14 -> H2 -> DNb03,"0.24083770,0.07330021,0.04163984"
T5a,720575940641346805,DNp15,720575940623431351,3,0.0006555156759222077,0.037132431852328826,T5a -> LPi14 -> H2 -> DNp15,"0.24083770,0.07330021,0.03713243"
T5a,720575940641346805,DNp15,720575940616293855,5,7.188263025163338e-07,0.024039493453530802,T5a -> LPi14 -> H2 -> CB0268 -> PS234 -> DNp15,"0.24083770,0.07330021,0.02403949,0.02590674,0.06538171"
T5a,720575940641346805,DNa16,720575940632962786,5,4.77832513233401e-07,0.024039493453530802,T5a -> LPi14 -> H2 -> CB0268 -> PS234 -> DNa16,"0.24083770,0.07330021,0.02403949,0.02590674,0.04346183"
T5a,720575940641346805,DNg41,720575940622037926,3,0.00037891079533075594,0.021463833440652502,T5a -> LPi14 -> H2 -> DNg41,"0.24083770,0.07330021,0.02146383"
T5a,720575940641346805,DNa02,720575940629327659,5,1.1986891144005068e-06,0.03593140078070007,T5a -> LPi14 -> Am1 -> LPi15 -> HSS -> DNa02,"0.24083770,0.06622201,0.05190589,0.03593140,0.04029851"
T5a,720575940641346805,DNp18,720575940618440000,5,8.435219693929493e-07,0.028358208955223882,T5a -> LPi14 -> Am1 -> LPi15 -> HSS -> DNp18,"0.24083770,0.06622201,0.05190589,0.03593140,0.02835821"
T5a,720575940616024866,DNp15,720575940623431351,5,2.3522010290372702e-06,0.028450008906532306,T5a -> LPi14 -> Am1 -> LPi15 -> HSE -> DNp15,"0.15862069,0.07629601,0.05724515,0.02845001,0.11934156"
T5a,720575940616024866,DNp15,720575940623431351,5,2.581448306022984e-06,0.026032521566531797,T5a -> LPi14 -> Am1 -> LPi15 -> HSN -> DNp15,"0.15862069,0.07629601,0.05724515,0.02603252,0.14313535"
T5a,720575940616024866,DNp18,720575940627949589,5,9.482871328247696e-07,0.026032521566531797,T5a -> LPi14 -> Am1 -> LPi15 -> HSN -> DNp18,"0.15862069,0.07629601,0.05724515,0.02603252,0.05258033"
T5a,720575940616024866,DNae002,720575940620380449,5,8.078001501840629e-07,0.026032521566531797,T5a -> LPi14 -> Am1 -> LPi15 -> HSN -> DNae002,"0.15862069,0.07629601,0.05724515,0.02603252,0.04479065"
T5a,720575940616024866,DNae010,720575940630868281,5,7.375566588637097e-07,0.026032521566531797,T5a -> LPi14 -> Am1 -> LPi15 -> HSN -> DNae010,"0.15862069,0.07629601,0.05724515,0.02603252,0.04089581"
T5a,720575940616024866,DNp26,720575940627732361,5,7.740321758943434e-07,0.02147746647326768,T5a -> LPi14 -> Am1 -> LPi15 -> LPT26 -> DNp26,"0.15862069,0.07629601,0.05724515,0.02147747,0.05202064"
T5a,720575940616024866,DNae002,720575940620380449,5,9.050520545310314e-08,0.008837947938962922,T5a -> LPi14 -> Am1 -> DCH -> LPT22 -> DNae002,"0.15862069,0.07629601,0.03200376,0.00883795,0.02643988"
T5a,720575940616024866,DNae002,720575940620380449,5,4.9093411823969296e-08,0.007047707558859975,T5a -> LPi14 -> Am1 -> VCH -> LPT22 -> DNae002,"0.15862069,0.07629601,0.02176979,0.00704771,0.02643988"
T5a,720575940616024866,DNp31,720575940632189900,5,1.38045470362442e-07,0.008570498680070879,T5a -> LPi14 -> Am1 -> LPT23 -> vCal1 -> DNp31,"0.15862069,0.07629601,0.00857050,0.01423488,0.09349766"
T5a,720575940616024866,DNp31,720575940628132745,5,6.21204616630989e-08,0.008570498680070879,T5a -> LPi14 -> Am1 -> LPT23 -> vCal1 -> DNp31,"0.15862069,0.07629601,0.00857050,0.01423488,0.04207395"
T5b,720575940617185403,DNp15,720575940623431351,5,2.804971033015506e-07,0.003543919285430152,T5b -> LPi15 -> VCH -> Am1 -> HSN -> DNp15,"0.21105528,0.04056289,0.06459108,0.00354392,0.14313535"
T5b,720575940617185403,DNp18,720575940627949589,5,1.0303975223322268e-07,0.003543919285430152,T5b -> LPi15 -> VCH -> Am1 -> HSN -> DNp18,"0.21105528,0.04056289,0.06459108,0.00354392,0.05258033"
T5b,720575940617185403,DNae002,720575940620380449,5,8.777460375422673e-08,0.003543919285430152,T5b -> LPi15 -> VCH -> Am1 -> HSN -> DNae002,"0.21105528,0.04056289,0.06459108,0.00354392,0.04479065"
T5b,720575940617185403,DNae010,720575940630868281,5,8.014202951472874e-08,0.003543919285430152,T5b -> LPi15 -> VCH -> Am1 -> HSN -> DNae010,"0.21105528,0.04056289,0.06459108,0.00354392,0.04089581"
T5b,720575940617185403,DNae002,720575940620380449,5,8.55779433300108e-08,0.010455390334572491,T5b -> LPi15 -> VCH -> Nod5 -> LPT22 -> DNae002,"0.21105528,0.04056289,0.01045539,0.03616071,0.02643988"
T5b,720575940617185403,DNp26,720575940619432261,5,2.8526855397772103e-07,0.007047707558859975,T5b -> LPi15 -> VCH -> LPT22 -> Nod1 -> DNp26,"0.21105528,0.04056289,0.00704771,0.07696194,0.06143345"
T5b,720575940617185403,DNp26,720575940619432261,5,2.6814294609348206e-07,0.007047707558859975,T5b -> LPi15 -> VCH -> LPT22 -> Nod1 -> DNp26,"0.21105528,0.04056289,0.00704771,0.07662513,0.05799922"
T5b,720575940617185403,DNae002,720575940620380449,4,1.5952636459432465e-06,0.007047707558859975,T5b -> LPi15 -> VCH -> LPT22 -> DNae002,"0.21105528,0.04056289,0.00704771,0.02643988"
T5b,720575940617185403,DNa16,720575940621519130,5,7.019480685095158e-08,0.007047707558859975,T5b -> LPi15 -> VCH -> LPT22 -> PS013 -> DNa16,"0.21105528,0.04056289,0.00704771,0.01010441,0.11513859"
T5b,720575940617185403,DNae002,720575940620380449,5,4.8529743008065295e-08,0.007047707558859975,T5b -> LPi15 -> VCH -> LPT22 -> PS013 -> DNae002,"0.21105528,0.04056289,0.00704771,0.01010441,0.07960199"
T5b,720575940619016408,DNp15,720575940623431351,5,2.51217571177013e-07,0.003543919285430152,T5b -> LPi15 -> VCH -> Am1 -> HSN -> DNp15,"0.18902439,0.04056289,0.06459108,0.00354392,0.14313535"
T5b,720575940619016408,DNp18,720575940627949589,5,9.228400573849458e-08,0.003543919285430152,T5b -> LPi15 -> VCH -> Am1 -> HSN -> DNp18,"0.18902439,0.04056289,0.06459108,0.00354392,0.05258033"
T5b,720575940619016408,DNae002,720575940620380449,5,7.861230118464353e-08,0.003543919285430152,T5b -> LPi15 -> VCH -> Am1 -> HSN -> DNae002,"0.18902439,0.04056289,0.06459108,0.00354392,0.04479065"
T5b,720575940619016408,DNae010,720575940630868281,5,7.1776448907718e-08,0.003543919285430152,T5b -> LPi15 -> VCH -> Am1 -> HSN -> DNae010,"0.18902439,0.04056289,0.06459108,0.00354392,0.04089581"
T5b,720575940619016408,DNae002,720575940620380449,5,7.664493792143389e-08,0.010455390334572491,T5b -> LPi15 -> VCH -> Nod5 -> LPT22 -> DNae002,"0.18902439,0.04056289,0.01045539,0.03616071,0.02643988"
T5b,720575940619016408,DNp26,720575940619432261,5,2.5549095666210236e-07,0.007047707558859975,T5b -> LPi15 -> VCH -> LPT22 -> Nod1 -> DNp26,"0.18902439,0.04056289,0.00704771,0.07696194,0.06143345"
T5b,720575940619016408,DNp26,720575940619432261,5,2.401529957100306e-07,0.007047707558859975,T5b -> LPi15 -> VCH -> LPT22 -> Nod1 -> DNp26,"0.18902439,0.04056289,0.00704771,0.07662513,0.05799922"
T5b,720575940619016408,DNae002,720575940620380449,4,1.4287429488710638e-06,0.007047707558859975,T5b -> LPi15 -> VCH -> LPT22 -> DNae002,"0.18902439,0.04056289,0.00704771,0.02643988"
T5b,720575940619016408,DNa16,720575940621519130,5,6.286756147844373e-08,0.007047707558859975,T5b -> LPi15 -> VCH -> LPT22 -> PS013 -> DNa16,"0.18902439,0.04056289,0.00704771,0.01010441,0.11513859"
T5b,720575940619016408,DNae002,720575940620380449,5,4.346399312089936e-08,0.007047707558859975,T5b -> LPi15 -> VCH -> LPT22 -> PS013 -> DNae002,"0.18902439,0.04056289,0.00704771,0.01010441,0.07960199"
T5b,720575940612354711,DNp15,720575940623431351,5,2.992039033846133e-07,0.003543919285430152,T5b -> LPi15 -> VCH -> Am1 -> HSN -> DNp15,"0.22513089,0.04056289,0.06459108,0.00354392,0.14313535"
T5b,720575940612354711,DNp18,720575940627949589,5,1.0991163797802122e-07,0.003543919285430152,T5b -> LPi15 -> VCH -> Am1 -> HSN -> DNp18,"0.22513089,0.04056289,0.06459108,0.00354392,0.05258033"
T5b,720575940612354711,DNae002,720575940620380449,5,9.362843235164772e-08,0.003543919285430152,T5b -> LPi15 -> VCH -> Am1 -> HSN -> DNae002,"0.22513089,0.04056289,0.06459108,0.00354392,0.04479065"
T5b,720575940612354711,DNae010,720575940630868281,5,8.548682953846095e-08,0.003543919285430152,T5b -> LPi15 -> VCH -> Am1 -> HSN -> DNae010,"0.22513089,0.04056289,0.06459108,0.00354392,0.04089581"
T5b,720575940612354711,DNae002,720575940620380449,5,9.128527313324638e-08,0.010455390334572491,T5b -> LPi15 -> VCH -> Nod5 -> LPT22 -> DNae002,"0.22513089,0.04056289,0.01045539,0.03616071,0.02643988"
T5b,720575940612354711,DNp26,720575940619432261,5,3.042935697316578e-07,0.007047707558859975,T5b -> LPi15 -> VCH -> LPT22 -> Nod1 -> DNp26,"0.22513089,0.04056289,0.00704771,0.07696194,0.06143345"
T5b,720575940612354711,DNp26,720575940619432261,5,2.8602582768909574e-07,0.007047707558859975,T5b -> LPi15 -> VCH -> LPT22 -> Nod1 -> DNp26,"0.22513089,0.04056289,0.00704771,0.07662513,0.05799922"
T5b,720575940612354711,DNae002,720575940620380449,4,1.7016543278903468e-06,0.007047707558859975,T5b -> LPi15 -> VCH -> LPT22 -> DNae002,"0.22513089,0.04056289,0.00704771,0.02643988"
T5b,720575940612354711,DNa16,720575940621519130,5,7.487621069852815e-08,0.007047707558859975,T5b -> LPi15 -> VCH -> LPT22 -> PS013 -> DNa16,"0.22513089,0.04056289,0.00704771,0.01010441,0.11513859"
T5b,720575940612354711,DNae002,720575940620380449,5,5.176626912490835e-08,0.007047707558859975,T5b -> LPi15 -> VCH -> LPT22 -> PS013 -> DNae002,"0.22513089,0.04056289,0.00704771,0.01010441,0.07960199"
T5b,720575940639410254,DNb03,720575940611016910,5,1.0496942846937344e-07,0.003447031945168143,T5b -> LPi15 -> VCH -> Am1 -> H2 -> DNb03,"0.27272727,0.04530620,0.05799076,0.00344703,0.04249839"
T5b,720575940639410254,DNb03,720575940627997050,5,1.0284883395484065e-07,0.003447031945168143,T5b -> LPi15 -> VCH -> Am1 -> H2 -> DNb03,"0.27272727,0.04530620,0.05799076,0.00344703,0.04163984"
T5b,720575940639410254,DNp15,720575940623431351,5,9.171571275354347e-08,0.003447031945168143,T5b -> LPi15 -> VCH -> Am1 -> H2 -> DNp15,"0.27272727,0.04530620,0.05799076,0.00344703,0.03713243"
T5b,720575940639410254,DNg41,720575940622037926,5,5.3014862863319926e-08,0.003447031945168143,T5b -> LPi15 -> VCH -> Am1 -> H2 -> DNg41,"0.27272727,0.04530620,0.05799076,0.00344703,0.02146383"
T5b,720575940639410254,DNg41,720575940636329579,5,1.6210234930457007e-07,0.0034069501783638625,T5b -> LPi15 -> VCH -> Am1 -> LPT04_HST -> DNg41,"0.27272727,0.04530620,0.05799076,0.00340695,0.06640159"
T5b,720575940639410254,DNb03,720575940634163682,5,8.444852927842872e-08,0.0034069501783638625,T5b -> LPi15 -> VCH -> Am1 -> LPT04_HST -> DNb03,"0.27272727,0.04530620,0.05799076,0.00340695,0.03459245"
T5b,720575940639410254,DNp26,720575940627732361,5,2.784458598241327e-07,0.009160420925126807,T5b -> LPi15 -> VCH -> LPT22 -> Nod1 -> DNp26,"0.27272727,0.04530620,0.00916042,0.07695367,0.03196758"
T5b,720575940639410254,DNp26,720575940627732361,5,2.9667493589995374e-07,0.009160420925126807,T5b -> LPi15 -> VCH -> LPT22 -> Nod1 -> DNp26,"0.27272727,0.04530620,0.00916042,0.06939749,0.03776899"
T5b,720575940639410254,DNa02,720575940629327659,5,9.548858217656497e-08,0.009160420925126807,T5b -> LPi15 -> VCH -> LPT22 -> LAL081 -> DNa02,"0.27272727,0.04530620,0.00916042,0.02624776,0.03214086"
T5b,720575940639410254,DNae002,720575940627139530,4,2.925926160316695e-06,0.009160420925126807,T5b -> LPi15 -> VCH -> LPT22 -> DNae002,"0.27272727,0.04530620,0.00916042,0.02585007"
T5b,720575940613014550,DNb03,720575940611016910,5,1.271189408986908e-07,0.003447031945168143,T5b -> LPi15 -> VCH -> Am1 -> H2 -> DNb03,"0.33027523,0.04530620,0.05799076,0.00344703,0.04249839"
T5b,720575940613014550,DNb03,720575940627997050,5,1.2455088148659606e-07,0.003447031945168143,T5b -> LPi15 -> VCH -> Am1 -> H2 -> DNb03,"0.33027523,0.04530620,0.05799076,0.00344703,0.04163984"
T5b,720575940613014550,DNp15,720575940623431351,5,1.1106856957309853e-07,0.003447031945168143,T5b -> LPi15 -> VCH -> Am1 -> H2 -> DNp15,"0.33027523,0.04530620,0.05799076,0.00344703,0.03713243"
T5b,720575940613014550,DNg41,720575940622037926,5,6.42014853023691e-08,0.003447031945168143,T5b -> LPi15 -> VCH -> Am1 -> H2 -> DNg41,"0.33027523,0.04530620,0.05799076,0.00344703,0.02146383"
T5b,720575940613014550,DNg41,720575940636329579,5,1.9630743218535094e-07,0.0034069501783638625,T5b -> LPi15 -> VCH -> Am1 -> LPT04_HST -> DNg41,"0.33027523,0.04530620,0.05799076,0.00340695,0.06640159"
T5b,720575940613014550,DNb03,720575940634163682,5,1.0226794371332654e-07,0.0034069501783638625,T5b -> LPi15 -> VCH -> Am1 -> LPT04_HST -> DNb03,"0.33027523,0.04530620,0.05799076,0.00340695,0.03459245"
T5b,720575940613014550,DNp26,720575940627732361,5,3.372004907961974e-07,0.009160420925126807,T5b -> LPi15 -> VCH -> LPT22 -> Nod1 -> DNp26,"0.33027523,0.04530620,0.00916042,0.07695367,0.03196758"
T5b,720575940613014550,DNp26,720575940627732361,5,3.5927606916324676e-07,0.009160420925126807,T5b -> LPi15 -> VCH -> LPT22 -> Nod1 -> DNp26,"0.33027523,0.04530620,0.00916042,0.06939749,0.03776899"
T5b,720575940613014550,DNa02,720575940629327659,5,1.1563754905785852e-07,0.009160420925126807,T5b -> LPi15 -> VCH -> LPT22 -> LAL081 -> DNa02,"0.33027523,0.04530620,0.00916042,0.02624776,0.03214086"
T5b,720575940613014550,DNae002,720575940627139530,4,3.5433234235027873e-06,0.009160420925126807,T5b -> LPi15 -> VCH -> LPT22 -> DNae002,"0.33027523,0.04530620,0.00916042,0.02585007"
T5b,720575940635292351,DNb03,720575940611016910,5,8.271713734647994e-08,0.003447031945168143,T5b -> LPi15 -> VCH -> Am1 -> H2 -> DNb03,"0.21491228,0.04530620,0.05799076,0.00344703,0.04249839"
T5b,720575940635292351,DNb03,720575940627997050,5,8.104608406675309e-08,0.003447031945168143,T5b -> LPi15 -> VCH -> Am1 -> H2 -> DNb03,"0.21491228,0.04530620,0.05799076,0.00344703,0.04163984"
T5b,720575940635292351,DNp15,720575940623431351,5,7.227305434818703e-08,0.003447031945168143,T5b -> LPi15 -> VCH -> Am1 -> H2 -> DNp15,"0.21491228,0.04530620,0.05799076,0.00344703,0.03713243"
T5b,720575940635292351,DNg41,720575940622037926,5,4.177633199317169e-08,0.003447031945168143,T5b -> LPi15 -> VCH -> Am1 -> H2 -> DNg41,"0.21491228,0.04530620,0.05799076,0.00344703,0.02146383"
T5b,720575940635292351,DNg41,720575940636329579,5,1.277385471859112e-07,0.0034069501783638625,T5b -> LPi15 -> VCH -> Am1 -> LPT04_HST -> DNg41,"0.21491228,0.04530620,0.05799076,0.00340695,0.06640159"
T5b,720575940635292351,DNb03,720575940634163682,5,6.654642877349865e-08,0.0034069501783638625,T5b -> LPi15 -> VCH -> Am1 -> LPT04_HST -> DNb03,"0.21491228,0.04530620,0.05799076,0.00340695,0.03459245"
T5b,720575940635292351,DNp26,720575940627732361,5,2.1941859421813967e-07,0.009160420925126807,T5b -> LPi15 -> VCH -> LPT22 -> Nod1 -> DNp26,"0.21491228,0.04530620,0.00916042,0.07695367,0.03196758"
T5b,720575940635292351,DNp26,720575940627732361,5,2.337833193714548e-07,0.009160420925126807,T5b -> LPi15 -> VCH -> LPT22 -> Nod1 -> DNp26,"0.21491228,0.04530620,0.00916042,0.06939749,0.03776899"
T5b,720575940635292351,DNa02,720575940629327659,5,7.524611958065574e-08,0.009160420925126807,T5b -> LPi15 -> VCH -> LPT22 -> LAL081 -> DNa02,"0.21491228,0.04530620,0.00916042,0.02624776,0.03214086"
T5b,720575940635292351,DNae002,720575940627139530,4,2.3056640356881566e-06,0.009160420925126807,T5b -> LPi15 -> VCH -> LPT22 -> DNae002,"0.21491228,0.04530620,0.00916042,0.02585007"
T5b,720575940619738759,DNb03,720575940611016910,5,9.774930905084512e-08,0.003447031945168143,T5b -> LPi15 -> VCH -> Am1 -> H2 -> DNb03,"0.25396825,0.04530620,0.05799076,0.00344703,0.04249839"
T5b,720575940619738759,DNb03,720575940627997050,5,9.577457553466643e-08,0.003447031945168143,T5b -> LPi15 -> VCH -> Am1 -> H2 -> DNb03,"0.25396825,0.04530620,0.05799076,0.00344703,0.04163984"
T5b,720575940619738759,DNp15,720575940623431351,5,8.540722457472832e-08,0.003447031945168143,T5b -> LPi15 -> VCH -> Am1 -> H2 -> DNp15,"0.25396825,0.04530620,0.05799076,0.00344703,0.03713243"
T5b,720575940619738759,DNg41,720575940622037926,5,4.9368337904467234e-08,0.003447031945168143,T5b -> LPi15 -> VCH -> Am1 -> H2 -> DNg41,"0.25396825,0.04530620,0.05799076,0.00344703,0.02146383"
T5b,720575940619738759,DNg41,720575940636329579,5,1.509524522624568e-07,0.0034069501783638625,T5b -> LPi15 -> VCH -> Am1 -> LPT04_HST -> DNg41,"0.25396825,0.04530620,0.05799076,0.00340695,0.06640159"
T5b,720575940619738759,DNb03,720575940634163682,5,7.863990028044156e-08,0.0034069501783638625,T5b -> LPi15 -> VCH -> Am1 -> LPT04_HST -> DNb03,"0.25396825,0.04530620,0.05799076,0.00340695,0.03459245"
T5b,720575940619738759,DNp26,720575940627732361,5,2.5929349909548865e-07,0.009160420925126807,T5b -> LPi15 -> VCH -> LPT22 -> Nod1 -> DNp26,"0.25396825,0.04530620,0.00916042,0.07695367,0.03196758"
T5b,720575940619738759,DNp26,720575940627732361,5,2.762687233777347e-07,0.009160420925126807,T5b -> LPi15 -> VCH -> LPT22 -> Nod1 -> DNp26,"0.25396825,0.04530620,0.00916042,0.06939749,0.03776899"
T5b,720575940619738759,DNa02,720575940629327659,5,8.892058446071659e-08,0.009160420925126807,T5b -> LPi15 -> VCH -> LPT22 -> LAL081 -> DNa02,"0.25396825,0.04530620,0.00916042,0.02624776,0.03214086"
T5b,720575940619738759,DNae002,720575940627139530,4,2.724671979977452e-06,0.009160420925126807,T5b -> LPi15 -> VCH -> LPT22 -> DNae002,"0.25396825,0.04530620,0.00916042,0.02585007"
T5b,720575940631383594,DNb03,720575940611016910,5,9.53392056740181e-08,0.003447031945168143,T5b -> LPi15 -> VCH -> Am1 -> H2 -> DNb03,"0.24770642,0.04530620,0.05799076,0.00344703,0.04249839"
T5b,720575940631383594,DNb03,720575940627997050,5,9.341316111494702e-08,0.003447031945168143,T5b -> LPi15 -> VCH -> Am1 -> H2 -> DNb03,"0.24770642,0.04530620,0.05799076,0.00344703,0.04163984"
T5b,720575940631383594,DNp15,720575940623431351,5,8.330142717982389e-08,0.003447031945168143,T5b -> LPi15 -> VCH -> Am1 -> H2 -> DNp15,"0.24770642,0.04530620,0.05799076,0.00344703,0.03713243"
T5b,720575940631383594,DNg41,720575940622037926,5,4.815111397677682e-08,0.003447031945168143,T5b -> LPi15 -> VCH -> Am1 -> H2 -> DNg41,"0.24770642,0.04530620,0.05799076,0.00344703,0.02146383"
T5b,720575940631383594,DNg41,720575940636329579,5,1.4723057413901316e-07,0.0034069501783638625,T5b -> LPi15 -> VCH -> Am1 -> LPT04_HST -> DNg41,"0.24770642,0.04530620,0.05799076,0.00340695,0.06640159"
T5b,720575940631383594,DNb03,720575940634163682,5,7.670095778499489e-08,0.0034069501783638625,T5b -> LPi15 -> VCH -> Am1 -> LPT04_HST -> DNb03,"0.24770642,0.04530620,0.05799076,0.00340695,0.03459245"
T5b,720575940631383594,DNp26,720575940627732361,5,2.5290036809714807e-07,0.009160420925126807,T5b -> LPi15 -> VCH -> LPT22 -> Nod1 -> DNp26,"0.24770642,0.04530620,0.00916042,0.07695367,0.03196758"
T5b,720575940631383594,DNp26,720575940627732361,5,2.6945705187243507e-07,0.009160420925126807,T5b -> LPi15 -> VCH -> LPT22 -> Nod1 -> DNp26,"0.24770642,0.04530620,0.00916042,0.06939749,0.03776899"
T5b,720575940631383594,DNa02,720575940629327659,5,8.672816179339388e-08,0.009160420925126807,T5b -> LPi15 -> VCH -> LPT22 -> LAL081 -> DNa02,"0.24770642,0.04530620,0.00916042,0.02624776,0.03214086"
T5b,720575940631383594,DNae002,720575940627139530,4,2.6574925676270905e-06,0.009160420925126807,T5b -> LPi15 -> VCH -> LPT22 -> DNae002,"0.24770642,0.04530620,0.00916042,0.02585007"
T5b,720575940649847161,DNb03,720575940611016910,5,9.12620804218264e-08,0.003447031945168143,T5b -> LPi15 -> VCH -> Am1 -> H2 -> DNb03,"0.23711340,0.04530620,0.05799076,0.00344703,0.04249839"
T5b,720575940649847161,DNb03,720575940627997050,5,8.941840202946627e-08,0.003447031945168143,T5b -> LPi15 -> VCH -> Am1 -> H2 -> DNb03,"0.23711340,0.04530620,0.05799076,0.00344703,0.04163984"
T5b,720575940649847161,DNp15,720575940623431351,5,7.973909046957559e-08,0.003447031945168143,T5b -> LPi15 -> VCH -> Am1 -> H2 -> DNp15,"0.23711340,0.04530620,0.05799076,0.00344703,0.03713243"
T5b,720575940649847161,DNg41,720575940622037926,5,4.6091959809003236e-08,0.003447031945168143,T5b -> LPi15 -> VCH -> Am1 -> H2 -> DNg41,"0.23711340,0.04530620,0.05799076,0.00344703,0.02146383"
T5b,720575940649847161,DNg41,720575940636329579,5,1.409343449280283e-07,0.0034069501783638625,T5b -> LPi15 -> VCH -> Am1 -> LPT04_HST -> DNg41,"0.23711340,0.04530620,0.05799076,0.00340695,0.06640159"
T5b,720575940649847161,DNb03,720575940634163682,5,7.342088627987102e-08,0.0034069501783638625,T5b -> LPi15 -> VCH -> Am1 -> LPT04_HST -> DNb03,"0.23711340,0.04530620,0.05799076,0.00340695,0.03459245"
T5b,720575940649847161,DNp26,720575940627732361,5,2.4208523208077516e-07,0.009160420925126807,T5b -> LPi15 -> VCH -> LPT22 -> Nod1 -> DNp26,"0.23711340,0.04530620,0.00916042,0.07695367,0.03196758"
T5b,720575940649847161,DNp26,720575940627732361,5,2.579338789783103e-07,0.009160420925126807,T5b -> LPi15 -> VCH -> LPT22 -> Nod1 -> DNp26,"0.23711340,0.04530620,0.00916042,0.06939749,0.03776899"
T5b,720575940649847161,DNa02,720575940629327659,5,8.30192827858108e-08,0.009160420925126807,T5b -> LPi15 -> VCH -> LPT22 -> LAL081 -> DNa02,"0.23711340,0.04530620,0.00916042,0.02624776,0.03214086"
T5b,720575940649847161,DNae002,720575940627139530,4,2.543846455533072e-06,0.009160420925126807,T5b -> LPi15 -> VCH -> LPT22 -> DNae002,"0.23711340,0.04530620,0.00916042,0.02585007"
T5b,720575940639991029,DNb03,720575940611016910,5,7.77003750641841e-08,0.003447031945168143,T5b -> LPi15 -> VCH -> Am1 -> H2 -> DNb03,"0.20187793,0.04530620,0.05799076,0.00344703,0.04249839"
T5b,720575940639991029,DNb03,720575940627997050,5,7.613067051743291e-08,0.003447031945168143,T5b -> LPi15 -> VCH -> Am1 -> H2 -> DNb03,"0.20187793,0.04530620,0.05799076,0.00344703,0.04163984"
T5b,720575940639991029,DNp15,720575940623431351,5,6.788972164698914e-08,0.003447031945168143,T5b -> LPi15 -> VCH -> Am1 -> H2 -> DNp15,"0.20187793,0.04530620,0.05799076,0.00344703,0.03713243"
T5b,720575940639991029,DNg41,720575940622037926,5,3.9242613668779855e-08,0.003447031945168143,T5b -> LPi15 -> VCH -> Am1 -> H2 -> DNg41,"0.20187793,0.04530620,0.05799076,0.00344703,0.02146383"
T5b,720575940639991029,DNg41,720575940636329579,5,1.1999125386707613e-07,0.0034069501783638625,T5b -> LPi15 -> VCH -> Am1 -> LPT04_HST -> DNg41,"0.20187793,0.04530620,0.05799076,0.00340695,0.06640159"
T5b,720575940639991029,DNb03,720575940634163682,5,6.251041369123127e-08,0.0034069501783638625,T5b -> LPi15 -> VCH -> Am1 -> LPT04_HST -> DNb03,"0.20187793,0.04530620,0.05799076,0.00340695,0.03459245"
T5b,720575940639991029,DNp26,720575940627732361,5,2.0611094162255835e-07,0.009160420925126807,T5b -> LPi15 -> VCH -> LPT22 -> Nod1 -> DNp26,"0.20187793,0.04530620,0.00916042,0.07695367,0.03196758"
T5b,720575940639991029,DNp26,720575940627732361,5,2.1960445176944934e-07,0.009160420925126807,T5b -> LPi15 -> VCH -> LPT22 -> Nod1 -> DNp26,"0.20187793,0.04530620,0.00916042,0.06939749,0.03776899"
T5b,720575940639991029,DNa02,720575940629327659,5,7.068247162678442e-08,0.009160420925126807,T5b -> LPi15 -> VCH -> LPT22 -> LAL081 -> DNa02,"0.20187793,0.04530620,0.00916042,0.02624776,0.03214086"
T5b,720575940639991029,DNae002,720575940627139530,4,2.1658264066194004e-06,0.009160420925126807,T5b -> LPi15 -> VCH -> LPT22 -> DNae002,"0.20187793,0.04530620,0.00916042,0.02585007"
T5b,720575940622715319,DNp31,720575940632189900,5,2.0159175423122006e-06,0.0060673877906253885,T5b -> LPi09 -> LPT45_dCal1 -> LPi13 -> LPT48_vCal3 -> DNp31,"0.27272727,0.14634146,0.18212824,0.00606739,0.04570858"
T5b,720575940622715319,DNp31,720575940628132745,5,8.274945370189818e-07,0.0060673877906253885,T5b -> LPi09 -> LPT45_dCal1 -> LPi13 -> LPT48_vCal3 -> DNp31,"0.27272727,0.14634146,0.18212824,0.00606739,0.01876248"
T5b,720575940622715319,DNp26,720575940627732361,5,1.087128889821478e-06,0.0055203282357329355,T5b -> LPi09 -> LPT45_dCal1 -> LPi13 -> LPT27 -> DNp26,"0.27272727,0.14634146,0.18212824,0.00552033,0.02709211"
T5b,720575940622715319,DNp26,720575940619432261,5,7.764463162862758e-07,0.010991900704743873,T5b -> LPi09 -> LPT45_dCal1 -> LPi13 -> LPT27 -> DNp26,"0.27272727,0.14634146,0.03581173,0.01099190,0.04942166"
T5b,720575940622715319,DNp31,720575940628132745,5,4.339866809569132e-07,0.00857263069317345,T5b -> LPi09 -> LPT45_dCal1 -> LPi13 -> LPT48_vCal3 -> DNp31,"0.27272727,0.14634146,0.03581173,0.00857263,0.03541938"
T5b,720575940622715319,DNp31,720575940632189900,5,3.381368618498649e-07,0.00857263069317345,T5b -> LPi09 -> LPT45_dCal1 -> LPi13 -> LPT48_vCal3 -> DNp31,"0.27272727,0.14634146,0.03581173,0.00857263,0.02759670"
T5b,720575940622715319,DNp31,720575940628132745,5,1.5401190339149243e-06,0.021145975443383355,T5b -> LPi09 -> LPT45_dCal1 -> PLP248 -> PLP020 -> DNp31,"0.27272727,0.14634146,0.02114598,0.06051250,0.03015682"
T5b,720575940622715319,DNp31,720575940632189900,5,7.889735440836449e-07,0.021145975443383355,T5b -> LPi09 -> LPT45_dCal1 -> PLP248 -> PLP020 -> DNp31,"0.27272727,0.14634146,0.02114598,0.02469898,0.03784946"
T5b,720575940622715319,DNb03,720575940611016910,5,1.8657883553601207e-06,0.015006821282401092,T5b -> LPi09 -> LPT45_dCal1 -> LPi14 -> H2 -> DNb03,"0.27272727,0.14634146,0.01500682,0.07330021,0.04249839"
T5b,720575940622715319,DNb03,720575940627997050,5,1.8280956613124414e-06,0.015006821282401092,T5b -> LPi09 -> LPT45_dCal1 -> LPi14 -> H2 -> DNb03,"0.27272727,0.14634146,0.01500682,0.07330021,0.04163984"
T5b,720575940619068436,DNae002,720575940627139530,5,2.0347060437151154e-07,0.009160420925126807,T5b -> Am1 -> LPi15 -> VCH -> LPT22 -> DNae002,"0.36538462,0.05190589,0.04530620,0.00916042,0.02585007"
T5b,720575940619068436,DNb03,720575940627997050,5,1.8093592255909496e-07,0.005375123022181846,T5b -> Am1 -> LPi15 -> VCH -> Nod5 -> DNb03,"0.36538462,0.05190589,0.04530620,0.00537512,0.03917526"
T5b,720575940619068436,DNb03,720575940611016910,5,1.6427077179707303e-07,0.005375123022181846,T5b -> Am1 -> LPi15 -> VCH -> Nod5 -> DNb03,"0.36538462,0.05190589,0.04530620,0.00537512,0.03556701"
T5b,720575940619068436,DNg41,720575940622037926,5,1.2217592604296055e-06,0.02826379542395693,T5b -> Am1 -> LPi15 -> HSS -> CB0268 -> DNg41,"0.36538462,0.05190589,0.03593140,0.06343284,0.02826380"
T5b,720575940619068436,DNp15,720575940623431351,5,1.1984876554690416e-06,0.02772543741588156,T5b -> Am1 -> LPi15 -> HSS -> CB0268 -> DNp15,"0.36538462,0.05190589,0.03593140,0.06343284,0.02772544"
T5b,720575940619068436,DNa02,720575940629327659,4,2.7461862771404274e-05,0.03593140078070007,T5b -> Am1 -> LPi15 -> HSS -> DNa02,"0.36538462,0.05190589,0.03593140,0.04029851"
T5b,720575940619068436,DNp18,720575940618440000,4,1.9325014542840045e-05,0.028358208955223882,T5b -> Am1 -> LPi15 -> HSS -> DNp18,"0.36538462,0.05190589,0.03593140,0.02835821"
T5b,720575940619068436,DNg41,720575940636329579,4,1.881646152855478e-05,0.027611940298507463,T5b -> Am1 -> LPi15 -> HSS -> DNg41,"0.36538462,0.05190589,0.03593140,0.02761194"
T5b,720575940619068436,DNa16,720575940632962786,5,1.8561711508363464e-06,0.026119402985074626,T5b -> Am1 -> LPi15 -> HSS -> PS013 -> DNa16,"0.36538462,0.05190589,0.03593140,0.02611940,0.10428305"
T5b,720575940619068436,DNa02,720575940629327659,5,1.3854991804457014e-06,0.026119402985074626,T5b -> Am1 -> LPi15 -> HSS -> PS013 -> DNa02,"0.36538462,0.05190589,0.03593140,0.02611940,0.07783985"
T5b,720575940614677702,DNb03,720575940611016910,5,1.456332611196713e-07,0.003447031945168143,T5b -> LPi15 -> VCH -> Am1 -> H2 -> DNb03,"0.37837838,0.04530620,0.05799076,0.00344703,0.04249839"
T5b,720575940614677702,DNb03,720575940627997050,5,1.4269117503644562e-07,0.003447031945168143,T5b -> LPi15 -> VCH -> Am1 -> H2 -> DNb03,"0.37837838,0.04530620,0.05799076,0.00344703,0.04163984"
T5b,720575940614677702,DNp15,720575940623431351,5,1.2724522309951077e-07,0.003447031945168143,T5b -> LPi15 -> VCH -> Am1 -> H2 -> DNp15,"0.37837838,0.04530620,0.05799076,0.00344703,0.03713243"
T5b,720575940614677702,DNg41,720575940622037926,5,7.355215208064207e-08,0.003447031945168143,T5b -> LPi15 -> VCH -> Am1 -> H2 -> DNg41,"0.37837838,0.04530620,0.05799076,0.00344703,0.02146383"
T5b,720575940614677702,DNg41,720575940636329579,5,2.2489875489102518e-07,0.0034069501783638625,T5b -> LPi15 -> VCH -> Am1 -> LPT04_HST -> DNg41,"0.37837838,0.04530620,0.05799076,0.00340695,0.06640159"
T5b,720575940614677702,DNb03,720575940634163682,5,1.1716282440430652e-07,0.0034069501783638625,T5b -> LPi15 -> VCH -> Am1 -> LPT04_HST -> DNb03,"0.37837838,0.04530620,0.05799076,0.00340695,0.03459245"
T5b,720575940614677702,DNp26,720575940627732361,5,3.863122739902381e-07,0.009160420925126807,T5b -> LPi15 -> VCH -> LPT22 -> Nod1 -> DNp26,"0.37837838,0.04530620,0.00916042,0.07695367,0.03196758"
T5b,720575940614677702,DNp26,720575940627732361,5,4.116030642215574e-07,0.009160420925126807,T5b -> LPi15 -> VCH -> LPT22 -> Nod1 -> DNp26,"0.37837838,0.04530620,0.00916042,0.06939749,0.03776899"
T5b,720575940614677702,DNa02,720575940629327659,5,1.3247965455127034e-07,0.009160420925126807,T5b -> LPi15 -> VCH -> LPT22 -> LAL081 -> DNa02,"0.37837838,0.04530620,0.00916042,0.02624776,0.03214086"
T5b,720575940614677702,DNae002,720575940627139530,4,4.05939305125019e-06,0.009160420925126807,T5b -> LPi15 -> VCH -> LPT22 -> DNae002,"0.37837838,0.04530620,0.00916042,0.02585007"
T5b,720575940617586210,DNp15,720575940623431351,5,3.682832018964995e-07,0.003543919285430152,T5b -> LPi15 -> VCH -> Am1 -> HSN -> DNp15,"0.27710843,0.04056289,0.06459108,0.00354392,0.14313535"
T5b,720575940617586210,DNp18,720575940627949589,5,1.3528770681912226e-07,0.003543919285430152,T5b -> LPi15 -> VCH -> Am1 -> HSN -> DNp18,"0.27710843,0.04056289,0.06459108,0.00354392,0.05258033"
T5b,720575940617586210,DNae002,720575940620380449,5,1.152450835866597e-07,0.003543919285430152,T5b -> LPi15 -> VCH -> Am1 -> HSN -> DNae002,"0.27710843,0.04056289,0.06459108,0.00354392,0.04479065"
T5b,720575940617586210,DNae010,720575940630868281,5,1.0522377197042842e-07,0.003543919285430152,T5b -> LPi15 -> VCH -> Am1 -> HSN -> DNae010,"0.27710843,0.04056289,0.06459108,0.00354392,0.04089581"
T5b,720575940617586210,DNae002,720575940620380449,5,1.1236094280592642e-07,0.010455390334572491,T5b -> LPi15 -> VCH -> Nod5 -> LPT22 -> DNae002,"0.27710843,0.04056289,0.01045539,0.03616071,0.02643988"
T5b,720575940617586210,DNp26,720575940619432261,5,3.745479551222115e-07,0.007047707558859975,T5b -> LPi15 -> VCH -> LPT22 -> Nod1 -> DNp26,"0.27710843,0.04056289,0.00704771,0.07696194,0.06143345"
T5b,720575940617586210,DNp26,720575940619432261,5,3.520626116666287e-07,0.007047707558859975,T5b -> LPi15 -> VCH -> LPT22 -> Nod1 -> DNp26,"0.27710843,0.04056289,0.00704771,0.07662513,0.05799922"
T5b,720575940617586210,DNae002,720575940620380449,4,2.09452716795245e-06,0.007047707558859975,T5b -> LPi15 -> VCH -> LPT22 -> DNae002,"0.27710843,0.04056289,0.00704771,0.02643988"
T5b,720575940617586210,DNa16,720575940621519130,5,9.216340532323737e-08,0.007047707558859975,T5b -> LPi15 -> VCH -> LPT22 -> PS013 -> DNa16,"0.27710843,0.04056289,0.00704771,0.01010441,0.11513859"
T5b,720575940617586210,DNae002,720575940620380449,5,6.371790985310238e-08,0.007047707558859975,T5b -> LPi15 -> VCH -> LPT22 -> PS013 -> DNae002,"0.27710843,0.04056289,0.00704771,0.01010441,0.07960199"
T5b,720575940616141324,DNb03,720575940611016910,5,7.127553784957456e-08,0.003447031945168143,T5b -> LPi15 -> VCH -> Am1 -> H2 -> DNb03,"0.18518519,0.04530620,0.05799076,0.00344703,0.04249839"
T5b,720575940616141324,DNb03,720575940627997050,5,6.98356279940276e-08,0.003447031945168143,T5b -> LPi15 -> VCH -> Am1 -> H2 -> DNb03,"0.18518519,0.04530620,0.05799076,0.00344703,0.04163984"
T5b,720575940616141324,DNp15,720575940623431351,5,6.227610125240605e-08,0.003447031945168143,T5b -> LPi15 -> VCH -> Am1 -> H2 -> DNp15,"0.18518519,0.04530620,0.05799076,0.00344703,0.03713243"
T5b,720575940616141324,DNg41,720575940622037926,5,3.5997746388674026e-08,0.003447031945168143,T5b -> LPi15 -> VCH -> Am1 -> H2 -> DNg41,"0.18518519,0.04530620,0.05799076,0.00344703,0.02146383"
T5b,720575940616141324,DNg41,720575940636329579,5,1.1006949644137474e-07,0.0034069501783638625,T5b -> LPi15 -> VCH -> Am1 -> LPT04_HST -> DNg41,"0.18518519,0.04530620,0.05799076,0.00340695,0.06640159"
T5b,720575940616141324,DNb03,720575940634163682,5,5.734159395448863e-08,0.0034069501783638625,T5b -> LPi15 -> VCH -> Am1 -> LPT04_HST -> DNb03,"0.18518519,0.04530620,0.05799076,0.00340695,0.03459245"
T5b,720575940616141324,DNp26,720575940627732361,5,1.890681764237938e-07,0.009160420925126807,T5b -> LPi15 -> VCH -> LPT22 -> Nod1 -> DNp26,"0.18518519,0.04530620,0.00916042,0.07695367,0.03196758"
T5b,720575940616141324,DNp26,720575940627732361,5,2.014459441295982e-07,0.009160420925126807,T5b -> LPi15 -> VCH -> LPT22 -> Nod1 -> DNp26,"0.18518519,0.04530620,0.00916042,0.06939749,0.03776899"
T5b,720575940616141324,DNa02,720575940629327659,5,6.483792616927252e-08,0.009160420925126807,T5b -> LPi15 -> VCH -> LPT22 -> LAL081 -> DNa02,"0.18518519,0.04530620,0.00916042,0.02624776,0.03214086"
T5b,720575940616141324,DNae002,720575940627139530,4,1.9867399854002253e-06,0.009160420925126807,T5b -> LPi15 -> VCH -> LPT22 -> DNae002,"0.18518519,0.04530620,0.00916042,0.02585007"
T5b,720575940602140862,DNp15,720575940623431351,5,2.1359281973345118e-07,0.003543919285430152,T5b -> LPi15 -> VCH -> Am1 -> HSN -> DNp15,"0.16071429,0.04056289,0.06459108,0.00354392,0.14313535"
T5b,720575940602140862,DNp18,720575940627949589,5,7.846266847351268e-08,0.003543919285430152,T5b -> LPi15 -> VCH -> Am1 -> HSN -> DNp18,"0.16071429,0.04056289,0.06459108,0.00354392,0.05258033"
T5b,720575940602140862,DNae002,720575940620380449,5,6.683856944039969e-08,0.003543919285430152,T5b -> LPi15 -> VCH -> Am1 -> HSN -> DNae002,"0.16071429,0.04056289,0.06459108,0.00354392,0.04479065"
T5b,720575940602140862,DNae010,720575940630868281,5,6.102651992384319e-08,0.003543919285430152,T5b -> LPi15 -> VCH -> Am1 -> HSN -> DNae010,"0.16071429,0.04056289,0.06459108,0.00354392,0.04089581"
T5b,720575940602140862,DNae002,720575940620380449,5,6.516585735716384e-08,0.010455390334572491,T5b -> LPi15 -> VCH -> Nod5 -> LPT22 -> DNae002,"0.16071429,0.04056289,0.01045539,0.03616071,0.02643988"
T5b,720575940602140862,DNp26,720575940619432261,5,2.1722618204681055e-07,0.007047707558859975,T5b -> LPi15 -> VCH -> LPT22 -> Nod1 -> DNp26,"0.16071429,0.04056289,0.00704771,0.07696194,0.06143345"
T5b,720575940602140862,DNp26,720575940619432261,5,2.041853811451643e-07,0.007047707558859975,T5b -> LPi15 -> VCH -> LPT22 -> Nod1 -> DNp26,"0.16071429,0.04056289,0.00704771,0.07662513,0.05799922"
T5b,720575940602140862,DNae002,720575940620380449,4,1.2147607099848449e-06,0.007047707558859975,T5b -> LPi15 -> VCH -> LPT22 -> DNae002,"0.16071429,0.04056289,0.00704771,0.02643988"
T5b,720575940602140862,DNa16,720575940621519130,5,5.3451912869921054e-08,0.007047707558859975,T5b -> LPi15 -> VCH -> LPT22 -> PS013 -> DNa16,"0.16071429,0.04056289,0.00704771,0.01010441,0.11513859"
T5b,720575940602140862,DNae002,720575940620380449,5,3.6954408897723196e-08,0.007047707558859975,T5b -> LPi15 -> VCH -> LPT22 -> PS013 -> DNae002,"0.16071429,0.04056289,0.00704771,0.01010441,0.07960199"
T5b,720575940635214437,DNb03,720575940611016910,5,7.19021359845159e-08,0.003447031945168143,T5b -> LPi15 -> VCH -> Am1 -> H2 -> DNb03,"0.18681319,0.04530620,0.05799076,0.00344703,0.04249839"
T5b,720575940635214437,DNb03,720575940627997050,5,7.04495675807883e-08,0.003447031945168143,T5b -> LPi15 -> VCH -> Am1 -> H2 -> DNb03,"0.18681319,0.04530620,0.05799076,0.00344703,0.04163984"
T5b,720575940635214437,DNp15,720575940623431351,5,6.282358346121843e-08,0.003447031945168143,T5b -> LPi15 -> VCH -> Am1 -> H2 -> DNp15,"0.18681319,0.04530620,0.05799076,0.00344703,0.03713243"
T5b,720575940635214437,DNg41,720575940622037926,5,3.631421009318985e-08,0.003447031945168143,T5b -> LPi15 -> VCH -> Am1 -> H2 -> DNg41,"0.18681319,0.04530620,0.05799076,0.00344703,0.02146383"
T5b,720575940635214437,DNg41,720575940636329579,5,1.110371403661341e-07,0.0034069501783638625,T5b -> LPi15 -> VCH -> Am1 -> LPT04_HST -> DNg41,"0.18681319,0.04530620,0.05799076,0.00340695,0.06640159"
T5b,720575940635214437,DNb03,720575940634163682,5,5.784569587936327e-08,0.0034069501783638625,T5b -> LPi15 -> VCH -> Am1 -> LPT04_HST -> DNb03,"0.18681319,0.04530620,0.05799076,0.00340695,0.03459245"
T5b,720575940635214437,DNp26,720575940627732361,5,1.907303142385085e-07,0.009160420925126807,T5b -> LPi15 -> VCH -> LPT22 -> Nod1 -> DNp26,"0.18681319,0.04530620,0.00916042,0.07695367,0.03196758"
T5b,720575940635214437,DNp26,720575940627732361,5,2.0321689748458375e-07,0.009160420925126807,T5b -> LPi15 -> VCH -> LPT22 -> Nod1 -> DNp26,"0.18681319,0.04530620,0.00916042,0.06939749,0.03776899"
T5b,720575940635214437,DNa02,720575940629327659,5,6.540792991581559e-08,0.009160420925126807,T5b -> LPi15 -> VCH -> LPT22 -> LAL081 -> DNa02,"0.18681319,0.04530620,0.00916042,0.02624776,0.03214086"
T5b,720575940635214437,DNae002,720575940627139530,4,2.004205831425722e-06,0.009160420925126807,T5b -> LPi15 -> VCH -> LPT22 -> DNae002,"0.18681319,0.04530620,0.00916042,0.02585007"
T5b,720575940609494485,DNb03,720575940611016910,5,7.563299431199396e-08,0.003447031945168143,T5b -> LPi15 -> VCH -> Am1 -> H2 -> DNb03,"0.19650655,0.04530620,0.05799076,0.00344703,0.04249839"
T5b,720575940609494485,DNb03,720575940627997050,5,7.410505503296378e-08,0.003447031945168143,T5b -> LPi15 -> VCH -> Am1 -> H2 -> DNb03,"0.19650655,0.04530620,0.05799076,0.00344703,0.04163984"
T5b,720575940609494485,DNp15,720575940623431351,5,6.608337381805533e-08,0.003447031945168143,T5b -> LPi15 -> VCH -> Am1 -> H2 -> DNp15,"0.19650655,0.04530620,0.05799076,0.00344703,0.03713243"
T5b,720575940609494485,DNg41,720575940622037926,5,3.8198481975754526e-08,0.003447031945168143,T5b -> LPi15 -> VCH -> Am1 -> H2 -> DNg41,"0.19650655,0.04530620,0.05799076,0.00344703,0.02146383"
T5b,720575940609494485,DNg41,720575940636329579,5,1.1679863596180812e-07,0.0034069501783638625,T5b -> LPi15 -> VCH -> Am1 -> LPT04_HST -> DNg41,"0.19650655,0.04530620,0.05799076,0.00340695,0.06640159"
T5b,720575940609494485,DNb03,720575940634163682,5,6.084719358489405e-08,0.0034069501783638625,T5b -> LPi15 -> VCH -> Am1 -> LPT04_HST -> DNb03,"0.19650655,0.04530620,0.05799076,0.00340695,0.03459245"
T5b,720575940609494485,DNp26,720575940627732361,5,2.006269295676065e-07,0.009160420925126807,T5b -> LPi15 -> VCH -> LPT22 -> Nod1 -> DNp26,"0.19650655,0.04530620,0.00916042,0.07695367,0.03196758"
T5b,720575940609494485,DNp26,720575940627732361,5,2.1376141669647322e-07,0.009160420925126807,T5b -> LPi15 -> VCH -> LPT22 -> Nod1 -> DNp26,"0.19650655,0.04530620,0.00916042,0.06939749,0.03776899"
T5b,720575940609494485,DNa02,720575940629327659,5,6.880181685211013e-08,0.009160420925126807,T5b -> LPi15 -> VCH -> LPT22 -> LAL081 -> DNa02,"0.19650655,0.04530620,0.00916042,0.02624776,0.03214086"
T5b,720575940609494485,DNae002,720575940627139530,4,2.108200071843907e-06,0.009160420925126807,T5b -> LPi15 -> VCH -> LPT22 -> DNae002,"0.19650655,0.04530620,0.00916042,0.02585007"
T5b,720575940638726259,DNb03,720575940611016910,5,1.5120596243802602e-07,0.003447031945168143,T5b -> LPi15 -> VCH -> Am1 -> H2 -> DNb03,"0.39285714,0.04530620,0.05799076,0.00344703,0.04249839"
T5b,720575940638726259,DNb03,720575940627997050,5,1.4815129653018712e-07,0.003447031945168143,T5b -> LPi15 -> VCH -> Am1 -> H2 -> DNb03,"0.39285714,0.04530620,0.05799076,0.00344703,0.04163984"
T5b,720575940638726259,DNp15,720575940623431351,5,1.3211430051403284e-07,0.003447031945168143,T5b -> LPi15 -> VCH -> Am1 -> H2 -> DNp15,"0.39285714,0.04530620,0.05799076,0.00344703,0.03713243"
T5b,720575940638726259,DNg41,720575940622037926,5,7.636664769597275e-08,0.003447031945168143,T5b -> LPi15 -> VCH -> Am1 -> H2 -> DNg41,"0.39285714,0.04530620,0.05799076,0.00344703,0.02146383"
T5b,720575940638726259,DNg41,720575940636329579,5,2.335045745934878e-07,0.0034069501783638625,T5b -> LPi15 -> VCH -> Am1 -> LPT04_HST -> DNg41,"0.39285714,0.04530620,0.05799076,0.00340695,0.06640159"
T5b,720575940638726259,DNb03,720575940634163682,5,1.2164609574630803e-07,0.0034069501783638625,T5b -> LPi15 -> VCH -> Am1 -> LPT04_HST -> DNb03,"0.39285714,0.04530620,0.05799076,0.00340695,0.03459245"
T5b,720575940638726259,DNp26,720575940627732361,5,4.0109463141333404e-07,0.009160420925126807,T5b -> LPi15 -> VCH -> LPT22 -> Nod1 -> DNp26,"0.39285714,0.04530620,0.00916042,0.07695367,0.03196758"
T5b,720575940638726259,DNp26,720575940627732361,5,4.2735318147493336e-07,0.009160420925126807,T5b -> LPi15 -> VCH -> LPT22 -> Nod1 -> DNp26,"0.39285714,0.04530620,0.00916042,0.06939749,0.03776899"
T5b,720575940638726259,DNa02,720575940629327659,5,1.37549029087671e-07,0.009160420925126807,T5b -> LPi15 -> VCH -> LPT22 -> LAL081 -> DNa02,"0.39285714,0.04530620,0.00916042,0.02624776,0.03214086"
T5b,720575940638726259,DNae002,720575940627139530,4,4.2147269690276204e-06,0.009160420925126807,T5b -> LPi15 -> VCH -> LPT22 -> DNae002,"0.39285714,0.04530620,0.00916042,0.02585007"
T5b,720575940635171695,DNb03,720575940611016910,5,2.5670526620270277e-07,0.003447031945168143,T5b -> H2 -> VCH -> Am1 -> H2 -> DNb03,"0.30000000,0.10072491,0.05799076,0.00344703,0.04249839"
T5b,720575940635171695,DNb03,720575940627997050,5,2.5151930122891084e-07,0.003447031945168143,T5b -> H2 -> VCH -> Am1 -> H2 -> DNb03,"0.30000000,0.10072491,0.05799076,0.00344703,0.04163984"
T5b,720575940635171695,DNp15,720575940623431351,5,2.2429298511650296e-07,0.003447031945168143,T5b -> H2 -> VCH -> Am1 -> H2 -> DNp15,"0.30000000,0.10072491,0.05799076,0.00344703,0.03713243"
T5b,720575940635171695,DNg41,720575940622037926,5,1.296491243447994e-07,0.003447031945168143,T5b -> H2 -> VCH -> Am1 -> H2 -> DNg41,"0.30000000,0.10072491,0.05799076,0.00344703,0.02146383"
T5b,720575940635171695,DNg41,720575940636329579,5,3.964252005283073e-07,0.0034069501783638625,T5b -> H2 -> VCH -> Am1 -> LPT04_HST -> DNg41,"0.30000000,0.10072491,0.05799076,0.00340695,0.06640159"
T5b,720575940635171695,DNb03,720575940634163682,5,2.0652091285007623e-07,0.0034069501783638625,T5b -> H2 -> VCH -> Am1 -> LPT04_HST -> DNb03,"0.30000000,0.10072491,0.05799076,0.00340695,0.03459245"
T5b,720575940635171695,DNp26,720575940627732361,5,6.809460584045144e-07,0.009160420925126807,T5b -> H2 -> VCH -> LPT22 -> Nod1 -> DNp26,"0.30000000,0.10072491,0.00916042,0.07695367,0.03196758"
T5b,720575940635171695,DNp26,720575940627732361,5,7.25525703115434e-07,0.009160420925126807,T5b -> H2 -> VCH -> LPT22 -> Nod1 -> DNp26,"0.30000000,0.10072491,0.00916042,0.06939749,0.03776899"
T5b,720575940635171695,DNa02,720575940629327659,5,2.3351962818494032e-07,0.009160420925126807,T5b -> H2 -> VCH -> LPT22 -> LAL081 -> DNa02,"0.30000000,0.10072491,0.00916042,0.02624776,0.03214086"
T5b,720575940635171695,DNae002,720575940627139530,4,7.155422915279522e-06,0.009160420925126807,T5b -> H2 -> VCH -> LPT22 -> DNae002,"0.30000000,0.10072491,0.00916042,0.02585007"
T5b,720575940624169254,DNb03,720575940611016910,5,1.1422479743118916e-07,0.003447031945168143,T5b -> LPi15 -> VCH -> Am1 -> H2 -> DNb03,"0.29677419,0.04530620,0.05799076,0.00344703,0.04249839"
T5b,720575940624169254,DNb03,720575940627997050,5,1.1191722576591262e-07,0.003447031945168143,T5b -> LPi15 -> VCH -> Am1 -> H2 -> DNb03,"0.29677419,0.04530620,0.05799076,0.00344703,0.04163984"
T5b,720575940624169254,DNp15,720575940623431351,5,9.980247452321074e-08,0.003447031945168143,T5b -> LPi15 -> VCH -> Am1 -> H2 -> DNp15,"0.29677419,0.04530620,0.05799076,0.00344703,0.03713243"
T5b,720575940624169254,DNg41,720575940622037926,5,5.768929163191372e-08,0.003447031945168143,T5b -> LPi15 -> VCH -> Am1 -> H2 -> DNg41,"0.29677419,0.04530620,0.05799076,0.00344703,0.02146383"
T5b,720575940624169254,DNg41,720575940636329579,5,1.7639524461959666e-07,0.0034069501783638625,T5b -> LPi15 -> VCH -> Am1 -> LPT04_HST -> DNg41,"0.29677419,0.04530620,0.05799076,0.00340695,0.06640159"
T5b,720575940624169254,DNb03,720575940634163682,5,9.189452863416114e-08,0.0034069501783638625,T5b -> LPi15 -> VCH -> Am1 -> LPT04_HST -> DNb03,"0.29677419,0.04530620,0.05799076,0.00340695,0.03459245"
T5b,720575940624169254,DNp26,720575940627732361,5,3.0299700015271207e-07,0.009160420925126807,T5b -> LPi15 -> VCH -> LPT22 -> Nod1 -> DNp26,"0.29677419,0.04530620,0.00916042,0.07695367,0.03196758"
T5b,720575940624169254,DNp26,720575940627732361,5,3.228333711083367e-07,0.009160420925126807,T5b -> LPi15 -> VCH -> LPT22 -> Nod1 -> DNp26,"0.29677419,0.04530620,0.00916042,0.06939749,0.03776899"
T5b,720575940624169254,DNa02,720575940629327659,5,1.0390800555127285e-07,0.009160420925126807,T5b -> LPi15 -> VCH -> LPT22 -> LAL081 -> DNa02,"0.29677419,0.04530620,0.00916042,0.02624776,0.03214086"
T5b,720575940624169254,DNae002,720575940627139530,4,3.1839110475704247e-06,0.009160420925126807,T5b -> LPi15 -> VCH -> LPT22 -> DNae002,"0.29677419,0.04530620,0.00916042,0.02585007"
T5b,720575940626072250,DNb03,720575940611016910,5,8.261008679540935e-08,0.003447031945168143,T5b -> LPi15 -> VCH -> Am1 -> H2 -> DNb03,"0.21463415,0.04530620,0.05799076,0.00344703,0.04249839"
T5b,720575940626072250,DNb03,720575940627997050,5,8.094119615307785e-08,0.003447031945168143,T5b -> LPi15 -> VCH -> Am1 -> H2 -> DNb03,"0.21463415,0.04530620,0.05799076,0.00344703,0.04163984"
T5b,720575940626072250,DNp15,720575940623431351,5,7.217952028083746e-08,0.003447031945168143,T5b -> LPi15 -> VCH -> Am1 -> H2 -> DNp15,"0.21463415,0.04530620,0.05799076,0.00344703,0.03713243"
T5b,720575940626072250,DNg41,720575940622037926,5,4.172226605828755e-08,0.003447031945168143,T5b -> LPi15 -> VCH -> Am1 -> H2 -> DNg41,"0.21463415,0.04530620,0.05799076,0.00344703,0.02146383"
T5b,720575940626072250,DNg41,720575940636329579,5,1.2757323099741776e-07,0.0034069501783638625,T5b -> LPi15 -> VCH -> Am1 -> LPT04_HST -> DNg41,"0.21463415,0.04530620,0.05799076,0.00340695,0.06640159"
T5b,720575940626072250,DNb03,720575940634163682,5,6.646030596871464e-08,0.0034069501783638625,T5b -> LPi15 -> VCH -> Am1 -> LPT04_HST -> DNb03,"0.21463415,0.04530620,0.05799076,0.00340695,0.03459245"
T5b,720575940626072250,DNp26,720575940627732361,5,2.191346278941142e-07,0.009160420925126807,T5b -> LPi15 -> VCH -> LPT22 -> Nod1 -> DNp26,"0.21463415,0.04530620,0.00916042,0.07695367,0.03196758"
T5b,720575940626072250,DNp26,720575940627732361,5,2.334807625619148e-07,0.009160420925126807,T5b -> LPi15 -> VCH -> LPT22 -> Nod1 -> DNp26,"0.21463415,0.04530620,0.00916042,0.06939749,0.03776899"
T5b,720575940626072250,DNa02,720575940629327659,5,7.514873784302024e-08,0.009160420925126807,T5b -> LPi15 -> VCH -> LPT22 -> LAL081 -> DNa02,"0.21463415,0.04530620,0.00916042,0.02624776,0.03214086"
T5b,720575940626072250,DNae002,720575940627139530,4,2.3026801001516755e-06,0.009160420925126807,T5b -> LPi15 -> VCH -> LPT22 -> DNae002,"0.21463415,0.04530620,0.00916042,0.02585007"
T5b,720575940623551565,DNp15,720575940623431351,5,2.007376963235675e-07,0.003543919285430152,T5b -> LPi15 -> VCH -> Am1 -> HSN -> DNp15,"0.15104167,0.04056289,0.06459108,0.00354392,0.14313535"
T5b,720575940623551565,DNp18,720575940627949589,5,7.374037824131052e-08,0.003543919285430152,T5b -> LPi15 -> VCH -> Am1 -> HSN -> DNp18,"0.15104167,0.04056289,0.06459108,0.00354392,0.05258033"
T5b,720575940623551565,DNae002,720575940620380449,5,6.281587776111636e-08,0.003543919285430152,T5b -> LPi15 -> VCH -> Am1 -> HSN -> DNae002,"0.15104167,0.04056289,0.06459108,0.00354392,0.04479065"
T5b,720575940623551565,DNae010,720575940630868281,5,5.7353627521019285e-08,0.003543919285430152,T5b -> LPi15 -> VCH -> Am1 -> HSN -> DNae010,"0.15104167,0.04056289,0.06459108,0.00354392,0.04089581"
T5b,720575940623551565,DNae002,720575940620380449,5,6.124383816437158e-08,0.010455390334572491,T5b -> LPi15 -> VCH -> Nod5 -> LPT22 -> DNae002,"0.15104167,0.04056289,0.01045539,0.03616071,0.02643988"
T5b,720575940623551565,DNp26,720575940619432261,5,2.0415238405325252e-07,0.007047707558859975,T5b -> LPi15 -> VCH -> LPT22 -> Nod1 -> DNp26,"0.15104167,0.04056289,0.00704771,0.07696194,0.06143345"
T5b,720575940623551565,DNp26,720575940619432261,5,1.9189644616883494e-07,0.007047707558859975,T5b -> LPi15 -> VCH -> LPT22 -> Nod1 -> DNp26,"0.15104167,0.04056289,0.00704771,0.07662513,0.05799922"
T5b,720575940623551565,DNae002,720575940620380449,4,1.1416501116987198e-06,0.007047707558859975,T5b -> LPi15 -> VCH -> LPT22 -> DNae002,"0.15104167,0.04056289,0.00704771,0.02643988"
T5b,720575940623551565,DNa16,720575940621519130,5,5.0234899595342464e-08,0.007047707558859975,T5b -> LPi15 -> VCH -> LPT22 -> PS013 -> DNa16,"0.15104167,0.04056289,0.00704771,0.01010441,0.11513859"
T5b,720575940623551565,DNae002,720575940620380449,5,3.4730300954804665e-08,0.007047707558859975,T5b -> LPi15 -> VCH -> LPT22 -> PS013 -> DNae002,"0.15104167,0.04056289,0.00704771,0.01010441,0.07960199"
T5b,720575940635981167,DNp15,720575940623431351,5,2.65804397890517e-07,0.003543919285430152,T5b -> LPi15 -> VCH -> Am1 -> HSN -> DNp15,"0.20000000,0.04056289,0.06459108,0.00354392,0.14313535"
T5b,720575940635981167,DNp18,720575940627949589,5,9.76424318781491e-08,0.003543919285430152,T5b -> LPi15 -> VCH -> Am1 -> HSN -> DNp18,"0.20000000,0.04056289,0.06459108,0.00354392,0.05258033"
T5b,720575940635981167,DNae002,720575940620380449,5,8.31768864147196e-08,0.003543919285430152,T5b -> LPi15 -> VCH -> Am1 -> HSN -> DNae002,"0.20000000,0.04056289,0.06459108,0.00354392,0.04479065"
T5b,720575940635981167,DNae010,720575940630868281,5,7.594411368300485e-08,0.003543919285430152,T5b -> LPi15 -> VCH -> Am1 -> HSN -> DNae010,"0.20000000,0.04056289,0.06459108,0.00354392,0.04089581"
T5b,720575940635981167,DNae002,720575940620380449,5,8.109528915558168e-08,0.010455390334572491,T5b -> LPi15 -> VCH -> Nod5 -> LPT22 -> DNae002,"0.20000000,0.04056289,0.01045539,0.03616071,0.02643988"
T5b,720575940635981167,DNp26,720575940619432261,5,2.7032591543603087e-07,0.007047707558859975,T5b -> LPi15 -> VCH -> LPT22 -> Nod1 -> DNp26,"0.20000000,0.04056289,0.00704771,0.07696194,0.06143345"
T5b,720575940635981167,DNp26,720575940619432261,5,2.540973632028711e-07,0.007047707558859975,T5b -> LPi15 -> VCH -> LPT22 -> Nod1 -> DNp26,"0.20000000,0.04056289,0.00704771,0.07662513,0.05799922"
T5b,720575940635981167,DNae002,720575940620380449,4,1.511702216870029e-06,0.007047707558859975,T5b -> LPi15 -> VCH -> LPT22 -> DNae002,"0.20000000,0.04056289,0.00704771,0.02643988"
T5b,720575940635981167,DNa16,720575940621519130,5,6.651793601590174e-08,0.007047707558859975,T5b -> LPi15 -> VCH -> LPT22 -> PS013 -> DNa16,"0.20000000,0.04056289,0.00704771,0.01010441,0.11513859"
T5b,720575940635981167,DNae002,720575940620380449,5,4.5987708850499966e-08,0.007047707558859975,T5b -> LPi15 -> VCH -> LPT22 -> PS013 -> DNae002,"0.20000000,0.04056289,0.00704771,0.01010441,0.07960199"
T5b,720575940623164307,DNp15,720575940623431351,5,2.7202204462479805e-07,0.003543919285430152,T5b -> LPi15 -> VCH -> Am1 -> HSN -> DNp15,"0.20467836,0.04056289,0.06459108,0.00354392,0.14313535"
T5b,720575940623164307,DNp18,720575940627949589,5,9.992646537237479e-08,0.003543919285430152,T5b -> LPi15 -> VCH -> Am1 -> HSN -> DNp18,"0.20467836,0.04056289,0.06459108,0.00354392,0.05258033"
T5b,720575940623164307,DNae002,720575940620380449,5,8.512254457646741e-08,0.003543919285430152,T5b -> LPi15 -> VCH -> Am1 -> HSN -> DNae002,"0.20467836,0.04056289,0.06459108,0.00354392,0.04479065"
T5b,720575940623164307,DNae010,720575940630868281,5,7.772058417851373e-08,0.003543919285430152,T5b -> LPi15 -> VCH -> Am1 -> HSN -> DNae010,"0.20467836,0.04056289,0.06459108,0.00354392,0.04089581"
T5b,720575940623164307,DNae002,720575940620380449,5,8.299225498378241e-08,0.010455390334572491,T5b -> LPi15 -> VCH -> Nod5 -> LPT22 -> DNae002,"0.20467836,0.04056289,0.01045539,0.03616071,0.02643988"
T5b,720575940623164307,DNp26,720575940619432261,5,2.766493286626047e-07,0.007047707558859975,T5b -> LPi15 -> VCH -> LPT22 -> Nod1 -> DNp26,"0.20467836,0.04056289,0.00704771,0.07696194,0.06143345"
T5b,720575940623164307,DNp26,720575940619432261,5,2.600411611725288e-07,0.007047707558859975,T5b -> LPi15 -> VCH -> LPT22 -> Nod1 -> DNp26,"0.20467836,0.04056289,0.00704771,0.07662513,0.05799922"
T5b,720575940623164307,DNae002,720575940620380449,4,1.5470636722354094e-06,0.007047707558859975,T5b -> LPi15 -> VCH -> LPT22 -> DNae002,"0.20467836,0.04056289,0.00704771,0.02643988"
T5b,720575940623164307,DNa16,720575940621519130,5,6.807391112738482e-08,0.007047707558859975,T5b -> LPi15 -> VCH -> LPT22 -> PS013 -> DNa16,"0.20467836,0.04056289,0.00704771,0.01010441,0.11513859"
T5b,720575940623164307,DNae002,720575940620380449,5,4.706344473004382e-08,0.007047707558859975,T5b -> LPi15 -> VCH -> LPT22 -> PS013 -> DNae002,"0.20467836,0.04056289,0.00704771,0.01010441,0.07960199"
T5b,720575940640940277,DNb03,720575940611016910,5,8.766891155497673e-08,0.003447031945168143,T5b -> LPi15 -> VCH -> Am1 -> H2 -> DNb03,"0.22777778,0.04530620,0.05799076,0.00344703,0.04249839"
T5b,720575940640940277,DNb03,720575940627997050,5,8.589782243265397e-08,0.003447031945168143,T5b -> LPi15 -> VCH -> Am1 -> H2 -> DNb03,"0.22777778,0.04530620,0.05799076,0.00344703,0.04163984"
T5b,720575940640940277,DNp15,720575940623431351,5,7.659960454045946e-08,0.003447031945168143,T5b -> LPi15 -> VCH -> Am1 -> H2 -> DNp15,"0.22777778,0.04530620,0.05799076,0.00344703,0.03713243"
T5b,720575940640940277,DNg41,720575940622037926,5,4.427722805806906e-08,0.003447031945168143,T5b -> LPi15 -> VCH -> Am1 -> H2 -> DNg41,"0.22777778,0.04530620,0.05799076,0.00344703,0.02146383"
T5b,720575940640940277,DNg41,720575940636329579,5,1.3538548062289094e-07,0.0034069501783638625,T5b -> LPi15 -> VCH -> Am1 -> LPT04_HST -> DNg41,"0.22777778,0.04530620,0.05799076,0.00340695,0.06640159"
T5b,720575940640940277,DNb03,720575940634163682,5,7.053016056402104e-08,0.0034069501783638625,T5b -> LPi15 -> VCH -> Am1 -> LPT04_HST -> DNb03,"0.22777778,0.04530620,0.05799076,0.00340695,0.03459245"
T5b,720575940640940277,DNp26,720575940627732361,5,2.325538570012664e-07,0.009160420925126807,T5b -> LPi15 -> VCH -> LPT22 -> Nod1 -> DNp26,"0.22777778,0.04530620,0.00916042,0.07695367,0.03196758"
T5b,720575940640940277,DNp26,720575940627732361,5,2.477785112794058e-07,0.009160420925126807,T5b -> LPi15 -> VCH -> LPT22 -> Nod1 -> DNp26,"0.22777778,0.04530620,0.00916042,0.06939749,0.03776899"
T5b,720575940640940277,DNa02,720575940629327659,5,7.97506491882052e-08,0.009160420925126807,T5b -> LPi15 -> VCH -> LPT22 -> LAL081 -> DNa02,"0.22777778,0.04530620,0.00916042,0.02624776,0.03214086"
T5b,720575940640940277,DNae002,720575940627139530,4,2.443690182042277e-06,0.009160420925126807,T5b -> LPi15 -> VCH -> LPT22 -> DNae002,"0.22777778,0.04530620,0.00916042,0.02585007"
T5b,720575940621915814,DNp15,720575940623431351,5,3.475903664722146e-07,0.003543919285430152,T5b -> LPi15 -> VCH -> Am1 -> HSN -> DNp15,"0.26153846,0.04056289,0.06459108,0.00354392,0.14313535"
T5b,720575940621915814,DNp18,720575940627949589,5,1.2768625707142576e-07,0.003543919285430152,T5b -> LPi15 -> VCH -> Am1 -> HSN -> DNp18,"0.26153846,0.04056289,0.06459108,0.00354392,0.05258033"
T5b,720575940621915814,DNae002,720575940620380449,5,1.0876977454232566e-07,0.003543919285430152,T5b -> LPi15 -> VCH -> Am1 -> HSN -> DNae002,"0.26153846,0.04056289,0.06459108,0.00354392,0.04479065"
T5b,720575940621915814,DNae010,720575940630868281,5,9.93115332777756e-08,0.003543919285430152,T5b -> LPi15 -> VCH -> Am1 -> HSN -> DNae010,"0.26153846,0.04056289,0.06459108,0.00354392,0.04089581"
T5b,720575940621915814,DNae002,720575940620380449,5,1.0604768581883758e-07,0.010455390334572491,T5b -> LPi15 -> VCH -> Nod5 -> LPT22 -> DNae002,"0.26153846,0.04056289,0.01045539,0.03616071,0.02643988"
T5b,720575940621915814,DNp26,720575940619432261,5,3.5350312018557885e-07,0.007047707558859975,T5b -> LPi15 -> VCH -> LPT22 -> Nod1 -> DNp26,"0.26153846,0.04056289,0.00704771,0.07696194,0.06143345"
T5b,720575940621915814,DNp26,720575940619432261,5,3.32281167265293e-07,0.007047707558859975,T5b -> LPi15 -> VCH -> LPT22 -> Nod1 -> DNp26,"0.26153846,0.04056289,0.00704771,0.07662513,0.05799922"
T5b,720575940621915814,DNae002,720575940620380449,4,1.9768413605223453e-06,0.007047707558859975,T5b -> LPi15 -> VCH -> LPT22 -> DNae002,"0.26153846,0.04056289,0.00704771,0.02643988"
T5b,720575940621915814,DNa16,720575940621519130,5,8.698499325156382e-08,0.007047707558859975,T5b -> LPi15 -> VCH -> LPT22 -> PS013 -> DNa16,"0.26153846,0.04056289,0.00704771,0.01010441,0.11513859"
T5b,720575940621915814,DNae002,720575940620380449,5,6.013777311219227e-08,0.007047707558859975,T5b -> LPi15 -> VCH -> LPT22 -> PS013 -> DNae002,"0.26153846,0.04056289,0.00704771,0.01010441,0.07960199"
T5b,720575940640526043,DNb03,720575940611016910,5,1.2829596812923424e-07,0.003447031945168143,T5b -> LPi15 -> VCH -> Am1 -> H2 -> DNb03,"0.33333333,0.04530620,0.05799076,0.00344703,0.04249839"
T5b,720575940640526043,DNb03,720575940627997050,5,1.257041303892497e-07,0.003447031945168143,T5b -> LPi15 -> VCH -> Am1 -> H2 -> DNb03,"0.33333333,0.04530620,0.05799076,0.00344703,0.04163984"
T5b,720575940640526043,DNp15,720575940623431351,5,1.1209698225433092e-07,0.003447031945168143,T5b -> LPi15 -> VCH -> Am1 -> H2 -> DNp15,"0.33333333,0.04530620,0.05799076,0.00344703,0.03713243"
T5b,720575940640526043,DNg41,720575940622037926,5,6.479594349961325e-08,0.003447031945168143,T5b -> LPi15 -> VCH -> Am1 -> H2 -> DNg41,"0.33333333,0.04530620,0.05799076,0.00344703,0.02146383"
T5b,720575940640526043,DNg41,720575940636329579,5,1.9812509359447454e-07,0.0034069501783638625,T5b -> LPi15 -> VCH -> Am1 -> LPT04_HST -> DNg41,"0.33333333,0.04530620,0.05799076,0.00340695,0.06640159"
T5b,720575940640526043,DNb03,720575940634163682,5,1.0321486911807955e-07,0.0034069501783638625,T5b -> LPi15 -> VCH -> Am1 -> LPT04_HST -> DNb03,"0.33333333,0.04530620,0.05799076,0.00340695,0.03459245"
T5b,720575940640526043,DNp26,720575940627732361,5,3.403227175628289e-07,0.009160420925126807,T5b -> LPi15 -> VCH -> LPT22 -> Nod1 -> DNp26,"0.33333333,0.04530620,0.00916042,0.07695367,0.03196758"
T5b,720575940640526043,DNp26,720575940627732361,5,3.6260269943327686e-07,0.009160420925126807,T5b -> LPi15 -> VCH -> LPT22 -> Nod1 -> DNp26,"0.33333333,0.04530620,0.00916042,0.06939749,0.03776899"
T5b,720575940640526043,DNa02,720575940629327659,5,1.1670826710469055e-07,0.009160420925126807,T5b -> LPi15 -> VCH -> LPT22 -> LAL081 -> DNa02,"0.33333333,0.04530620,0.00916042,0.02624776,0.03214086"
T5b,720575940640526043,DNae002,720575940627139530,4,3.5761319737204055e-06,0.009160420925126807,T5b -> LPi15 -> VCH -> LPT22 -> DNae002,"0.33333333,0.04530620,0.00916042,0.02585007"
T5b,720575940614621687,DNb03,720575940611016910,5,6.864242880799793e-08,0.003447031945168143,T5b -> LPi15 -> VCH -> Am1 -> H2 -> DNb03,"0.17834395,0.04530620,0.05799076,0.00344703,0.04249839"
T5b,720575940614621687,DNb03,720575940627997050,5,6.725571307450301e-08,0.003447031945168143,T5b -> LPi15 -> VCH -> Am1 -> H2 -> DNb03,"0.17834395,0.04530620,0.05799076,0.00344703,0.04163984"
T5b,720575940614621687,DNp15,720575940623431351,5,5.997545547365475e-08,0.003447031945168143,T5b -> LPi15 -> VCH -> Am1 -> H2 -> DNp15,"0.17834395,0.04530620,0.05799076,0.00344703,0.03713243"
T5b,720575940614621687,DNg41,720575940622037926,5,3.466789333737269e-08,0.003447031945168143,T5b -> LPi15 -> VCH -> Am1 -> H2 -> DNg41,"0.17834395,0.04530620,0.05799076,0.00344703,0.02146383"
T5b,720575940614621687,DNg41,720575940636329579,5,1.0600323478940038e-07,0.0034069501783638625,T5b -> LPi15 -> VCH -> Am1 -> LPT04_HST -> DNg41,"0.17834395,0.04530620,0.05799076,0.00340695,0.06640159"
T5b,720575940614621687,DNb03,720575940634163682,5,5.5223242075915164e-08,0.0034069501783638625,T5b -> LPi15 -> VCH -> Am1 -> LPT04_HST -> DNb03,"0.17834395,0.04530620,0.05799076,0.00340695,0.03459245"
T5b,720575940614621687,DNp26,720575940627732361,5,1.8208349219922055e-07,0.009160420925126807,T5b -> LPi15 -> VCH -> LPT22 -> Nod1 -> DNp26,"0.17834395,0.04530620,0.00916042,0.07695367,0.03196758"
T5b,720575940614621687,DNp26,720575940627732361,5,1.9400399205347294e-07,0.009160420925126807,T5b -> LPi15 -> VCH -> LPT22 -> Nod1 -> DNp26,"0.17834395,0.04530620,0.00916042,0.06939749,0.03776899"
T5b,720575940614621687,DNa02,720575940629327659,5,6.244263972480259e-08,0.009160420925126807,T5b -> LPi15 -> VCH -> LPT22 -> LAL081 -> DNa02,"0.17834395,0.04530620,0.00916042,0.02624776,0.03214086"
T5b,720575940614621687,DNae002,720575940627139530,4,1.91334449549372e-06,0.009160420925126807,T5b -> LPi15 -> VCH -> LPT22 -> DNae002,"0.17834395,0.04530620,0.00916042,0.02585007"
T5b,720575940607583939,DNp15,720575940623431351,5,2.1975954156302585e-07,0.003543919285430152,T5b -> LPi15 -> VCH -> Am1 -> HSN -> DNp15,"0.16535433,0.04056289,0.06459108,0.00354392,0.14313535"
T5b,720575940607583939,DNp18,720575940627949589,5,8.072799485988705e-08,0.003543919285430152,T5b -> LPi15 -> VCH -> Am1 -> HSN -> DNp18,"0.16535433,0.04056289,0.06459108,0.00354392,0.05258033"
T5b,720575940607583939,DNae002,720575940620380449,5,6.876829191768156e-08,0.003543919285430152,T5b -> LPi15 -> VCH -> Am1 -> HSN -> DNae002,"0.16535433,0.04056289,0.06459108,0.00354392,0.04479065"
T5b,720575940607583939,DNae010,720575940630868281,5,6.278844044657881e-08,0.003543919285430152,T5b -> LPi15 -> VCH -> Am1 -> HSN -> DNae010,"0.16535433,0.04056289,0.06459108,0.00354392,0.04089581"
T5b,720575940607583939,DNae002,720575940620380449,5,6.704728630973289e-08,0.010455390334572491,T5b -> LPi15 -> VCH -> Nod5 -> LPT22 -> DNae002,"0.16535433,0.04056289,0.01045539,0.03616071,0.02643988"
T5b,720575940607583939,DNp26,720575940619432261,5,2.2349780410065545e-07,0.007047707558859975,T5b -> LPi15 -> VCH -> LPT22 -> Nod1 -> DNp26,"0.16535433,0.04056289,0.00704771,0.07696194,0.06143345"
T5b,720575940607583939,DNp26,720575940619432261,5,2.10080497136232e-07,0.007047707558859975,T5b -> LPi15 -> VCH -> LPT22 -> Nod1 -> DNp26,"0.16535433,0.04056289,0.00704771,0.07662513,0.05799922"
T5b,720575940607583939,DNae002,720575940620380449,4,1.2498325415067168e-06,0.007047707558859975,T5b -> LPi15 -> VCH -> LPT22 -> DNae002,"0.16535433,0.04056289,0.00704771,0.02643988"
T5b,720575940607583939,DNa16,720575940621519130,5,5.499514395015498e-08,0.007047707558859975,T5b -> LPi15 -> VCH -> LPT22 -> PS013 -> DNa16,"0.16535433,0.04056289,0.00704771,0.01010441,0.11513859"
T5b,720575940607583939,DNae002,720575940620380449,5,3.802133408899604e-08,0.007047707558859975,T5b -> LPi15 -> VCH -> LPT22 -> PS013 -> DNae002,"0.16535433,0.04056289,0.00704771,0.01010441,0.07960199"
T5c,720575940636240997,DNp31,720575940632189900,4,5.6837407233283395e-06,0.0060673877906253885,T5c -> LPi09 -> LPi13 -> LPT48_vCal3 -> DNp31,"0.19270833,0.10634921,0.00606739,0.04570858"
T5c,720575940636240997,DNp31,720575940632189900,5,1.5587780133357728e-07,0.0060673877906253885,T5c -> LPi09 -> LPi13 -> LPT48_vCal3 -> PLP103c -> DNp31,"0.19270833,0.10634921,0.00606739,0.01916168,0.06542056"
T5c,720575940636240997,DNp31,720575940628132745,4,2.3330638776980956e-06,0.0060673877906253885,T5c -> LPi09 -> LPi13 -> LPT48_vCal3 -> DNp31,"0.19270833,0.10634921,0.00606739,0.01876248"
T5c,720575940636240997,DNp31,720575940632189900,5,1.0542037992678773e-07,0.0060673877906253885,T5c -> LPi09 -> LPi13 -> LPT48_vCal3 -> PS058 -> DNp31,"0.19270833,0.10634921,0.00606739,0.01497006,0.05663234"
T5c,720575940636240997,DNae002,720575940627139530,5,5.249167943928349e-07,0.0055203282357329355,T5c -> LPi09 -> LPi13 -> LPT27 -> PLP230 -> DNae002,"0.19270833,0.10634921,0.00552033,0.06020470,0.07706558"
T5c,720575940636240997,DNae002,720575940620380449,5,9.551591650869747e-08,0.0055203282357329355,T5c -> LPi09 -> LPi13 -> LPT27 -> WED075 -> DNae002,"0.19270833,0.10634921,0.00552033,0.03070439,0.02749638"
T5c,720575940636240997,DNp31,720575940628132745,5,1.0270356053881105e-07,0.0055203282357329355,T5c -> LPi09 -> LPi13 -> LPT27 -> PLP020 -> DNp31,"0.19270833,0.10634921,0.00552033,0.03010235,0.03015682"
T5c,720575940636240997,DNp26,720575940627732361,4,3.0650850607202767e-06,0.0055203282357329355,T5c -> LPi09 -> LPi13 -> LPT27 -> DNp26,"0.19270833,0.10634921,0.00552033,0.02709211"
T5c,720575940636240997,DNp31,720575940632189900,5,2.5747749896509936e-07,0.004873803307223673,T5c -> LPi09 -> LPi13 -> LPi11 -> LPT48_vCal3 -> DNp31,"0.19270833,0.10634921,0.00487380,0.05639476,0.04570858"
T5c,720575940636240997,DNp31,720575940628132745,5,1.0568945372366524e-07,0.004873803307223673,T5c -> LPi09 -> LPi13 -> LPi11 -> LPT48_vCal3 -> DNp31,"0.19270833,0.10634921,0.00487380,0.05639476,0.01876248"
T5c,720575940609351516,DNae002,720575940627139530,4,0.00012485809449657286,0.060204695966285374,T5c -> LPi09 -> LPT27 -> PLP230 -> DNae002,"0.14736842,0.18260870,0.06020470,0.07706558"
T5c,720575940609351516,DNp26,720575940619432261,5,1.2842523646481414e-05,0.060204695966285374,T5c -> LPi09 -> LPT27 -> PLP230 -> PLP035 -> DNp26,"0.14736842,0.18260870,0.06020470,0.06446832,0.12295544"
T5c,720575940609351516,DNae002,720575940627139530,5,1.1355148600157428e-05,0.0448314190440904,T5c -> LPi09 -> LPT27 -> PLP230 -> DNpe019 -> DNae002,"0.14736842,0.18260870,0.06020470,0.04483142,0.15633423"
T5c,720575940609351516,DNae010,720575940651341558,5,2.740897937969034e-06,0.03773584905660377,T5c -> LPi09 -> LPT27 -> PLP230 -> DNpe019 -> DNae010,"0.14736842,0.18260870,0.06020470,0.04483142,0.03773585"
T5c,720575940609351516,DNae002,720575940627139530,5,1.697553047309584e-06,0.030752130418673584,T5c -> LPi09 -> LPT27 -> PLP230 -> DNa09 -> DNae002,"0.14736842,0.18260870,0.06020470,0.03075213,0.03407155"
T5c,720575940609351516,DNae010,720575940651341558,5,1.9083656768949236e-06,0.026396562308164517,T5c -> LPi09 -> LPT27 -> LAL158 -> LAL019 -> DNae010,"0.14736842,0.18260870,0.04033715,0.02639656,0.06660137"
T5c,720575940609351516,DNae002,720575940627139530,5,1.4593384588020003e-06,0.026396562308164517,T5c -> LPi09 -> LPT27 -> LAL158 -> LAL019 -> DNae002,"0.14736842,0.18260870,0.04033715,0.02639656,0.05093046"
T5c,720575940609351516,DNp31,720575940632189900,5,4.793673239488968e-06,0.03913305237808549,T5c -> LPi09 -> LPT27 -> DNa10 -> IB008 -> DNp31,"0.14736842,0.18260870,0.03913305,0.04255319,0.10697115"
T5c,720575940609351516,DNp31,720575940628132745,5,3.231689824374585e-06,0.03913305237808549,T5c -> LPi09 -> LPT27 -> DNa10 -> IB008 -> DNp31,"0.14736842,0.18260870,0.03913305,0.04255319,0.07211538"
T5c,720575940609351516,DNae002,720575940620380449,5,6.251492522042868e-06,0.031306441902468396,T5c -> LPi09 -> LPT27 -> PLP078 -> PLP230 -> DNae002,"0.14736842,0.18260870,0.03130644,0.08657070,0.08571429"
T5c,720575940623041609,DNae002,720575940627139530,4,8.165072747759588e-05,0.060204695966285374,T5c -> LPi09 -> LPT27 -> PLP230 -> DNae002,"0.11678832,0.15068493,0.06020470,0.07706558"
T5c,720575940623041609,DNp26,720575940619432261,5,8.398345358475875e-06,0.060204695966285374,T5c -> LPi09 -> LPT27 -> PLP230 -> PLP035 -> DNp26,"0.11678832,0.15068493,0.06020470,0.06446832,0.12295544"
T5c,720575940623041609,DNae002,720575940627139530,5,7.425679108409806e-06,0.0448314190440904,T5c -> LPi09 -> LPT27 -> PLP230 -> DNpe019 -> DNae002,"0.11678832,0.15068493,0.06020470,0.04483142,0.15633423"
T5c,720575940623041609,DNae010,720575940651341558,5,1.7924053020299531e-06,0.03773584905660377,T5c -> LPi09 -> LPT27 -> PLP230 -> DNpe019 -> DNae010,"0.11678832,0.15068493,0.06020470,0.04483142,0.03773585"
T5c,720575940623041609,DNae002,720575940627139530,5,1.110111777722523e-06,0.030752130418673584,T5c -> LPi09 -> LPT27 -> PLP230 -> DNa09 -> DNae002,"0.11678832,0.15068493,0.06020470,0.03075213,0.03407155"
T5c,720575940623041609,DNae010,720575940651341558,5,1.247972319616188e-06,0.026396562308164517,T5c -> LPi09 -> LPT27 -> LAL158 -> LAL019 -> DNae010,"0.11678832,0.15068493,0.04033715,0.02639656,0.06660137"
T5c,720575940623041609,DNae002,720575940627139530,5,9.543317738241437e-07,0.026396562308164517,T5c -> LPi09 -> LPT27 -> LAL158 -> LAL019 -> DNae002,"0.11678832,0.15068493,0.04033715,0.02639656,0.05093046"
T5c,720575940623041609,DNp31,720575940632189900,5,3.134814037266133e-06,0.03913305237808549,T5c -> LPi09 -> LPT27 -> DNa10 -> IB008 -> DNp31,"0.11678832,0.15068493,0.03913305,0.04255319,0.10697115"
T5c,720575940623041609,DNp31,720575940628132745,5,2.1133577779322246e-06,0.03913305237808549,T5c -> LPi09 -> LPT27 -> DNa10 -> IB008 -> DNp31,"0.11678832,0.15068493,0.03913305,0.04255319,0.07211538"
T5c,720575940623041609,DNae002,720575940620380449,5,4.088152348501214e-06,0.031306441902468396,T5c -> LPi09 -> LPT27 -> PLP078 -> PLP230 -> DNae002,"0.11678832,0.15068493,0.03130644,0.08657070,0.08571429"
T5c,720575940612916338,DNae002,720575940620380449,4,9.560824521523059e-05,0.058885383806519455,T5c -> LPi09 -> LPT27 -> PLP230 -> DNae002,"0.12698413,0.14917127,0.05888538,0.08571429"
T5c,720575940612916338,DNp26,720575940627732361,5,6.11669667978821e-06,0.058885383806519455,T5c -> LPi09 -> LPT27 -> PLP230 -> PLP035 -> DNp26,"0.12698413,0.14917127,0.05888538,0.07058824,0.07768595"
T5c,720575940612916338,DNae002,720575940620380449,5,5.1368243525290025e-06,0.044369747899159664,T5c -> LPi09 -> LPT27 -> PLP230 -> DNpe019 -> DNae002,"0.12698413,0.14917127,0.05888538,0.04436975,0.10379242"
T5c,720575940612916338,DNae002,720575940620380449,5,7.000805670151855e-06,0.03563025210084034,T5c -> LPi09 -> LPT27 -> PLP230 -> DNp51 -> DNae002,"0.12698413,0.14917127,0.05888538,0.03563025,0.17615176"
T5c,720575940612916338,DNae002,720575940627139530,5,6.598438091183759e-06,0.05152471083070452,T5c -> LPi09 -> LPT27 -> PLP078 -> PLP230 -> DNae002,"0.12698413,0.14917127,0.05152471,0.08772644,0.07706558"
T5c,720575940612916338,DNae010,720575940630868281,5,3.0745946124226336e-06,0.05008710801393728,T5c -> LPi09 -> LPT27 -> PLP078 -> PLP178 -> DNae010,"0.12698413,0.14917127,0.05152471,0.06289436,0.05008711"
T5c,720575940612916338,DNp31,720575940628132745,5,1.6965238268023772e-06,0.03684103399145125,T5c -> LPi09 -> LPT27 -> PLP078 ->  -> DNp31,"0.12698413,0.14917127,0.05152471,0.03684103,0.04718218"
T5c,720575940612916338,DNp26,720575940619432261,3,0.0009361640677324661,0.04942166140904311,T5c -> LPi09 -> LPT27 -> DNp26,"0.12698413,0.14917127,0.04942166"
T5c,720575940612916338,DNa16,720575940632962786,5,2.9633406278554755e-06,0.033567948023822416,T5c -> LPi09 -> LPT27 -> WED075 -> PS013 -> DNa16,"0.12698413,0.14917127,0.04468980,0.03356795,0.10428305"
T5c,720575940612916338,DNa02,720575940629327659,5,2.2119221115064086e-06,0.033567948023822416,T5c -> LPi09 -> LPT27 -> WED075 -> PS013 -> DNa02,"0.12698413,0.14917127,0.04468980,0.03356795,0.07783985"
T5c,720575940622221606,DNp31,720575940632189900,5,2.4084852687789817e-06,0.0060673877906253885,T5c -> LPi09 -> LPT45_dCal1 -> LPi13 -> LPT48_vCal3 -> DNp31,"0.32500000,0.14671815,0.18212824,0.00606739,0.04570858"
T5c,720575940622221606,DNp31,720575940628132745,5,9.8863587452063e-07,0.0060673877906253885,T5c -> LPi09 -> LPT45_dCal1 -> LPi13 -> LPT48_vCal3 -> DNp31,"0.32500000,0.14671815,0.18212824,0.00606739,0.01876248"
T5c,720575940622221606,DNp26,720575940627732361,5,1.298829868505397e-06,0.0055203282357329355,T5c -> LPi09 -> LPT45_dCal1 -> LPi13 -> LPT27 -> DNp26,"0.32500000,0.14671815,0.18212824,0.00552033,0.02709211"
T5c,720575940622221606,DNp26,720575940619432261,5,9.276468285643746e-07,0.010991900704743873,T5c -> LPi09 -> LPT45_dCal1 -> LPi13 -> LPT27 -> DNp26,"0.32500000,0.14671815,0.03581173,0.01099190,0.04942166"
T5c,720575940622221606,DNp31,720575940628132745,5,5.184986518506787e-07,0.00857263069317345,T5c -> LPi09 -> LPT45_dCal1 -> LPi13 -> LPT48_vCal3 -> DNp31,"0.32500000,0.14671815,0.03581173,0.00857263,0.03541938"
T5c,720575940622221606,DNp31,720575940632189900,5,4.0398361217813613e-07,0.00857263069317345,T5c -> LPi09 -> LPT45_dCal1 -> LPi13 -> LPT48_vCal3 -> DNp31,"0.32500000,0.14671815,0.03581173,0.00857263,0.02759670"
T5c,720575940622221606,DNp31,720575940628132745,5,1.8400326042580533e-06,0.021145975443383355,T5c -> LPi09 -> LPT45_dCal1 -> PLP248 -> PLP020 -> DNp31,"0.32500000,0.14671815,0.02114598,0.06051250,0.03015682"
T5c,720575940622221606,DNp31,720575940632189900,5,9.426135337868492e-07,0.021145975443383355,T5c -> LPi09 -> LPT45_dCal1 -> PLP248 -> PLP020 -> DNp31,"0.32500000,0.14671815,0.02114598,0.02469898,0.03784946"
T5c,720575940622221606,DNb03,720575940611016910,5,2.2291208217723234e-06,0.015006821282401092,T5c -> LPi09 -> LPT45_dCal1 -> LPi14 -> H2 -> DNb03,"0.32500000,0.14671815,0.01500682,0.07330021,0.04249839"
T5c,720575940622221606,DNb03,720575940627997050,5,2.184088077898135e-06,0.015006821282401092,T5c -> LPi09 -> LPT45_dCal1 -> LPi14 -> H2 -> DNb03,"0.32500000,0.14671815,0.01500682,0.07330021,0.04163984"
T5c,720575940640414416,DNae002,720575940620380449,4,0.00018400590286742532,0.058885383806519455,T5c -> LPi09 -> LPT27 -> PLP230 -> DNae002,"0.16265060,0.22413793,0.05888538,0.08571429"
T5c,720575940640414416,DNp26,720575940627732361,5,1.1772084014269893e-05,0.058885383806519455,T5c -> LPi09 -> LPT27 -> PLP230 -> PLP035 -> DNp26,"0.16265060,0.22413793,0.05888538,0.07058824,0.07768595"
T5c,720575940640414416,DNae002,720575940620380449,5,9.88623942140822e-06,0.044369747899159664,T5c -> LPi09 -> LPT27 -> PLP230 -> DNpe019 -> DNae002,"0.16265060,0.22413793,0.05888538,0.04436975,0.10379242"
T5c,720575940640414416,DNae002,720575940620380449,5,1.3473624217615818e-05,0.03563025210084034,T5c -> LPi09 -> LPT27 -> PLP230 -> DNp51 -> DNae002,"0.16265060,0.22413793,0.05888538,0.03563025,0.17615176"
T5c,720575940640414416,DNae002,720575940627139530,5,1.2699234838478778e-05,0.05152471083070452,T5c -> LPi09 -> LPT27 -> PLP078 -> PLP230 -> DNae002,"0.16265060,0.22413793,0.05152471,0.08772644,0.07706558"
T5c,720575940640414416,DNae010,720575940630868281,5,5.9173092899735e-06,0.05008710801393728,T5c -> LPi09 -> LPT27 -> PLP078 -> PLP178 -> DNae010,"0.16265060,0.22413793,0.05152471,0.06289436,0.05008711"
T5c,720575940640414416,DNp31,720575940628132745,5,3.265099132236155e-06,0.03684103399145125,T5c -> LPi09 -> LPT27 -> PLP078 ->  -> DNp31,"0.16265060,0.22413793,0.05152471,0.03684103,0.04718218"
T5c,720575940640414416,DNp26,720575940619432261,3,0.0018017244655768728,0.04942166140904311,T5c -> LPi09 -> LPT27 -> DNp26,"0.16265060,0.22413793,0.04942166"
T5c,720575940640414416,DNa16,720575940632962786,5,5.703191879578675e-06,0.033567948023822416,T5c -> LPi09 -> LPT27 -> WED075 -> PS013 -> DNa16,"0.16265060,0.22413793,0.04468980,0.03356795,0.10428305"
T5c,720575940640414416,DNa02,720575940629327659,5,4.257025367256939e-06,0.033567948023822416,T5c -> LPi09 -> LPT27 -> WED075 -> PS013 -> DNa02,"0.16265060,0.22413793,0.04468980,0.03356795,0.07783985"
T5c,720575940616905145,DNae002,720575940627139530,4,9.224891120227841e-05,0.060204695966285374,T5c -> LPi09 -> LPT27 -> PLP230 -> DNae002,"0.10126582,0.19633943,0.06020470,0.07706558"
T5c,720575940616905145,DNp26,720575940619432261,5,9.488442285253224e-06,0.060204695966285374,T5c -> LPi09 -> LPT27 -> PLP230 -> PLP035 -> DNp26,"0.10126582,0.19633943,0.06020470,0.06446832,0.12295544"
T5c,720575940616905145,DNae002,720575940627139530,5,8.389524917292012e-06,0.0448314190440904,T5c -> LPi09 -> LPT27 -> PLP230 -> DNpe019 -> DNae002,"0.10126582,0.19633943,0.06020470,0.04483142,0.15633423"
T5c,720575940616905145,DNae010,720575940651341558,5,2.025057738656692e-06,0.03773584905660377,T5c -> LPi09 -> LPT27 -> PLP230 -> DNpe019 -> DNae010,"0.10126582,0.19633943,0.06020470,0.04483142,0.03773585"
T5c,720575940616905145,DNae002,720575940627139530,5,1.2542031892591254e-06,0.030752130418673584,T5c -> LPi09 -> LPT27 -> PLP230 -> DNa09 -> DNae002,"0.10126582,0.19633943,0.06020470,0.03075213,0.03407155"
T5c,720575940616905145,DNae010,720575940651341558,5,1.4099578932320475e-06,0.026396562308164517,T5c -> LPi09 -> LPT27 -> LAL158 -> LAL019 -> DNae010,"0.10126582,0.19633943,0.04033715,0.02639656,0.06660137"
T5c,720575940616905145,DNae002,720575940627139530,5,1.0782030948245069e-06,0.026396562308164517,T5c -> LPi09 -> LPT27 -> LAL158 -> LAL019 -> DNae002,"0.10126582,0.19633943,0.04033715,0.02639656,0.05093046"
T5c,720575940616905145,DNp31,720575940632189900,5,3.541709800917185e-06,0.03913305237808549,T5c -> LPi09 -> LPT27 -> DNa10 -> IB008 -> DNp31,"0.10126582,0.19633943,0.03913305,0.04255319,0.10697115"
T5c,720575940616905145,DNp31,720575940628132745,5,2.3876695287082144e-06,0.03913305237808549,T5c -> LPi09 -> LPT27 -> DNa10 -> IB008 -> DNp31,"0.10126582,0.19633943,0.03913305,0.04255319,0.07211538"
T5c,720575940616905145,DNae002,720575940620380449,5,4.6187904826904866e-06,0.031306441902468396,T5c -> LPi09 -> LPT27 -> PLP078 -> PLP230 -> DNae002,"0.10126582,0.19633943,0.03130644,0.08657070,0.08571429"
T5c,720575940640806133,DNp31,720575940632189900,4,4.266641498704787e-06,0.0060673877906253885,T5c -> LPi09 -> LPi13 -> LPT48_vCal3 -> DNp31,"0.11794872,0.13043478,0.00606739,0.04570858"
T5c,720575940640806133,DNp31,720575940632189900,5,1.1701355291717816e-07,0.0060673877906253885,T5c -> LPi09 -> LPi13 -> LPT48_vCal3 -> PLP103c -> DNp31,"0.11794872,0.13043478,0.00606739,0.01916168,0.06542056"
T5c,720575940640806133,DNp31,720575940628132745,4,1.7513724929181221e-06,0.0060673877906253885,T5c -> LPi09 -> LPi13 -> LPT48_vCal3 -> DNp31,"0.11794872,0.13043478,0.00606739,0.01876248"
T5c,720575940640806133,DNp31,720575940632189900,5,7.913643315197966e-08,0.0060673877906253885,T5c -> LPi09 -> LPi13 -> LPT48_vCal3 -> PS058 -> DNp31,"0.11794872,0.13043478,0.00606739,0.01497006,0.05663234"
T5c,720575940640806133,DNae002,720575940627139530,5,3.9404186210169915e-07,0.0055203282357329355,T5c -> LPi09 -> LPi13 -> LPT27 -> PLP230 -> DNae002,"0.11794872,0.13043478,0.00552033,0.06020470,0.07706558"
T5c,720575940640806133,DNae002,720575940620380449,5,7.170140106675798e-08,0.0055203282357329355,T5c -> LPi09 -> LPi13 -> LPT27 -> WED075 -> DNae002,"0.11794872,0.13043478,0.00552033,0.03070439,0.02749638"
T5c,720575940640806133,DNp31,720575940628132745,5,7.70969850297861e-08,0.0055203282357329355,T5c -> LPi09 -> LPi13 -> LPT27 -> PLP020 -> DNp31,"0.11794872,0.13043478,0.00552033,0.03010235,0.03015682"
T5c,720575940640806133,DNp26,720575940627732361,4,2.300882421228936e-06,0.0055203282357329355,T5c -> LPi09 -> LPi13 -> LPT27 -> DNp26,"0.11794872,0.13043478,0.00552033,0.02709211"
T5c,720575940640806133,DNp31,720575940632189900,5,1.9328189576950022e-07,0.004873803307223673,T5c -> LPi09 -> LPi13 -> LPi11 -> LPT48_vCal3 -> DNp31,"0.11794872,0.13043478,0.00487380,0.05639476,0.04570858"
T5c,720575940640806133,DNp31,720575940628132745,5,7.93384200975241e-08,0.004873803307223673,T5c -> LPi09 -> LPi13 -> LPi11 -> LPT48_vCal3 -> DNp31,"0.11794872,0.13043478,0.00487380,0.05639476,0.01876248"
T5c,720575940628933675,DNae002,720575940620380449,5,1.854954398816921e-06,0.010991900704743873,T5c -> LPi09 -> LPi13 -> LPT27 -> PLP230 -> DNae002,"0.23255814,0.14376997,0.01099190,0.05888538,0.08571429"
T5c,720575940628933675,DNp26,720575940619432261,4,1.816309515508235e-05,0.010991900704743873,T5c -> LPi09 -> LPi13 -> LPT27 -> DNp26,"0.23255814,0.14376997,0.01099190,0.04942166"
T5c,720575940628933675,DNae002,720575940627139530,5,5.246456139498094e-07,0.010991900704743873,T5c -> LPi09 -> LPi13 -> LPT27 -> WED075 -> DNae002,"0.23255814,0.14376997,0.01099190,0.04468980,0.03194369"
T5c,720575940628933675,DNp31,720575940632189900,5,5.631349017196889e-07,0.010991900704743873,T5c -> LPi09 -> LPi13 -> LPT27 -> PLP020 -> DNp31,"0.23255814,0.14376997,0.01099190,0.04048370,0.03784946"
T5c,720575940628933675,DNp26,720575940619432261,5,2.1935898286083324e-07,0.010991900704743873,T5c -> LPi09 -> LPi13 -> LPT27 -> WED007 -> DNp26,"0.23255814,0.14376997,0.01099190,0.02103049,0.02838137"
T5c,720575940628933675,DNp31,720575940628132745,4,1.0152075187838855e-05,0.00857263069317345,T5c -> LPi09 -> LPi13 -> LPT48_vCal3 -> DNp31,"0.23255814,0.14376997,0.00857263,0.03541938"
T5c,720575940628933675,DNp31,720575940628132745,5,4.2703663541438907e-07,0.00857263069317345,T5c -> LPi09 -> LPi13 -> LPT48_vCal3 -> PS058 -> DNp31,"0.23255814,0.14376997,0.00857263,0.02976967,0.05004692"
T5c,720575940628933675,DNp31,720575940632189900,4,7.909899072733341e-06,0.00857263069317345,T5c -> LPi09 -> LPi13 -> LPT48_vCal3 -> DNp31,"0.23255814,0.14376997,0.00857263,0.02759670"
T5c,720575940628933675,DNp31,720575940632189900,5,4.693326865675413e-07,0.005890396549910592,T5c -> LPi09 -> LPi13 -> LPi11 -> LPC2 -> DNp31,"0.23255814,0.14376997,0.00589040,0.05385735,0.04424779"
T5c,720575940628933675,DNae002,720575940627139530,5,6.772660937177688e-07,0.005890396549910592,T5c -> LPi09 -> LPi13 -> LPi11 -> LLPC2 -> DNae002,"0.23255814,0.14376997,0.00589040,0.04585153,0.07500000"
T5c,720575940629713719,DNae002,720575940627139530,4,0.0001772111383470999,0.060204695966285374,T5c -> LPi09 -> LPT27 -> PLP230 -> DNae002,"0.22916667,0.16666667,0.06020470,0.07706558"
T5c,720575940629713719,DNp26,720575940619432261,5,1.8227398422334465e-05,0.060204695966285374,T5c -> LPi09 -> LPT27 -> PLP230 -> PLP035 -> DNp26,"0.22916667,0.16666667,0.06020470,0.06446832,0.12295544"
T5c,720575940629713719,DNae002,720575940627139530,5,1.6116366485070847e-05,0.0448314190440904,T5c -> LPi09 -> LPT27 -> PLP230 -> DNpe019 -> DNae002,"0.22916667,0.16666667,0.06020470,0.04483142,0.15633423"
T5c,720575940629713719,DNae010,720575940651341558,5,3.890157427430894e-06,0.03773584905660377,T5c -> LPi09 -> LPT27 -> PLP230 -> DNpe019 -> DNae010,"0.22916667,0.16666667,0.06020470,0.04483142,0.03773585"
T5c,720575940629713719,DNae002,720575940627139530,5,2.4093376495232098e-06,0.030752130418673584,T5c -> LPi09 -> LPT27 -> PLP230 -> DNa09 -> DNae002,"0.22916667,0.16666667,0.06020470,0.03075213,0.03407155"
T5c,720575940629713719,DNae010,720575940651341558,5,2.708544090382269e-06,0.026396562308164517,T5c -> LPi09 -> LPT27 -> LAL158 -> LAL019 -> DNae010,"0.22916667,0.16666667,0.04033715,0.02639656,0.06660137"
T5c,720575940629713719,DNae002,720575940627139530,5,2.0712395985276173e-06,0.026396562308164517,T5c -> LPi09 -> LPT27 -> LAL158 -> LAL019 -> DNae002,"0.22916667,0.16666667,0.04033715,0.02639656,0.05093046"
T5c,720575940629713719,DNp31,720575940632189900,5,6.803662149891189e-06,0.03913305237808549,T5c -> LPi09 -> LPT27 -> DNa10 -> IB008 -> DNp31,"0.22916667,0.16666667,0.03913305,0.04255319,0.10697115"
T5c,720575940629713719,DNp31,720575940628132745,5,4.586738528016532e-06,0.03913305237808549,T5c -> LPi09 -> LPT27 -> DNa10 -> IB008 -> DNp31,"0.22916667,0.16666667,0.03913305,0.04255319,0.07211538"
T5c,720575940629713719,DNae002,720575940620380449,5,8.872745581024446e-06,0.031306441902468396,T5c -> LPi09 -> LPT27 -> PLP078 -> PLP230 -> DNae002,"0.22916667,0.16666667,0.03130644,0.08657070,0.08571429"
T5c,720575940631219364,DNae002,720575940627139530,4,8.837542483803424e-05,0.060204695966285374,T5c -> LPi09 -> LPT27 -> PLP230 -> DNae002,"0.11428571,0.16666667,0.06020470,0.07706558"
T5c,720575940631219364,DNp26,720575940619432261,5,9.090027265164201e-06,0.060204695966285374,T5c -> LPi09 -> LPT27 -> PLP230 -> PLP035 -> DNp26,"0.11428571,0.16666667,0.06020470,0.06446832,0.12295544"
T5c,720575940631219364,DNae002,720575940627139530,5,8.037252896450917e-06,0.0448314190440904,T5c -> LPi09 -> LPT27 -> PLP230 -> DNpe019 -> DNae002,"0.11428571,0.16666667,0.06020470,0.04483142,0.15633423"
T5c,720575940631219364,DNae010,720575940651341558,5,1.94002656121229e-06,0.03773584905660377,T5c -> LPi09 -> LPT27 -> PLP230 -> DNpe019 -> DNae010,"0.11428571,0.16666667,0.06020470,0.04483142,0.03773585"
T5c,720575940631219364,DNae002,720575940627139530,5,1.2015398148271593e-06,0.030752130418673584,T5c -> LPi09 -> LPT27 -> PLP230 -> DNa09 -> DNae002,"0.11428571,0.16666667,0.06020470,0.03075213,0.03407155"
T5c,720575940631219364,DNae010,720575940651341558,5,1.3507544554633653e-06,0.026396562308164517,T5c -> LPi09 -> LPT27 -> LAL158 -> LAL019 -> DNae010,"0.11428571,0.16666667,0.04033715,0.02639656,0.06660137"
T5c,720575940631219364,DNae002,720575940627139530,5,1.0329298777072792e-06,0.026396562308164517,T5c -> LPi09 -> LPT27 -> LAL158 -> LAL019 -> DNae002,"0.11428571,0.16666667,0.04033715,0.02639656,0.05093046"
T5c,720575940631219364,DNp31,720575940632189900,5,3.3929951500756057e-06,0.03913305237808549,T5c -> LPi09 -> LPT27 -> DNa10 -> IB008 -> DNp31,"0.11428571,0.16666667,0.03913305,0.04255319,0.10697115"
T5c,720575940631219364,DNp31,720575940628132745,5,2.2874124607251273e-06,0.03913305237808549,T5c -> LPi09 -> LPT27 -> DNa10 -> IB008 -> DNp31,"0.11428571,0.16666667,0.03913305,0.04255319,0.07211538"
T5c,720575940631219364,DNae002,720575940620380449,5,4.424849744303099e-06,0.031306441902468396,T5c -> LPi09 -> LPT27 -> PLP078 -> PLP230 -> DNae002,"0.11428571,0.16666667,0.03130644,0.08657070,0.08571429"
T5c,720575940636074853,DNp31,720575940632189900,4,4.750081773920351e-06,0.0060673877906253885,T5c -> LPi09 -> LPi13 -> LPT48_vCal3 -> DNp31,"0.13131313,0.13043478,0.00606739,0.04570858"
T5c,720575940636074853,DNp31,720575940632189900,5,1.302720055533802e-07,0.0060673877906253885,T5c -> LPi09 -> LPi13 -> LPT48_vCal3 -> PLP103c -> DNp31,"0.13131313,0.13043478,0.00606739,0.01916168,0.06542056"
T5c,720575940636074853,DNp31,720575940628132745,4,1.949815225976039e-06,0.0060673877906253885,T5c -> LPi09 -> LPi13 -> LPT48_vCal3 -> DNp31,"0.13131313,0.13043478,0.00606739,0.01876248"
T5c,720575940636074853,DNp31,720575940632189900,5,8.810314362769806e-08,0.0060673877906253885,T5c -> LPi09 -> LPi13 -> LPT48_vCal3 -> PS058 -> DNp31,"0.13131313,0.13043478,0.00606739,0.01497006,0.05663234"
T5c,720575940636074853,DNae002,720575940627139530,5,4.3868955662178634e-07,0.0055203282357329355,T5c -> LPi09 -> LPi13 -> LPT27 -> PLP230 -> DNae002,"0.13131313,0.13043478,0.00552033,0.06020470,0.07706558"
T5c,720575940636074853,DNae002,720575940620380449,5,7.98256704893419e-08,0.0055203282357329355,T5c -> LPi09 -> LPi13 -> LPT27 -> WED075 -> DNae002,"0.13131313,0.13043478,0.00552033,0.03070439,0.02749638"
T5c,720575940636074853,DNp31,720575940628132745,5,8.583261179205437e-08,0.0055203282357329355,T5c -> LPi09 -> LPi13 -> LPT27 -> PLP020 -> DNp31,"0.13131313,0.13043478,0.00552033,0.03010235,0.03015682"
T5c,720575940636074853,DNp26,720575940627732361,4,2.5615884663220704e-06,0.0055203282357329355,T5c -> LPi09 -> LPi13 -> LPT27 -> DNp26,"0.13131313,0.13043478,0.00552033,0.02709211"
T5c,720575940636074853,DNp31,720575940632189900,5,2.1518208422296143e-07,0.004873803307223673,T5c -> LPi09 -> LPi13 -> LPi11 -> LPT48_vCal3 -> DNp31,"0.13131313,0.13043478,0.00487380,0.05639476,0.04570858"
T5c,720575940636074853,DNp31,720575940628132745,5,8.832801710462172e-08,0.004873803307223673,T5c -> LPi09 -> LPi13 -> LPi11 -> LPT48_vCal3 -> DNp31,"0.13131313,0.13043478,0.00487380,0.05639476,0.01876248"
T5c,720575940639040846,DNae002,720575940627139530,4,0.00012808568318050347,0.060204695966285374,T5c -> LPi09 -> LPT27 -> PLP230 -> DNae002,"0.18320611,0.15068493,0.06020470,0.07706558"
T5c,720575940639040846,DNp26,720575940619432261,5,1.317450359669307e-05,0.060204695966285374,T5c -> LPi09 -> LPT27 -> PLP230 -> PLP035 -> DNp26,"0.18320611,0.15068493,0.06020470,0.06446832,0.12295544"
T5c,720575940639040846,DNae002,720575940627139530,5,1.1648679822734465e-05,0.0448314190440904,T5c -> LPi09 -> LPT27 -> PLP230 -> DNpe019 -> DNae002,"0.18320611,0.15068493,0.06020470,0.04483142,0.15633423"
T5c,720575940639040846,DNae010,720575940651341558,5,2.811750302039354e-06,0.03773584905660377,T5c -> LPi09 -> LPT27 -> PLP230 -> DNpe019 -> DNae010,"0.18320611,0.15068493,0.06020470,0.04483142,0.03773585"
T5c,720575940639040846,DNae002,720575940627139530,5,1.7414348879540342e-06,0.030752130418673584,T5c -> LPi09 -> LPT27 -> PLP230 -> DNa09 -> DNae002,"0.18320611,0.15068493,0.06020470,0.03075213,0.03407155"
T5c,720575940639040846,DNae010,720575940651341558,5,1.9576970357337904e-06,0.026396562308164517,T5c -> LPi09 -> LPT27 -> LAL158 -> LAL019 -> DNae010,"0.18320611,0.15068493,0.04033715,0.02639656,0.06660137"
T5c,720575940639040846,DNae002,720575940627139530,5,1.4970624390905458e-06,0.026396562308164517,T5c -> LPi09 -> LPT27 -> LAL158 -> LAL019 -> DNae002,"0.18320611,0.15068493,0.04033715,0.02639656,0.05093046"
T5c,720575940639040846,DNp31,720575940632189900,5,4.917589959222827e-06,0.03913305237808549,T5c -> LPi09 -> LPT27 -> DNa10 -> IB008 -> DNp31,"0.18320611,0.15068493,0.03913305,0.04255319,0.10697115"
T5c,720575940639040846,DNp31,720575940628132745,5,3.315229185992917e-06,0.03913305237808549,T5c -> LPi09 -> LPT27 -> DNa10 -> IB008 -> DNp31,"0.18320611,0.15068493,0.03913305,0.04255319,0.07211538"
T5c,720575940639040846,DNae002,720575940620380449,5,6.413093951274805e-06,0.031306441902468396,T5c -> LPi09 -> LPT27 -> PLP078 -> PLP230 -> DNae002,"0.18320611,0.15068493,0.03130644,0.08657070,0.08571429"
T5c,720575940621798945,DNae002,720575940620380449,5,2.070696022044508e-05,0.06234413965087282,T5c -> LPC2 -> LLPC2 -> LPT42_Nod4 -> PLP230 -> DNae002,"0.12169312,0.06234414,0.20765027,0.15334477,0.08571429"
T5c,720575940621798945,DNae002,720575940627139530,5,3.2628907750264387e-06,0.03194369247428262,T5c -> LPC2 -> LLPC2 -> LPT42_Nod4 -> WED075 -> DNae002,"0.12169312,0.06234414,0.20765027,0.06483705,0.03194369"
T5c,720575940621798945,DNae010,720575940651341558,5,4.950055890569339e-06,0.050771869639794166,T5c -> LPC2 -> LLPC2 -> LPT42_Nod4 -> PLP178 -> DNae010,"0.12169312,0.06234414,0.20765027,0.05077187,0.06188605"
T5c,720575940621798945,DNa02,720575940629327659,5,3.1084856026544914e-06,0.040221402214022144,T5c -> LPC2 -> LLPC2 -> LPT42_Nod4 -> PLP012 -> DNa02,"0.12169312,0.06234414,0.20765027,0.04905660,0.04022140"
T5c,720575940621798945,DNp18,720575940618440000,5,2.2244208899729386e-06,0.028782287822878228,T5c -> LPC2 -> LLPC2 -> LPT42_Nod4 -> PLP012 -> DNp18,"0.12169312,0.06234414,0.20765027,0.04905660,0.02878229"
T5c,720575940621798945,DNp18,720575940618440000,5,4.5247745259094e-06,0.032590051457975985,T5c -> LPC2 -> LLPC2 -> LPT42_Nod4 -> PS010 -> DNp18,"0.12169312,0.06234414,0.20765027,0.03259005,0.08812877"
T5c,720575940621798945,DNae010,720575940651341558,5,2.1900735148237275e-06,0.032590051457975985,T5c -> LPC2 -> LLPC2 -> LPT42_Nod4 -> PS010 -> DNae010,"0.12169312,0.06234414,0.20765027,0.03259005,0.04265594"
T5c,720575940621798945,DNae002,720575940620380449,5,2.29791383339543e-06,0.02881646655231561,T5c -> LPC2 -> LLPC2 -> LPT42_Nod4 -> WED146a -> DNae002,"0.12169312,0.06234414,0.20765027,0.02881647,0.05061728"
T5c,720575940621798945,DNae010,720575940651341558,5,4.7260224313343145e-06,0.026415094339622643,T5c -> LPC2 -> LLPC2 -> LPT42_Nod4 -> PS057 -> DNae010,"0.12169312,0.06234414,0.20765027,0.02641509,0.11356629"
T5c,720575940621798945,DNp31,720575940628132745,3,0.0007877060464171921,0.06234413965087282,T5c -> LPC2 -> LLPC2 -> DNp31,"0.12169312,0.06234414,0.10382514"
T5c,720575940627264168,DNp31,720575940632189900,4,5.4813245494294046e-06,0.0060673877906253885,T5c -> LPi09 -> LPi13 -> LPT48_vCal3 -> DNp31,"0.15243902,0.12965517,0.00606739,0.04570858"
T5c,720575940627264168,DNp31,720575940632189900,5,1.5032649460133697e-07,0.0060673877906253885,T5c -> LPi09 -> LPi13 -> LPT48_vCal3 -> PLP103c -> DNp31,"0.15243902,0.12965517,0.00606739,0.01916168,0.06542056"
T5c,720575940627264168,DNp31,720575940628132745,4,2.2499760159229872e-06,0.0060673877906253885,T5c -> LPi09 -> LPi13 -> LPT48_vCal3 -> DNp31,"0.15243902,0.12965517,0.00606739,0.01876248"
T5c,720575940627264168,DNp31,720575940632189900,5,1.016660232461303e-07,0.0060673877906253885,T5c -> LPi09 -> LPi13 -> LPT48_vCal3 -> PS058 -> DNp31,"0.15243902,0.12965517,0.00606739,0.01497006,0.05663234"
T5c,720575940627264168,DNae002,720575940627139530,5,5.062228295713586e-07,0.0055203282357329355,T5c -> LPi09 -> LPi13 -> LPT27 -> PLP230 -> DNae002,"0.15243902,0.12965517,0.00552033,0.06020470,0.07706558"
T5c,720575940627264168,DNae002,720575940620380449,5,9.211428942764742e-08,0.0055203282357329355,T5c -> LPi09 -> LPi13 -> LPT27 -> WED075 -> DNae002,"0.15243902,0.12965517,0.00552033,0.03070439,0.02749638"
T5c,720575940627264168,DNp31,720575940628132745,5,9.904595848023402e-08,0.0055203282357329355,T5c -> LPi09 -> LPi13 -> LPT27 -> PLP020 -> DNp31,"0.15243902,0.12965517,0.00552033,0.03010235,0.03015682"
T5c,720575940627264168,DNp26,720575940627732361,4,2.955927584884104e-06,0.0055203282357329355,T5c -> LPi09 -> LPi13 -> LPT27 -> DNp26,"0.15243902,0.12965517,0.00552033,0.02709211"
T5c,720575940627264168,DNp31,720575940632189900,5,2.483079022606489e-07,0.004873803307223673,T5c -> LPi09 -> LPi13 -> LPi11 -> LPT48_vCal3 -> DNp31,"0.15243902,0.12965517,0.00487380,0.05639476,0.04570858"
T5c,720575940627264168,DNp31,720575940628132745,5,1.0192551446506985e-07,0.004873803307223673,T5c -> LPi09 -> LPi13 -> LPi11 -> LPT48_vCal3 -> DNp31,"0.15243902,0.12965517,0.00487380,0.05639476,0.01876248"
T5c,720575940624817191,DNae002,720575940627139530,4,0.0001268351004619936,0.060204695966285374,T5c -> LPi09 -> LPT27 -> PLP230 -> DNae002,"0.16402116,0.16666667,0.06020470,0.07706558"
T5c,720575940624817191,DNp26,720575940619432261,5,1.3045872463893067e-05,0.060204695966285374,T5c -> LPi09 -> LPT27 -> PLP230 -> PLP035 -> DNp26,"0.16402116,0.16666667,0.06020470,0.06446832,0.12295544"
T5c,720575940624817191,DNae002,720575940627139530,5,1.1534946286573075e-05,0.0448314190440904,T5c -> LPi09 -> LPT27 -> PLP230 -> DNpe019 -> DNae002,"0.16402116,0.16666667,0.06020470,0.04483142,0.15633423"
T5c,720575940624817191,DNae010,720575940651341558,5,2.784297379517639e-06,0.03773584905660377,T5c -> LPi09 -> LPT27 -> PLP230 -> DNpe019 -> DNae010,"0.16402116,0.16666667,0.06020470,0.04483142,0.03773585"
T5c,720575940624817191,DNae002,720575940627139530,5,1.72443214165009e-06,0.030752130418673584,T5c -> LPi09 -> LPT27 -> PLP230 -> DNa09 -> DNae002,"0.16402116,0.16666667,0.06020470,0.03075213,0.03407155"
T5c,720575940624817191,DNae010,720575940651341558,5,1.938582783303904e-06,0.026396562308164517,T5c -> LPi09 -> LPT27 -> LAL158 -> LAL019 -> DNae010,"0.16402116,0.16666667,0.04033715,0.02639656,0.06660137"
T5c,720575940624817191,DNae002,720575940627139530,5,1.4824456578206323e-06,0.026396562308164517,T5c -> LPi09 -> LPT27 -> LAL158 -> LAL019 -> DNae002,"0.16402116,0.16666667,0.04033715,0.02639656,0.05093046"
T5c,720575940624817191,DNp31,720575940632189900,5,4.869576372793694e-06,0.03913305237808549,T5c -> LPi09 -> LPT27 -> DNa10 -> IB008 -> DNp31,"0.16402116,0.16666667,0.03913305,0.04255319,0.10697115"
T5c,720575940624817191,DNp31,720575940628132745,5,3.2828604760406925e-06,0.03913305237808549,T5c -> LPi09 -> LPT27 -> DNa10 -> IB008 -> DNp31,"0.16402116,0.16666667,0.03913305,0.04255319,0.07211538"
T5c,720575940624817191,DNae002,720575940620380449,5,6.350478799694263e-06,0.031306441902468396,T5c -> LPi09 -> LPT27 -> PLP078 -> PLP230 -> DNae002,"0.16402116,0.16666667,0.03130644,0.08657070,0.08571429"
T5c,720575940628259689,DNp31,720575940632189900,4,6.95951400856585e-06,0.0060673877906253885,T5c -> LPi09 -> LPi13 -> LPT48_vCal3 -> DNp31,"0.19354839,0.12965517,0.00606739,0.04570858"
T5c,720575940628259689,DNp31,720575940632189900,5,1.908661557260846e-07,0.0060673877906253885,T5c -> LPi09 -> LPi13 -> LPT48_vCal3 -> PLP103c -> DNp31,"0.19354839,0.12965517,0.00606739,0.01916168,0.06542056"
T5c,720575940628259689,DNp31,720575940628132745,4,2.8567437415073794e-06,0.0060673877906253885,T5c -> LPi09 -> LPi13 -> LPT48_vCal3 -> DNp31,"0.19354839,0.12965517,0.00606739,0.01876248"
T5c,720575940628259689,DNp31,720575940632189900,5,1.2908305403121576e-07,0.0060673877906253885,T5c -> LPi09 -> LPi13 -> LPT48_vCal3 -> PS058 -> DNp31,"0.19354839,0.12965517,0.00606739,0.01497006,0.05663234"
T5c,720575940628259689,DNae002,720575940627139530,5,6.42739695868667e-07,0.0055203282357329355,T5c -> LPi09 -> LPi13 -> LPT27 -> PLP230 -> DNae002,"0.19354839,0.12965517,0.00552033,0.06020470,0.07706558"
T5c,720575940628259689,DNae002,720575940620380449,5,1.1695543328620008e-07,0.0055203282357329355,T5c -> LPi09 -> LPi13 -> LPT27 -> WED075 -> DNae002,"0.19354839,0.12965517,0.00552033,0.03070439,0.02749638"
T5c,720575940628259689,DNp31,720575940628132745,5,1.2575641696071004e-07,0.0055203282357329355,T5c -> LPi09 -> LPi13 -> LPT27 -> PLP020 -> DNp31,"0.19354839,0.12965517,0.00552033,0.03010235,0.03015682"
T5c,720575940628259689,DNp26,720575940627732361,4,3.7530745077754304e-06,0.0055203282357329355,T5c -> LPi09 -> LPi13 -> LPT27 -> DNp26,"0.19354839,0.12965517,0.00552033,0.02709211"
T5c,720575940628259689,DNp31,720575940632189900,5,3.152709365477142e-07,0.004873803307223673,T5c -> LPi09 -> LPi13 -> LPi11 -> LPT48_vCal3 -> DNp31,"0.19354839,0.12965517,0.00487380,0.05639476,0.04570858"
T5c,720575940628259689,DNp31,720575940628132745,5,1.2941252417242419e-07,0.004873803307223673,T5c -> LPi09 -> LPi13 -> LPi11 -> LPT48_vCal3 -> DNp31,"0.19354839,0.12965517,0.00487380,0.05639476,0.01876248"
T5c,720575940631037015,DNae002,720575940620380449,4,0.00039481023708153046,0.058885383806519455,T5c -> LPi09 -> LPT27 -> PLP230 -> DNae002,"0.29670330,0.26363636,0.05888538,0.08571429"
T5c,720575940631037015,DNp26,720575940627732361,5,2.525864229456947e-05,0.058885383806519455,T5c -> LPi09 -> LPT27 -> PLP230 -> PLP035 -> DNp26,"0.29670330,0.26363636,0.05888538,0.07058824,0.07768595"
T5c,720575940631037015,DNae002,720575940620380449,5,2.12123006326768e-05,0.044369747899159664,T5c -> LPi09 -> LPT27 -> PLP230 -> DNpe019 -> DNae002,"0.29670330,0.26363636,0.05888538,0.04436975,0.10379242"
T5c,720575940631037015,DNae002,720575940620380449,5,2.8909533274794038e-05,0.03563025210084034,T5c -> LPi09 -> LPT27 -> PLP230 -> DNp51 -> DNae002,"0.29670330,0.26363636,0.05888538,0.03563025,0.17615176"
T5c,720575940631037015,DNae002,720575940627139530,5,2.7247973240001046e-05,0.05152471083070452,T5c -> LPi09 -> LPT27 -> PLP078 -> PLP230 -> DNae002,"0.29670330,0.26363636,0.05152471,0.08772644,0.07706558"
T5c,720575940631037015,DNae010,720575940630868281,5,1.2696409448029516e-05,0.05008710801393728,T5c -> LPi09 -> LPT27 -> PLP078 -> PLP178 -> DNae010,"0.29670330,0.26363636,0.05152471,0.06289436,0.05008711"
T5c,720575940631037015,DNp31,720575940628132745,5,7.005723959962509e-06,0.03684103399145125,T5c -> LPi09 -> LPT27 -> PLP078 ->  -> DNp31,"0.29670330,0.26363636,0.05152471,0.03684103,0.04718218"
T5c,720575940631037015,DNp26,720575940619432261,3,0.0038658502380899853,0.04942166140904311,T5c -> LPi09 -> LPT27 -> DNp26,"0.29670330,0.26363636,0.04942166"
T5c,720575940631037015,DNa16,720575940632962786,5,1.2236990786758787e-05,0.033567948023822416,T5c -> LPi09 -> LPT27 -> WED075 -> PS013 -> DNa16,"0.29670330,0.26363636,0.04468980,0.03356795,0.10428305"
T5c,720575940631037015,DNa02,720575940629327659,5,9.13403955154495e-06,0.033567948023822416,T5c -> LPi09 -> LPT27 -> WED075 -> PS013 -> DNa02,"0.29670330,0.26363636,0.04468980,0.03356795,0.07783985"
T5c,720575940614724502,DNp26,720575940619432261,5,1.6880877762039222e-06,0.010991900704743873,T5c -> LPi09 -> LPT45_dCal1 -> LPi13 -> LPT27 -> DNp26,"0.11333333,0.23102310,0.11868390,0.01099190,0.04942166"
T5c,720575940614724502,DNp31,720575940628132745,5,9.435392966544312e-07,0.00857263069317345,T5c -> LPi09 -> LPT45_dCal1 -> LPi13 -> LPT48_vCal3 -> DNp31,"0.11333333,0.23102310,0.11868390,0.00857263,0.03541938"
T5c,720575940614724502,DNp31,720575940632189900,5,7.35150249540569e-07,0.00857263069317345,T5c -> LPi09 -> LPT45_dCal1 -> LPi13 -> LPT48_vCal3 -> DNp31,"0.11333333,0.23102310,0.11868390,0.00857263,0.02759670"
T5c,720575940614724502,DNp31,720575940632189900,5,4.3232002927225047e-07,0.0060673877906253885,T5c -> LPi09 -> LPT45_dCal1 -> LPi13 -> LPT48_vCal3 -> DNp31,"0.11333333,0.23102310,0.05953780,0.00606739,0.04570858"
T5c,720575940614724502,DNp31,720575940628132745,5,1.7745887664450457e-07,0.0060673877906253885,T5c -> LPi09 -> LPT45_dCal1 -> LPi13 -> LPT48_vCal3 -> DNp31,"0.11333333,0.23102310,0.05953780,0.00606739,0.01876248"
T5c,720575940614724502,DNp26,720575940627732361,5,2.3313830233912647e-07,0.0055203282357329355,T5c -> LPi09 -> LPT45_dCal1 -> LPi13 -> LPT27 -> DNp26,"0.11333333,0.23102310,0.05953780,0.00552033,0.02709211"
T5c,720575940614724502,DNp15,720575940616293855,5,2.314769916736112e-06,0.03799451625538582,T5c -> LPi09 -> LPT45_dCal1 -> LPi14 -> H2 -> DNp15,"0.11333333,0.23102310,0.03799452,0.05921117,0.03929798"
T5c,720575940614724502,DNb03,720575940634163682,5,1.494487373426713e-06,0.025371995421594812,T5c -> LPi09 -> LPT45_dCal1 -> LPi14 -> H2 -> DNb03,"0.11333333,0.23102310,0.03799452,0.05921117,0.02537200"
T5c,720575940614724502,DNb03,720575940620776880,5,1.3034626715601409e-06,0.022128958412819536,T5c -> LPi09 -> LPT45_dCal1 -> LPi14 -> H2 -> DNb03,"0.11333333,0.23102310,0.03799452,0.05921117,0.02212896"
T5c,720575940614724502,DNg41,720575940636329579,5,1.2585156828856532e-06,0.021365890881343,T5c -> LPi09 -> LPT45_dCal1 -> LPi14 -> H2 -> DNg41,"0.11333333,0.23102310,0.03799452,0.05921117,0.02136589"
T5c,720575940618040404,DNae002,720575940620380449,4,0.00022408354182530186,0.058885383806519455,T5c -> LPi09 -> LPT27 -> PLP230 -> DNae002,"0.17931034,0.24759615,0.05888538,0.08571429"
T5c,720575940618040404,DNp26,720575940627732361,5,1.4336117697719846e-05,0.058885383806519455,T5c -> LPi09 -> LPT27 -> PLP230 -> PLP035 -> DNp26,"0.17931034,0.24759615,0.05888538,0.07058824,0.07768595"
T5c,720575940618040404,DNae002,720575940620380449,5,1.2039524332424343e-05,0.044369747899159664,T5c -> LPi09 -> LPT27 -> PLP230 -> DNpe019 -> DNae002,"0.17931034,0.24759615,0.05888538,0.04436975,0.10379242"
T5c,720575940618040404,DNae002,720575940620380449,5,1.6408264022278862e-05,0.03563025210084034,T5c -> LPi09 -> LPT27 -> PLP230 -> DNp51 -> DNae002,"0.17931034,0.24759615,0.05888538,0.03563025,0.17615176"
T5c,720575940618040404,DNae002,720575940627139530,5,1.546520778264317e-05,0.05152471083070452,T5c -> LPi09 -> LPT27 -> PLP078 -> PLP230 -> DNae002,"0.17931034,0.24759615,0.05152471,0.08772644,0.07706558"
T5c,720575940618040404,DNae010,720575940630868281,5,7.206136341877984e-06,0.05008710801393728,T5c -> LPi09 -> LPT27 -> PLP078 -> PLP178 -> DNae010,"0.17931034,0.24759615,0.05152471,0.06289436,0.05008711"
T5c,720575940618040404,DNp31,720575940628132745,5,3.976258188245995e-06,0.03684103399145125,T5c -> LPi09 -> LPT27 -> PLP078 ->  -> DNp31,"0.17931034,0.24759615,0.05152471,0.03684103,0.04718218"
T5c,720575940618040404,DNp26,720575940619432261,3,0.002194151347039414,0.04942166140904311,T5c -> LPi09 -> LPT27 -> DNp26,"0.17931034,0.24759615,0.04942166"
T5c,720575940618040404,DNa16,720575940632962786,5,6.94538281745272e-06,0.033567948023822416,T5c -> LPi09 -> LPT27 -> WED075 -> PS013 -> DNa16,"0.17931034,0.24759615,0.04468980,0.03356795,0.10428305"
T5c,720575940618040404,DNa02,720575940629327659,5,5.18423217445578e-06,0.033567948023822416,T5c -> LPi09 -> LPT27 -> WED075 -> PS013 -> DNa02,"0.17931034,0.24759615,0.04468980,0.03356795,0.07783985"
T5c,720575940637701598,DNp31,720575940632189900,5,2.1737306115229707e-06,0.0060673877906253885,T5c -> LPi09 -> LPT45_dCal1 -> LPi13 -> LPT48_vCal3 -> DNp31,"0.23880597,0.18021201,0.18212824,0.00606739,0.04570858"
T5c,720575940637701598,DNp31,720575940628132745,5,8.922737007998221e-07,0.0060673877906253885,T5c -> LPi09 -> LPT45_dCal1 -> LPi13 -> LPT48_vCal3 -> DNp31,"0.23880597,0.18021201,0.18212824,0.00606739,0.01876248"
T5c,720575940637701598,DNp26,720575940627732361,5,1.1722331379514122e-06,0.0055203282357329355,T5c -> LPi09 -> LPT45_dCal1 -> LPi13 -> LPT27 -> DNp26,"0.23880597,0.18021201,0.18212824,0.00552033,0.02709211"
T5c,720575940637701598,DNp26,720575940619432261,5,8.372292469759863e-07,0.010991900704743873,T5c -> LPi09 -> LPT45_dCal1 -> LPi13 -> LPT27 -> DNp26,"0.23880597,0.18021201,0.03581173,0.01099190,0.04942166"
T5c,720575940637701598,DNp31,720575940628132745,5,4.679606747740667e-07,0.00857263069317345,T5c -> LPi09 -> LPT45_dCal1 -> LPi13 -> LPT48_vCal3 -> DNp31,"0.23880597,0.18021201,0.03581173,0.00857263,0.03541938"
T5c,720575940637701598,DNp31,720575940632189900,5,3.6460739690985564e-07,0.00857263069317345,T5c -> LPi09 -> LPT45_dCal1 -> LPi13 -> LPT48_vCal3 -> DNp31,"0.23880597,0.18021201,0.03581173,0.00857263,0.02759670"
T5c,720575940637701598,DNp31,720575940628132745,5,1.6606849333580475e-06,0.021145975443383355,T5c -> LPi09 -> LPT45_dCal1 -> PLP248 -> PLP020 -> DNp31,"0.23880597,0.18021201,0.02114598,0.06051250,0.03015682"
T5c,720575940637701598,DNp31,720575940632189900,5,8.507371499378452e-07,0.021145975443383355,T5c -> LPi09 -> LPT45_dCal1 -> PLP248 -> PLP020 -> DNp31,"0.23880597,0.18021201,0.02114598,0.02469898,0.03784946"
T5c,720575940637701598,DNb03,720575940611016910,5,2.0118487872364044e-06,0.015006821282401092,T5c -> LPi09 -> LPT45_dCal1 -> LPi14 -> H2 -> DNb03,"0.23880597,0.18021201,0.01500682,0.07330021,0.04249839"
T5c,720575940637701598,DNb03,720575940627997050,5,1.9712053773932446e-06,0.015006821282401092,T5c -> LPi09 -> LPT45_dCal1 -> LPi14 -> H2 -> DNb03,"0.23880597,0.18021201,0.01500682,0.07330021,0.04163984"
T5c,720575940621942908,DNp26,720575940619432261,5,3.3155758234539403e-06,0.010991900704743873,T5c -> LPi09 -> LPT45_dCal1 -> LPi13 -> LPT27 -> DNp26,"0.22656250,0.22698073,0.11868390,0.01099190,0.04942166"
T5c,720575940621942908,DNp31,720575940628132745,5,1.853206998217288e-06,0.00857263069317345,T5c -> LPi09 -> LPT45_dCal1 -> LPi13 -> LPT48_vCal3 -> DNp31,"0.22656250,0.22698073,0.11868390,0.00857263,0.03541938"
T5c,720575940621942908,DNp31,720575940632189900,5,1.4439097470772733e-06,0.00857263069317345,T5c -> LPi09 -> LPT45_dCal1 -> LPi13 -> LPT48_vCal3 -> DNp31,"0.22656250,0.22698073,0.11868390,0.00857263,0.02759670"
T5c,720575940621942908,DNp31,720575940632189900,5,8.49120441043238e-07,0.0060673877906253885,T5c -> LPi09 -> LPT45_dCal1 -> LPi13 -> LPT48_vCal3 -> DNp31,"0.22656250,0.22698073,0.05953780,0.00606739,0.04570858"
T5c,720575940621942908,DNp31,720575940628132745,5,3.485472552753903e-07,0.0060673877906253885,T5c -> LPi09 -> LPT45_dCal1 -> LPi13 -> LPT48_vCal3 -> DNp31,"0.22656250,0.22698073,0.05953780,0.00606739,0.01876248"
T5c,720575940621942908,DNp26,720575940627732361,5,4.579073017725148e-07,0.0055203282357329355,T5c -> LPi09 -> LPT45_dCal1 -> LPi13 -> LPT27 -> DNp26,"0.22656250,0.22698073,0.05953780,0.00552033,0.02709211"
T5c,720575940621942908,DNp15,720575940616293855,5,4.54644318913759e-06,0.03799451625538582,T5c -> LPi09 -> LPT45_dCal1 -> LPi14 -> H2 -> DNp15,"0.22656250,0.22698073,0.03799452,0.05921117,0.03929798"
T5c,720575940621942908,DNb03,720575940634163682,5,2.935324971627668e-06,0.025371995421594812,T5c -> LPi09 -> LPT45_dCal1 -> LPi14 -> H2 -> DNb03,"0.22656250,0.22698073,0.03799452,0.05921117,0.02537200"
T5c,720575940621942908,DNb03,720575940620776880,5,2.560133057960974e-06,0.022128958412819536,T5c -> LPi09 -> LPT45_dCal1 -> LPi14 -> H2 -> DNb03,"0.22656250,0.22698073,0.03799452,0.05921117,0.02212896"
T5c,720575940621942908,DNg41,720575940636329579,5,2.4718526076864577e-06,0.021365890881343,T5c -> LPi09 -> LPT45_dCal1 -> LPi14 -> H2 -> DNg41,"0.22656250,0.22698073,0.03799452,0.05921117,0.02136589"
T5c,720575940620575085,DNae002,720575940620380449,4,0.0001995985087467737,0.058885383806519455,T5c -> LPi09 -> LPT27 -> PLP230 -> DNae002,"0.15000000,0.26363636,0.05888538,0.08571429"
T5c,720575940620575085,DNp26,720575940627732361,5,1.2769646937810122e-05,0.058885383806519455,T5c -> LPi09 -> LPT27 -> PLP230 -> PLP035 -> DNp26,"0.15000000,0.26363636,0.05888538,0.07058824,0.07768595"
T5c,720575940620575085,DNae002,720575940620380449,5,1.0723996430964384e-05,0.044369747899159664,T5c -> LPi09 -> LPT27 -> PLP230 -> DNpe019 -> DNae002,"0.15000000,0.26363636,0.05888538,0.04436975,0.10379242"
T5c,720575940620575085,DNae002,720575940620380449,5,1.4615375155590316e-05,0.03563025210084034,T5c -> LPi09 -> LPT27 -> PLP230 -> DNp51 -> DNae002,"0.15000000,0.26363636,0.05888538,0.03563025,0.17615176"
T5c,720575940620575085,DNae002,720575940627139530,5,1.3775364249111641e-05,0.05152471083070452,T5c -> LPi09 -> LPT27 -> PLP078 -> PLP230 -> DNae002,"0.15000000,0.26363636,0.05152471,0.08772644,0.07706558"
T5c,720575940620575085,DNae010,720575940630868281,5,6.4187403320593646e-06,0.05008710801393728,T5c -> LPi09 -> LPT27 -> PLP078 -> PLP178 -> DNae010,"0.15000000,0.26363636,0.05152471,0.06289436,0.05008711"
T5c,720575940620575085,DNp31,720575940628132745,5,3.5417826686477125e-06,0.03684103399145125,T5c -> LPi09 -> LPT27 -> PLP078 ->  -> DNp31,"0.15000000,0.26363636,0.05152471,0.03684103,0.04718218"
T5c,720575940620575085,DNp26,720575940619432261,3,0.001954402064812159,0.04942166140904311,T5c -> LPi09 -> LPT27 -> DNp26,"0.15000000,0.26363636,0.04942166"
T5c,720575940620575085,DNa16,720575940632962786,5,6.186478675528054e-06,0.033567948023822416,T5c -> LPi09 -> LPT27 -> WED075 -> PS013 -> DNa16,"0.15000000,0.26363636,0.04468980,0.03356795,0.10428305"
T5c,720575940620575085,DNa02,720575940629327659,5,4.617764439947726e-06,0.033567948023822416,T5c -> LPi09 -> LPT27 -> WED075 -> PS013 -> DNa02,"0.15000000,0.26363636,0.04468980,0.03356795,0.07783985"
T5c,720575940614971005,DNp31,720575940632189900,4,4.455928951285215e-06,0.0060673877906253885,T5c -> LPi09 -> LPi13 -> LPT48_vCal3 -> DNp31,"0.15107914,0.10634921,0.00606739,0.04570858"
T5c,720575940614971005,DNp31,720575940632189900,5,1.2220480166770045e-07,0.0060673877906253885,T5c -> LPi09 -> LPi13 -> LPT48_vCal3 -> PLP103c -> DNp31,"0.15107914,0.10634921,0.00606739,0.01916168,0.06542056"
T5c,720575940614971005,DNp31,720575940628132745,4,1.8290712725799573e-06,0.0060673877906253885,T5c -> LPi09 -> LPi13 -> LPT48_vCal3 -> DNp31,"0.15107914,0.10634921,0.00606739,0.01876248"
T5c,720575940614971005,DNp31,720575940632189900,5,8.264728210476533e-08,0.0060673877906253885,T5c -> LPi09 -> LPi13 -> LPT48_vCal3 -> PS058 -> DNp31,"0.15107914,0.10634921,0.00606739,0.01497006,0.05663234"
T5c,720575940614971005,DNae002,720575940627139530,5,4.115233356002158e-07,0.0055203282357329355,T5c -> LPi09 -> LPi13 -> LPT27 -> PLP230 -> DNae002,"0.15107914,0.10634921,0.00552033,0.06020470,0.07706558"
T5c,720575940614971005,DNae002,720575940620380449,5,7.488239847619447e-08,0.0055203282357329355,T5c -> LPi09 -> LPi13 -> LPT27 -> WED075 -> DNae002,"0.15107914,0.10634921,0.00552033,0.03070439,0.02749638"
T5c,720575940614971005,DNp31,720575940628132745,5,8.051735486923705e-08,0.0055203282357329355,T5c -> LPi09 -> LPi13 -> LPT27 -> PLP020 -> DNp31,"0.15107914,0.10634921,0.00552033,0.03010235,0.03015682"
T5c,720575940614971005,DNp26,720575940627732361,4,2.40295993871751e-06,0.0055203282357329355,T5c -> LPi09 -> LPi13 -> LPT27 -> DNp26,"0.15107914,0.10634921,0.00552033,0.02709211"
T5c,720575940614971005,DNp31,720575940632189900,5,2.0185675205663633e-07,0.004873803307223673,T5c -> LPi09 -> LPi13 -> LPi11 -> LPT48_vCal3 -> DNp31,"0.15107914,0.10634921,0.00487380,0.05639476,0.04570858"
T5c,720575940614971005,DNp31,720575940628132745,5,8.285823010185072e-08,0.004873803307223673,T5c -> LPi09 -> LPi13 -> LPi11 -> LPT48_vCal3 -> DNp31,"0.15107914,0.10634921,0.00487380,0.05639476,0.01876248"
T5c,720575940617732948,DNp31,720575940632189900,4,6.746490568687497e-06,0.0060673877906253885,T5c -> LPi09 -> LPi13 -> LPT48_vCal3 -> DNp31,"0.15126050,0.16082474,0.00606739,0.04570858"
T5c,720575940617732948,DNp31,720575940632189900,5,1.850239424624739e-07,0.0060673877906253885,T5c -> LPi09 -> LPi13 -> LPT48_vCal3 -> PLP103c -> DNp31,"0.15126050,0.16082474,0.00606739,0.01916168,0.06542056"
T5c,720575940617732948,DNp31,720575940628132745,4,2.769301805487444e-06,0.0060673877906253885,T5c -> LPi09 -> LPi13 -> LPT48_vCal3 -> DNp31,"0.15126050,0.16082474,0.00606739,0.01876248"
T5c,720575940617732948,DNp31,720575940632189900,5,1.251319568474342e-07,0.0060673877906253885,T5c -> LPi09 -> LPi13 -> LPT48_vCal3 -> PS058 -> DNp31,"0.15126050,0.16082474,0.00606739,0.01497006,0.05663234"
T5c,720575940617732948,DNae002,720575940627139530,5,6.230661064784037e-07,0.0055203282357329355,T5c -> LPi09 -> LPi13 -> LPT27 -> PLP230 -> DNae002,"0.15126050,0.16082474,0.00552033,0.06020470,0.07706558"
T5c,720575940617732948,DNae002,720575940620380449,5,1.1337554988048744e-07,0.0055203282357329355,T5c -> LPi09 -> LPi13 -> LPT27 -> WED075 -> DNae002,"0.15126050,0.16082474,0.00552033,0.03070439,0.02749638"
T5c,720575940617732948,DNp31,720575940628132745,5,1.2190714465595216e-07,0.0055203282357329355,T5c -> LPi09 -> LPi13 -> LPT27 -> PLP020 -> DNp31,"0.15126050,0.16082474,0.00552033,0.03010235,0.03015682"
T5c,720575940617732948,DNp26,720575940627732361,4,3.6381968251122365e-06,0.0055203282357329355,T5c -> LPi09 -> LPi13 -> LPT27 -> DNp26,"0.15126050,0.16082474,0.00552033,0.02709211"
T5c,720575940617732948,DNp31,720575940632189900,5,3.056208231469218e-07,0.004873803307223673,T5c -> LPi09 -> LPi13 -> LPi11 -> LPT48_vCal3 -> DNp31,"0.15126050,0.16082474,0.00487380,0.05639476,0.04570858"
T5c,720575940617732948,DNp31,720575940628132745,5,1.2545134225244824e-07,0.004873803307223673,T5c -> LPi09 -> LPi13 -> LPi11 -> LPT48_vCal3 -> DNp31,"0.15126050,0.16082474,0.00487380,0.05639476,0.01876248"
T5c,720575940622362845,DNae002,720575940620380449,4,0.0001315150425690606,0.058885383806519455,T5c -> LPi09 -> LPT27 -> PLP230 -> DNae002,"0.14743590,0.17673049,0.05888538,0.08571429"
T5c,720575940622362845,DNp26,720575940627732361,5,8.413893826975388e-06,0.058885383806519455,T5c -> LPi09 -> LPT27 -> PLP230 -> PLP035 -> DNp26,"0.14743590,0.17673049,0.05888538,0.07058824,0.07768595"
T5c,720575940622362845,DNae002,720575940620380449,5,7.06601895968089e-06,0.044369747899159664,T5c -> LPi09 -> LPT27 -> PLP230 -> DNpe019 -> DNae002,"0.14743590,0.17673049,0.05888538,0.04436975,0.10379242"
T5c,720575940622362845,DNae002,720575940620380449,5,9.630040313521733e-06,0.03563025210084034,T5c -> LPi09 -> LPT27 -> PLP230 -> DNp51 -> DNae002,"0.14743590,0.17673049,0.05888538,0.03563025,0.17615176"
T5c,720575940622362845,DNae002,720575940627139530,5,9.076558873115911e-06,0.05152471083070452,T5c -> LPi09 -> LPT27 -> PLP078 -> PLP230 -> DNae002,"0.14743590,0.17673049,0.05152471,0.08772644,0.07706558"
T5c,720575940622362845,DNae010,720575940630868281,5,4.2292946641274865e-06,0.05008710801393728,T5c -> LPi09 -> LPT27 -> PLP078 -> PLP178 -> DNae010,"0.14743590,0.17673049,0.05152471,0.06289436,0.05008711"
T5c,720575940622362845,DNp31,720575940628132745,5,2.333673239154869e-06,0.03684103399145125,T5c -> LPi09 -> LPT27 -> PLP078 ->  -> DNp31,"0.14743590,0.17673049,0.05152471,0.03684103,0.04718218"
T5c,720575940622362845,DNp26,720575940619432261,3,0.0012877514584887183,0.04942166140904311,T5c -> LPi09 -> LPT27 -> DNp26,"0.14743590,0.17673049,0.04942166"
T5c,720575940622362845,DNa16,720575940632962786,5,4.076257941370059e-06,0.033567948023822416,T5c -> LPi09 -> LPT27 -> WED075 -> PS013 -> DNa16,"0.14743590,0.17673049,0.04468980,0.03356795,0.10428305"
T5c,720575940622362845,DNa02,720575940629327659,5,3.0426353919512227e-06,0.033567948023822416,T5c -> LPi09 -> LPT27 -> WED075 -> PS013 -> DNa02,"0.14743590,0.17673049,0.04468980,0.03356795,0.07783985"
T5c,720575940620441560,DNae002,720575940620380449,4,0.0001482389606595871,0.058885383806519455,T5c -> LPi09 -> LPT27 -> PLP230 -> DNae002,"0.18934911,0.15510949,0.05888538,0.08571429"
T5c,720575940620441560,DNp26,720575940627732361,5,9.483834332912814e-06,0.058885383806519455,T5c -> LPi09 -> LPT27 -> PLP230 -> PLP035 -> DNp26,"0.18934911,0.15510949,0.05888538,0.07058824,0.07768595"
T5c,720575940620441560,DNae002,720575940620380449,5,7.96455892894529e-06,0.044369747899159664,T5c -> LPi09 -> LPT27 -> PLP230 -> DNpe019 -> DNae002,"0.18934911,0.15510949,0.05888538,0.04436975,0.10379242"
T5c,720575940620441560,DNae002,720575940620380449,5,1.0854630309204048e-05,0.03563025210084034,T5c -> LPi09 -> LPT27 -> PLP230 -> DNp51 -> DNae002,"0.18934911,0.15510949,0.05888538,0.03563025,0.17615176"
T5c,720575940620441560,DNae002,720575940627139530,5,1.0230766210714739e-05,0.05152471083070452,T5c -> LPi09 -> LPT27 -> PLP078 -> PLP230 -> DNae002,"0.18934911,0.15510949,0.05152471,0.08772644,0.07706558"
T5c,720575940620441560,DNae010,720575940630868281,5,4.7671067361300275e-06,0.05008710801393728,T5c -> LPi09 -> LPT27 -> PLP078 -> PLP178 -> DNae010,"0.18934911,0.15510949,0.05152471,0.06289436,0.05008711"
T5c,720575940620441560,DNp31,720575940628132745,5,2.6304313843775757e-06,0.03684103399145125,T5c -> LPi09 -> LPT27 -> PLP078 ->  -> DNp31,"0.18934911,0.15510949,0.05152471,0.03684103,0.04718218"
T5c,720575940620441560,DNp26,720575940619432261,3,0.00145150648979179,0.04942166140904311,T5c -> LPi09 -> LPT27 -> DNp26,"0.18934911,0.15510949,0.04942166"
T5c,720575940620441560,DNa16,720575940632962786,5,4.594609322289343e-06,0.033567948023822416,T5c -> LPi09 -> LPT27 -> WED075 -> PS013 -> DNa16,"0.18934911,0.15510949,0.04468980,0.03356795,0.10428305"
T5c,720575940620441560,DNa02,720575940629327659,5,3.429547672708831e-06,0.033567948023822416,T5c -> LPi09 -> LPT27 -> WED075 -> PS013 -> DNa02,"0.18934911,0.15510949,0.04468980,0.03356795,0.07783985"
T5c,720575940620723521,DNae002,720575940627139530,4,0.00015309511402049228,0.060204695966285374,T5c -> LPi09 -> LPT27 -> PLP230 -> DNae002,"0.21897810,0.15068493,0.06020470,0.07706558"
T5c,720575940620723521,DNp26,720575940619432261,5,1.5746897547142262e-05,0.060204695966285374,T5c -> LPi09 -> LPT27 -> PLP230 -> PLP035 -> DNp26,"0.21897810,0.15068493,0.06020470,0.06446832,0.12295544"
T5c,720575940620723521,DNae002,720575940627139530,5,1.3923148328268386e-05,0.0448314190440904,T5c -> LPi09 -> LPT27 -> PLP230 -> DNpe019 -> DNae002,"0.21897810,0.15068493,0.06020470,0.04483142,0.15633423"
T5c,720575940620723521,DNae010,720575940651341558,5,3.360759941306162e-06,0.03773584905660377,T5c -> LPi09 -> LPT27 -> PLP230 -> DNpe019 -> DNae010,"0.21897810,0.15068493,0.06020470,0.04483142,0.03773585"
T5c,720575940620723521,DNae002,720575940627139530,5,2.0814595832297305e-06,0.030752130418673584,T5c -> LPi09 -> LPT27 -> PLP230 -> DNa09 -> DNae002,"0.21897810,0.15068493,0.06020470,0.03075213,0.03407155"
T5c,720575940620723521,DNae010,720575940651341558,5,2.339948099280352e-06,0.026396562308164517,T5c -> LPi09 -> LPT27 -> LAL158 -> LAL019 -> DNae010,"0.21897810,0.15068493,0.04033715,0.02639656,0.06660137"
T5c,720575940620723521,DNae002,720575940627139530,5,1.7893720759202693e-06,0.026396562308164517,T5c -> LPi09 -> LPT27 -> LAL158 -> LAL019 -> DNae002,"0.21897810,0.15068493,0.04033715,0.02639656,0.05093046"
T5c,720575940620723521,DNp31,720575940632189900,5,5.877776319874e-06,0.03913305237808549,T5c -> LPi09 -> LPT27 -> DNa10 -> IB008 -> DNp31,"0.21897810,0.15068493,0.03913305,0.04255319,0.10697115"
T5c,720575940620723521,DNp31,720575940628132745,5,3.962545833622921e-06,0.03913305237808549,T5c -> LPi09 -> LPT27 -> DNa10 -> IB008 -> DNp31,"0.21897810,0.15068493,0.03913305,0.04255319,0.07211538"
T5c,720575940620723521,DNae002,720575940620380449,5,7.665285653439777e-06,0.031306441902468396,T5c -> LPi09 -> LPT27 -> PLP078 -> PLP230 -> DNae002,"0.21897810,0.15068493,0.03130644,0.08657070,0.08571429"
T5c,720575940617234132,DNp31,720575940632189900,4,3.7695570522537443e-06,0.0060673877906253885,T5c -> LPi09 -> LPi13 -> LPT48_vCal3 -> DNp31,"0.11111111,0.12233010,0.00606739,0.04570858"
T5c,720575940617234132,DNp31,720575940632189900,5,1.03380905975371e-07,0.0060673877906253885,T5c -> LPi09 -> LPi13 -> LPT48_vCal3 -> PLP103c -> DNp31,"0.11111111,0.12233010,0.00606739,0.01916168,0.06542056"
T5c,720575940617234132,DNp31,720575940628132745,4,1.547329095684943e-06,0.0060673877906253885,T5c -> LPi09 -> LPi13 -> LPT48_vCal3 -> DNp31,"0.11111111,0.12233010,0.00606739,0.01876248"
T5c,720575940617234132,DNp31,720575940632189900,5,6.991665453233155e-08,0.0060673877906253885,T5c -> LPi09 -> LPi13 -> LPT48_vCal3 -> PS058 -> DNp31,"0.11111111,0.12233010,0.00606739,0.01497006,0.05663234"
T5c,720575940617234132,DNae002,720575940627139530,5,3.4813407234227795e-07,0.0055203282357329355,T5c -> LPi09 -> LPi13 -> LPT27 -> PLP230 -> DNae002,"0.11111111,0.12233010,0.00552033,0.06020470,0.07706558"
T5c,720575940617234132,DNae002,720575940620380449,5,6.334783977742693e-08,0.0055203282357329355,T5c -> LPi09 -> LPi13 -> LPT27 -> WED075 -> DNae002,"0.11111111,0.12233010,0.00552033,0.03070439,0.02749638"
T5c,720575940617234132,DNp31,720575940628132745,5,6.811481201660714e-08,0.0055203282357329355,T5c -> LPi09 -> LPi13 -> LPT27 -> PLP020 -> DNp31,"0.11111111,0.12233010,0.00552033,0.03010235,0.03015682"
T5c,720575940617234132,DNp26,720575940627732361,4,2.0328184498236232e-06,0.0055203282357329355,T5c -> LPi09 -> LPi13 -> LPT27 -> DNp26,"0.11111111,0.12233010,0.00552033,0.02709211"
T5c,720575940617234132,DNp31,720575940632189900,5,1.7076361665072347e-07,0.004873803307223673,T5c -> LPi09 -> LPi13 -> LPi11 -> LPT48_vCal3 -> DNp31,"0.11111111,0.12233010,0.00487380,0.05639476,0.04570858"
T5c,720575940617234132,DNp31,720575940628132745,5,7.00951090182009e-08,0.004873803307223673,T5c -> LPi09 -> LPi13 -> LPi11 -> LPT48_vCal3 -> DNp31,"0.11111111,0.12233010,0.00487380,0.05639476,0.01876248"
T5c,720575940646995508,DNae002,720575940627139530,4,8.424894585726999e-05,0.060204695966285374,T5c -> LPi09 -> LPT27 -> PLP230 -> DNae002,"0.10894942,0.16666667,0.06020470,0.07706558"
T5c,720575940646995508,DNp26,720575940619432261,5,8.665590194417234e-06,0.060204695966285374,T5c -> LPi09 -> LPT27 -> PLP230 -> PLP035 -> DNp26,"0.10894942,0.16666667,0.06020470,0.06446832,0.12295544"
T5c,720575940646995508,DNae002,720575940627139530,5,7.661972605566049e-06,0.0448314190440904,T5c -> LPi09 -> LPT27 -> PLP230 -> DNpe019 -> DNae002,"0.10894942,0.16666667,0.06020470,0.04483142,0.15633423"
T5c,720575940646995508,DNae010,720575940651341558,5,1.8494416634124943e-06,0.03773584905660377,T5c -> LPi09 -> LPT27 -> PLP230 -> DNpe019 -> DNae010,"0.10894942,0.16666667,0.06020470,0.04483142,0.03773585"
T5c,720575940646995508,DNae002,720575940627139530,5,1.1454367884539067e-06,0.030752130418673584,T5c -> LPi09 -> LPT27 -> PLP230 -> DNa09 -> DNae002,"0.10894942,0.16666667,0.06020470,0.03075213,0.03407155"
T5c,720575940646995508,DNae010,720575940651341558,5,1.2876842085156593e-06,0.026396562308164517,T5c -> LPi09 -> LPT27 -> LAL158 -> LAL019 -> DNae010,"0.10894942,0.16666667,0.04033715,0.02639656,0.06660137"
T5c,720575940646995508,DNae002,720575940627139530,5,9.84699688864916e-07,0.026396562308164517,T5c -> LPi09 -> LPT27 -> LAL158 -> LAL019 -> DNae002,"0.10894942,0.16666667,0.04033715,0.02639656,0.05093046"
T5c,720575940646995508,DNp31,720575940632189900,5,3.2345673609670174e-06,0.03913305237808549,T5c -> LPi09 -> LPT27 -> DNa10 -> IB008 -> DNp31,"0.10894942,0.16666667,0.03913305,0.04255319,0.10697115"
T5c,720575940646995508,DNp31,720575940628132745,5,2.1806072096406857e-06,0.03913305237808549,T5c -> LPi09 -> LPT27 -> DNa10 -> IB008 -> DNp31,"0.10894942,0.16666667,0.03913305,0.04255319,0.07211538"
T5c,720575940646995508,DNae002,720575940620380449,5,4.2182419741410874e-06,0.031306441902468396,T5c -> LPi09 -> LPT27 -> PLP078 -> PLP230 -> DNae002,"0.10894942,0.16666667,0.03130644,0.08657070,0.08571429"
T5d,720575940623043327,DNae002,720575940620380449,5,7.471816554008574e-07,0.010991900704743873,T5d -> LPT45_dCal1 -> LPi13 -> LPT27 -> PLP230 -> DNae002,"0.11347518,0.11868390,0.01099190,0.05888538,0.08571429"
T5d,720575940623043327,DNp26,720575940619432261,4,7.316153709133395e-06,0.010991900704743873,T5d -> LPT45_dCal1 -> LPi13 -> LPT27 -> DNp26,"0.11347518,0.11868390,0.01099190,0.04942166"
T5d,720575940623043327,DNae002,720575940627139530,5,2.1132895697049835e-07,0.010991900704743873,T5d -> LPT45_dCal1 -> LPi13 -> LPT27 -> WED075 -> DNae002,"0.11347518,0.11868390,0.01099190,0.04468980,0.03194369"
T5d,720575940623043327,DNp31,720575940632189900,5,2.2683256706972264e-07,0.010991900704743873,T5d -> LPT45_dCal1 -> LPi13 -> LPT27 -> PLP020 -> DNp31,"0.11347518,0.11868390,0.01099190,0.04048370,0.03784946"
T5d,720575940623043327,DNp26,720575940619432261,5,8.835851061650938e-08,0.010991900704743873,T5d -> LPT45_dCal1 -> LPi13 -> LPT27 -> WED007 -> DNp26,"0.11347518,0.11868390,0.01099190,0.02103049,0.02838137"
T5d,720575940623043327,DNp31,720575940628132745,4,4.089288852298126e-06,0.00857263069317345,T5d -> LPT45_dCal1 -> LPi13 -> LPT48_vCal3 -> DNp31,"0.11347518,0.11868390,0.00857263,0.03541938"
T5d,720575940623043327,DNp31,720575940628132745,5,1.720117434526903e-07,0.00857263069317345,T5d -> LPT45_dCal1 -> LPi13 -> LPT48_vCal3 -> PS058 -> DNp31,"0.11347518,0.11868390,0.00857263,0.02976967,0.05004692"
T5d,720575940623043327,DNp31,720575940632189900,4,3.186133032158662e-06,0.00857263069317345,T5d -> LPT45_dCal1 -> LPi13 -> LPT48_vCal3 -> DNp31,"0.11347518,0.11868390,0.00857263,0.02759670"
T5d,720575940623043327,DNp31,720575940632189900,5,1.890487302043257e-07,0.005890396549910592,T5d -> LPT45_dCal1 -> LPi13 -> LPi11 -> LPC2 -> DNp31,"0.11347518,0.11868390,0.00589040,0.05385735,0.04424779"
T5d,720575940623043327,DNae002,720575940627139530,5,2.728049818225529e-07,0.005890396549910592,T5d -> LPT45_dCal1 -> LPi13 -> LPi11 -> LLPC2 -> DNae002,"0.11347518,0.11868390,0.00589040,0.04585153,0.07500000"
T5d,720575940610731618,DNp31,720575940632189900,5,7.93778672033296e-08,0.0060673877906253885,T5d -> LPi13 -> LPT48_vCal3 -> PLP248 -> PLP020 -> DNp31,"0.14583333,0.00606739,0.05289421,0.04480980,0.03784946"
T5d,720575940610731618,DNp31,720575940628132745,5,4.322489967419058e-08,0.0060673877906253885,T5d -> LPi13 -> LPT48_vCal3 -> PLP248 -> PLP020 -> DNp31,"0.14583333,0.00606739,0.05289421,0.03062540,0.03015682"
T5d,720575940610731618,DNp31,720575940632189900,3,4.0444205873139135e-05,0.0060673877906253885,T5d -> LPi13 -> LPT48_vCal3 -> DNp31,"0.14583333,0.00606739,0.04570858"
T5d,720575940610731618,DNp31,720575940628132745,5,4.512107802810971e-08,0.0060673877906253885,T5d -> LPi13 -> LPT48_vCal3 -> PLP248 -> PLP020 -> DNp31,"0.14583333,0.00606739,0.02794411,0.06051250,0.03015682"
T5d,720575940610731618,DNp31,720575940632189900,5,2.3114665854249094e-08,0.0060673877906253885,T5d -> LPi13 -> LPT48_vCal3 -> PLP248 -> PLP020 -> DNp31,"0.14583333,0.00606739,0.02794411,0.02469898,0.03784946"
T5d,720575940610731618,DNp31,720575940632189900,4,1.1091909703607513e-06,0.0060673877906253885,T5d -> LPi13 -> LPT48_vCal3 -> PLP103c -> DNp31,"0.14583333,0.00606739,0.01916168,0.06542056"
T5d,720575940610731618,DNp31,720575940632189900,5,1.1464506153599499e-07,0.0060673877906253885,T5d -> LPi13 -> LPT48_vCal3 -> PLP103c -> PLP025b -> DNp31,"0.14583333,0.00606739,0.01916168,0.03738318,0.18087855"
T5d,720575940610731618,DNp31,720575940628132745,3,1.6601551755786367e-05,0.0060673877906253885,T5d -> LPi13 -> LPT48_vCal3 -> DNp31,"0.14583333,0.00606739,0.01876248"
T5d,720575940610731618,DNp31,720575940632189900,5,3.1041452795515336e-08,0.0060673877906253885,T5d -> LPi13 -> LPT48_vCal3 -> PLP103a -> PLP124 -> DNp31,"0.14583333,0.00606739,0.01776447,0.05494505,0.03594203"
T5d,720575940610731618,DNp31,720575940628132745,5,2.353142389337453e-08,0.0060673877906253885,T5d -> LPi13 -> LPT48_vCal3 -> PLP103a -> PLP124 -> DNp31,"0.14583333,0.00606739,0.01776447,0.05494505,0.02724638"
T5d,720575940630834191,DNp31,720575940632189900,5,8.710990405358145e-07,0.0378494623655914,T5d -> LPi11 -> LPT48_vCal3 -> PLP248 -> PLP020 -> DNp31,"0.17142857,0.05664264,0.05289421,0.04480980,0.03784946"
T5d,720575940630834191,DNp31,720575940628132745,5,4.743534937389304e-07,0.030156815440289506,T5d -> LPi11 -> LPT48_vCal3 -> PLP248 -> PLP020 -> DNp31,"0.17142857,0.05664264,0.05289421,0.03062540,0.03015682"
T5d,720575940630834191,DNp31,720575940632189900,3,0.0004438379383648475,0.04570858283433134,T5d -> LPi11 -> LPT48_vCal3 -> DNp31,"0.17142857,0.05664264,0.04570858"
T5d,720575940630834191,DNp31,720575940628132745,5,4.951623061066486e-07,0.027944111776447105,T5d -> LPi11 -> LPT48_vCal3 -> PLP248 -> PLP020 -> DNp31,"0.17142857,0.05664264,0.02794411,0.06051250,0.03015682"
T5d,720575940630834191,DNp31,720575940632189900,5,2.536621851575491e-07,0.02469898116702686,T5d -> LPi11 -> LPT48_vCal3 -> PLP248 -> PLP020 -> DNp31,"0.17142857,0.05664264,0.02794411,0.02469898,0.03784946"
T5d,720575940630834191,DNp31,720575940632189900,4,1.2172350103300718e-05,0.019161676646706587,T5d -> LPi11 -> LPT48_vCal3 -> PLP103c -> DNp31,"0.17142857,0.05664264,0.01916168,0.06542056"
T5d,720575940630834191,DNp31,720575940632189900,5,1.2581240416848288e-06,0.019161676646706587,T5d -> LPi11 -> LPT48_vCal3 -> PLP103c -> PLP025b -> DNp31,"0.17142857,0.05664264,0.01916168,0.03738318,0.18087855"
T5d,720575940630834191,DNp31,720575940628132745,3,0.00018218675199255748,0.0187624750499002,T5d -> LPi11 -> LPT48_vCal3 -> DNp31,"0.17142857,0.05664264,0.01876248"
T5d,720575940630834191,DNp31,720575940632189900,5,3.40651376759049e-07,0.017764471057884233,T5d -> LPi11 -> LPT48_vCal3 -> PLP103a -> PLP124 -> DNp31,"0.17142857,0.05664264,0.01776447,0.05494505,0.03594203"
T5d,720575940630834191,DNp31,720575940628132745,5,2.5823572109153716e-07,0.017764471057884233,T5d -> LPi11 -> LPT48_vCal3 -> PLP103a -> PLP124 -> DNp31,"0.17142857,0.05664264,0.01776447,0.05494505,0.02724638"
T5d,720575940617387035,DNp31,720575940632189900,5,6.985737434548182e-08,0.0060673877906253885,T5d -> LPi13 -> LPT48_vCal3 -> PLP248 -> PLP020 -> DNp31,"0.12834225,0.00606739,0.05289421,0.04480980,0.03784946"
T5d,720575940617387035,DNp31,720575940628132745,5,3.8040553418386216e-08,0.0060673877906253885,T5d -> LPi13 -> LPT48_vCal3 -> PLP248 -> PLP020 -> DNp31,"0.12834225,0.00606739,0.05289421,0.03062540,0.03015682"
T5d,720575940617387035,DNp31,720575940632189900,3,3.559337293037149e-05,0.0060673877906253885,T5d -> LPi13 -> LPT48_vCal3 -> DNp31,"0.12834225,0.00606739,0.04570858"
T5d,720575940617387035,DNp31,720575940628132745,5,3.9709306255448726e-08,0.0060673877906253885,T5d -> LPi13 -> LPT48_vCal3 -> PLP248 -> PLP020 -> DNp31,"0.12834225,0.00606739,0.02794411,0.06051250,0.03015682"
T5d,720575940617387035,DNp31,720575940632189900,5,2.0342318612753974e-08,0.0060673877906253885,T5d -> LPi13 -> LPT48_vCal3 -> PLP248 -> PLP020 -> DNp31,"0.12834225,0.00606739,0.02794411,0.02469898,0.03784946"
T5d,720575940617387035,DNp31,720575940632189900,4,9.761558425176362e-07,0.0060673877906253885,T5d -> LPi13 -> LPT48_vCal3 -> PLP103c -> DNp31,"0.12834225,0.00606739,0.01916168,0.06542056"
T5d,720575940617387035,DNp31,720575940632189900,5,1.0089466072533707e-07,0.0060673877906253885,T5d -> LPi13 -> LPT48_vCal3 -> PLP103c -> PLP025b -> DNp31,"0.12834225,0.00606739,0.01916168,0.03738318,0.18087855"
T5d,720575940617387035,DNp31,720575940628132745,3,1.4610380154824978e-05,0.0060673877906253885,T5d -> LPi13 -> LPT48_vCal3 -> DNp31,"0.12834225,0.00606739,0.01876248"
T5d,720575940617387035,DNp31,720575940632189900,5,2.7318375569468046e-08,0.0060673877906253885,T5d -> LPi13 -> LPT48_vCal3 -> PLP103a -> PLP124 -> DNp31,"0.12834225,0.00606739,0.01776447,0.05494505,0.03594203"
T5d,720575940617387035,DNp31,720575940628132745,5,2.0709091157499973e-08,0.0060673877906253885,T5d -> LPi13 -> LPT48_vCal3 -> PLP103a -> PLP124 -> DNp31,"0.12834225,0.00606739,0.01776447,0.05494505,0.02724638"
T5d,720575940623784955,DNp31,720575940632189900,5,7.720643618560935e-08,0.0060673877906253885,T5d -> LPi13 -> LPT48_vCal3 -> PLP248 -> PLP020 -> DNp31,"0.14184397,0.00606739,0.05289421,0.04480980,0.03784946"
T5d,720575940623784955,DNp31,720575940628132745,5,4.204245561015498e-08,0.0060673877906253885,T5d -> LPi13 -> LPT48_vCal3 -> PLP248 -> PLP020 -> DNp31,"0.14184397,0.00606739,0.05289421,0.03062540,0.03015682"
T5d,720575940623784955,DNp31,720575940632189900,3,3.9337829420682444e-05,0.0060673877906253885,T5d -> LPi13 -> LPT48_vCal3 -> DNp31,"0.14184397,0.00606739,0.04570858"
T5d,720575940623784955,DNp31,720575940628132745,5,4.388676282369334e-08,0.0060673877906253885,T5d -> LPi13 -> LPT48_vCal3 -> PLP248 -> PLP020 -> DNp31,"0.14184397,0.00606739,0.02794411,0.06051250,0.03015682"
T5d,720575940623784955,DNp31,720575940632189900,5,2.248234976705079e-08,0.0060673877906253885,T5d -> LPi13 -> LPT48_vCal3 -> PLP248 -> PLP020 -> DNp31,"0.14184397,0.00606739,0.02794411,0.02469898,0.03784946"
T5d,720575940623784955,DNp31,720575940632189900,4,1.0788483602293024e-06,0.0060673877906253885,T5d -> LPi13 -> LPT48_vCal3 -> PLP103c -> DNp31,"0.14184397,0.00606739,0.01916168,0.06542056"
T5d,720575940623784955,DNp31,720575940632189900,5,1.1150887444230518e-07,0.0060673877906253885,T5d -> LPi13 -> LPT48_vCal3 -> PLP103c -> PLP025b -> DNp31,"0.14184397,0.00606739,0.01916168,0.03738318,0.18087855"
T5d,720575940623784955,DNp31,720575940628132745,3,1.6147405963074887e-05,0.0060673877906253885,T5d -> LPi13 -> LPT48_vCal3 -> DNp31,"0.14184397,0.00606739,0.01876248"
T5d,720575940623784955,DNp31,720575940632189900,5,3.019229451235535e-08,0.0060673877906253885,T5d -> LPi13 -> LPT48_vCal3 -> PLP103a -> PLP124 -> DNp31,"0.14184397,0.00606739,0.01776447,0.05494505,0.03594203"
T5d,720575940623784955,DNp31,720575940628132745,5,2.2887707130333895e-08,0.0060673877906253885,T5d -> LPi13 -> LPT48_vCal3 -> PLP103a -> PLP124 -> DNp31,"0.14184397,0.00606739,0.01776447,0.05494505,0.02724638"
T5d,720575940622282506,DNp31,720575940632189900,5,6.256383621937308e-08,0.0060673877906253885,T5d -> LPi13 -> LPT48_vCal3 -> PLP248 -> PLP020 -> DNp31,"0.11494253,0.00606739,0.05289421,0.04480980,0.03784946"
T5d,720575940622282506,DNp31,720575940628132745,5,3.4068886442711784e-08,0.0060673877906253885,T5d -> LPi13 -> LPT48_vCal3 -> PLP248 -> PLP020 -> DNp31,"0.11494253,0.00606739,0.05289421,0.03062540,0.03015682"
T5d,720575940622282506,DNp31,720575940632189900,3,3.1877206599518526e-05,0.0060673877906253885,T5d -> LPi13 -> LPT48_vCal3 -> DNp31,"0.11494253,0.00606739,0.04570858"
T5d,720575940622282506,DNp31,720575940628132745,5,3.556341125368254e-08,0.0060673877906253885,T5d -> LPi13 -> LPT48_vCal3 -> PLP248 -> PLP020 -> DNp31,"0.11494253,0.00606739,0.02794411,0.06051250,0.03015682"
T5d,720575940622282506,DNp31,720575940632189900,5,1.821845584571357e-08,0.0060673877906253885,T5d -> LPi13 -> LPT48_vCal3 -> PLP248 -> PLP020 -> DNp31,"0.11494253,0.00606739,0.02794411,0.02469898,0.03784946"
T5d,720575940622282506,DNp31,720575940632189900,4,8.742391884616759e-07,0.0060673877906253885,T5d -> LPi13 -> LPT48_vCal3 -> PLP103c -> DNp31,"0.11494253,0.00606739,0.01916168,0.06542056"
T5d,720575940622282506,DNp31,720575940632189900,5,9.036063963428176e-08,0.0060673877906253885,T5d -> LPi13 -> LPT48_vCal3 -> PLP103c -> PLP025b -> DNp31,"0.11494253,0.00606739,0.01916168,0.03738318,0.18087855"
T5d,720575940622282506,DNp31,720575940628132745,3,1.3084966901112407e-05,0.0060673877906253885,T5d -> LPi13 -> LPT48_vCal3 -> DNp31,"0.11494253,0.00606739,0.01876248"
T5d,720575940622282506,DNp31,720575940632189900,5,2.4466169691046572e-08,0.0060673877906253885,T5d -> LPi13 -> LPT48_vCal3 -> PLP103a -> PLP124 -> DNp31,"0.11494253,0.00606739,0.01776447,0.05494505,0.03594203"
T5d,720575940622282506,DNp31,720575940628132745,5,1.8546935088374014e-08,0.0060673877906253885,T5d -> LPi13 -> LPT48_vCal3 -> PLP103a -> PLP124 -> DNp31,"0.11494253,0.00606739,0.01776447,0.05494505,0.02724638"
T5d,720575940629720311,DNp31,720575940632189900,5,8.164580626628187e-08,0.0060673877906253885,T5d -> LPi13 -> LPT48_vCal3 -> PLP248 -> PLP020 -> DNp31,"0.15000000,0.00606739,0.05289421,0.04480980,0.03784946"
T5d,720575940629720311,DNp31,720575940628132745,5,4.4459896807738886e-08,0.0060673877906253885,T5d -> LPi13 -> LPT48_vCal3 -> PLP248 -> PLP020 -> DNp31,"0.15000000,0.00606739,0.05289421,0.03062540,0.03015682"
T5d,720575940629720311,DNp31,720575940632189900,3,4.159975461237167e-05,0.0060673877906253885,T5d -> LPi13 -> LPT48_vCal3 -> DNp31,"0.15000000,0.00606739,0.04570858"
T5d,720575940629720311,DNp31,720575940628132745,5,4.64102516860557e-08,0.0060673877906253885,T5d -> LPi13 -> LPT48_vCal3 -> PLP248 -> PLP020 -> DNp31,"0.15000000,0.00606739,0.02794411,0.06051250,0.03015682"
T5d,720575940629720311,DNp31,720575940632189900,5,2.3775084878656207e-08,0.0060673877906253885,T5d -> LPi13 -> LPT48_vCal3 -> PLP248 -> PLP020 -> DNp31,"0.15000000,0.00606739,0.02794411,0.02469898,0.03784946"
T5d,720575940629720311,DNp31,720575940632189900,4,1.1408821409424872e-06,0.0060673877906253885,T5d -> LPi13 -> LPT48_vCal3 -> PLP103c -> DNp31,"0.15000000,0.00606739,0.01916168,0.06542056"
T5d,720575940629720311,DNp31,720575940632189900,5,1.1792063472273769e-07,0.0060673877906253885,T5d -> LPi13 -> LPT48_vCal3 -> PLP103c -> PLP025b -> DNp31,"0.15000000,0.00606739,0.01916168,0.03738318,0.18087855"
T5d,720575940629720311,DNp31,720575940628132745,3,1.7075881805951692e-05,0.0060673877906253885,T5d -> LPi13 -> LPT48_vCal3 -> DNp31,"0.15000000,0.00606739,0.01876248"
T5d,720575940629720311,DNp31,720575940632189900,5,3.192835144681578e-08,0.0060673877906253885,T5d -> LPi13 -> LPT48_vCal3 -> PLP103a -> PLP124 -> DNp31,"0.15000000,0.00606739,0.01776447,0.05494505,0.03594203"
T5d,720575940629720311,DNp31,720575940628132745,5,2.420375029032809e-08,0.0060673877906253885,T5d -> LPi13 -> LPT48_vCal3 -> PLP103a -> PLP124 -> DNp31,"0.15000000,0.00606739,0.01776447,0.05494505,0.02724638"
T5d,720575940625044068,DNae002,720575940627139530,3,0.0005799637254995997,0.060204695966285374,T5d -> LPT27 -> PLP230 -> DNae002,"0.12500000,0.06020470,0.07706558"
T5d,720575940625044068,DNp26,720575940619432261,5,1.809536540956831e-06,0.028381374722838137,T5d -> LPT27 -> PLP230 -> PLP035 -> WED007 -> DNp26,"0.12500000,0.06020470,0.06446832,0.13141568,0.02838137"
T5d,720575940625044068,DNp26,720575940619432261,4,5.965330392764007e-05,0.060204695966285374,T5d -> LPT27 -> PLP230 -> PLP035 -> DNp26,"0.12500000,0.06020470,0.06446832,0.12295544"
T5d,720575940625044068,DNae002,720575940627139530,5,8.653629943954383e-07,0.03194369247428262,T5d -> LPT27 -> PLP230 -> PLP035 -> WED075 -> DNae002,"0.12500000,0.06020470,0.06446832,0.05583756,0.03194369"
T5d,720575940625044068,DNp26,720575940619432261,5,7.519850624676246e-07,0.030456852791878174,T5d -> LPT27 -> PLP230 -> PLP035 -> CB1827 -> DNp26,"0.12500000,0.06020470,0.06446832,0.03045685,0.05089059"
T5d,720575940625044068,DNae002,720575940627139530,4,5.2744472132959134e-05,0.0448314190440904,T5d -> LPT27 -> PLP230 -> DNpe019 -> DNae002,"0.12500000,0.06020470,0.04483142,0.15633423"
T5d,720575940625044068,DNa16,720575940632962786,5,2.164492444327762e-06,0.0448314190440904,T5d -> LPT27 -> PLP230 -> DNpe019 -> DNa04 -> DNa16,"0.12500000,0.06020470,0.04483142,0.04851752,0.13223140"
T5d,720575940625044068,DNae010,720575940651341558,5,1.9250994311204313e-06,0.0448314190440904,T5d -> LPT27 -> PLP230 -> DNpe019 -> PS112 -> DNae010,"0.12500000,0.06020470,0.04483142,0.04851752,0.11760660"
T5d,720575940625044068,DNp18,720575940618440000,5,1.0638707382507648e-06,0.0448314190440904,T5d -> LPT27 -> PLP230 -> DNpe019 -> PS112 -> DNp18,"0.12500000,0.06020470,0.04483142,0.04851752,0.06499312"
T5d,720575940625044068,DNae010,720575940651341558,4,1.2731424307955652e-05,0.03773584905660377,T5d -> LPT27 -> PLP230 -> DNpe019 -> DNae010,"0.12500000,0.06020470,0.04483142,0.03773585"
T5d,720575940609946066,DNa02,720575940629327659,5,6.031540280222257e-07,0.03593140078070007,T5d -> LPi11 -> Tlp14 -> LPi15 -> HSS -> DNa02,"0.19230769,0.05676856,0.03815580,0.03593140,0.04029851"
T5d,720575940609946066,DNp18,720575940618440000,5,4.2444172342304776e-07,0.028358208955223882,T5d -> LPi11 -> Tlp14 -> LPi15 -> HSS -> DNp18,"0.19230769,0.05676856,0.03815580,0.03593140,0.02835821"
T5d,720575940609946066,DNg41,720575940636329579,5,4.1327220438559914e-07,0.027611940298507463,T5d -> LPi11 -> Tlp14 -> LPi15 -> HSS -> DNg41,"0.19230769,0.05676856,0.03815580,0.03593140,0.02761194"
T5d,720575940609946066,DNp15,720575940616293855,5,1.0807964247642122e-06,0.028956293594419914,T5d -> LPi11 -> Tlp14 -> LPi15 -> HSE -> DNp15,"0.19230769,0.05676856,0.03815580,0.02895629,0.08960573"
T5d,720575940609946066,DNp15,720575940616293855,5,1.4187558686573595e-06,0.020189415754783387,T5d -> LPi11 -> Tlp14 -> LPi15 -> HSN -> DNp15,"0.19230769,0.05676856,0.03815580,0.02018942,0.16870144"
T5d,720575940609946066,DNa02,720575940629327659,5,2.706836854675225e-07,0.020189415754783387,T5d -> LPi11 -> Tlp14 -> LPi15 -> HSN -> DNa02,"0.19230769,0.05676856,0.03815580,0.02018942,0.03218646"
T5d,720575940609946066,DNp26,720575940619432261,5,6.020751668692283e-07,0.01711780892045818,T5d -> LPi11 -> Tlp14 -> LPi15 -> LPT26 -> DNp26,"0.19230769,0.05676856,0.03815580,0.01711781,0.08443790"
T5d,720575940609946066,DNae002,720575940620380449,5,1.948217891526742e-06,0.04314477468839885,T5d -> LPi11 -> Tlp4 -> LPLC1 -> DNp03 -> DNae002,"0.19230769,0.05531295,0.04314477,0.06466165,0.06565064"
T5d,720575940609946066,DNa02,720575940629327659,5,5.020896100629822e-07,0.032598274209012464,T5d -> LPi11 -> Tlp4 -> LPi15 -> HSS -> DNa02,"0.19230769,0.05531295,0.03259827,0.03593140,0.04029851"
T5d,720575940609946066,DNp18,720575940618440000,5,3.5332231819246895e-07,0.028358208955223882,T5d -> LPi11 -> Tlp4 -> LPi15 -> HSS -> DNp18,"0.19230769,0.05531295,0.03259827,0.03593140,0.02835821"
T5d,720575940627563087,DNae002,720575940620380449,4,7.032628522162517e-06,0.010991900704743873,T5d -> LPi13 -> LPT27 -> PLP230 -> DNae002,"0.12676056,0.01099190,0.05888538,0.08571429"
T5d,720575940627563087,DNp26,720575940627732361,5,4.499241193566296e-07,0.010991900704743873,T5d -> LPi13 -> LPT27 -> PLP230 -> PLP035 -> DNp26,"0.12676056,0.01099190,0.05888538,0.07058824,0.07768595"
T5d,720575940627563087,DNae002,720575940620380449,5,3.778479290526673e-07,0.010991900704743873,T5d -> LPi13 -> LPT27 -> PLP230 -> DNpe019 -> DNae002,"0.12676056,0.01099190,0.05888538,0.04436975,0.10379242"
T5d,720575940627563087,DNae002,720575940620380449,5,5.149562731037753e-07,0.010991900704743873,T5d -> LPi13 -> LPT27 -> PLP230 -> DNp51 -> DNae002,"0.12676056,0.01099190,0.05888538,0.03563025,0.17615176"
T5d,720575940627563087,DNae002,720575940627139530,5,4.853594354474167e-07,0.010991900704743873,T5d -> LPi13 -> LPT27 -> PLP078 -> PLP230 -> DNae002,"0.12676056,0.01099190,0.05152471,0.08772644,0.07706558"
T5d,720575940627563087,DNae010,720575940630868281,5,2.2615708212962914e-07,0.010991900704743873,T5d -> LPi13 -> LPT27 -> PLP078 -> PLP178 -> DNae010,"0.12676056,0.01099190,0.05152471,0.06289436,0.05008711"
T5d,720575940627563087,DNp31,720575940628132745,5,1.2479072098896826e-07,0.010991900704743873,T5d -> LPi13 -> LPT27 -> PLP078 ->  -> DNp31,"0.12676056,0.01099190,0.05152471,0.03684103,0.04718218"
T5d,720575940627563087,DNp26,720575940619432261,3,6.886115427950798e-05,0.010991900704743873,T5d -> LPi13 -> LPT27 -> DNp26,"0.12676056,0.01099190,0.04942166"
T5d,720575940627563087,DNa16,720575940632962786,5,2.1797360440435668e-07,0.010991900704743873,T5d -> LPi13 -> LPT27 -> WED075 -> PS013 -> DNa16,"0.12676056,0.01099190,0.04468980,0.03356795,0.10428305"
T5d,720575940627563087,DNa02,720575940629327659,5,1.6270172614468054e-07,0.010991900704743873,T5d -> LPi13 -> LPT27 -> WED075 -> PS013 -> DNa02,"0.12676056,0.01099190,0.04468980,0.03356795,0.07783985"
T5d,720575940626216581,DNae002,720575940620380449,3,0.0014793864897204394,0.058885383806519455,T5d -> LPT27 -> PLP230 -> DNae002,"0.29310345,0.05888538,0.08571429"
T5d,720575940626216581,DNp26,720575940627732361,4,9.464621392669412e-05,0.058885383806519455,T5d -> LPT27 -> PLP230 -> PLP035 -> DNp26,"0.29310345,0.05888538,0.07058824,0.07768595"
T5d,720575940626216581,DNae002,720575940620380449,5,1.4950120930010186e-06,0.027496382054992764,T5d -> LPT27 -> PLP230 -> PLP035 -> WED075 -> DNae002,"0.29310345,0.05888538,0.07058824,0.04462810,0.02749638"
T5d,720575940626216581,DNp26,720575940627732361,5,4.403678009089241e-06,0.03691460055096419,T5d -> LPT27 -> PLP230 -> PLP035 -> CB2192 -> DNp26,"0.29310345,0.05888538,0.07058824,0.03691460,0.09791667"
T5d,720575940626216581,DNp26,720575940627732361,5,1.7064870256486156e-06,0.03140495867768595,T5d -> LPT27 -> PLP230 -> PLP035 -> CB1827 -> DNp26,"0.29310345,0.05888538,0.07058824,0.03140496,0.04460094"
T5d,720575940626216581,DNa16,720575940632962786,5,2.2156927358443303e-06,0.045042016806722686,T5d -> LPT27 -> PLP230 -> DNb01 -> DNa03 -> DNa16,"0.29310345,0.05888538,0.04504202,0.05134741,0.05550661"
T5d,720575940626216581,DNa02,720575940629327659,5,2.173489064685391e-06,0.045042016806722686,T5d -> LPT27 -> PLP230 -> DNb01 -> DNa03 -> DNa02,"0.29310345,0.05888538,0.04504202,0.05134741,0.05444934"
T5d,720575940626216581,DNa16,720575940632962786,5,4.880658659225757e-06,0.045042016806722686,T5d -> LPT27 -> PLP230 -> DNb01 -> PS029 -> DNa16,"0.29310345,0.05888538,0.04504202,0.04624909,0.13574661"
T5d,720575940626216581,DNp31,720575940632189900,5,7.77446650993205e-06,0.037144938091769844,T5d -> LPT27 -> PLP230 -> DNb01 -> CB1766 -> DNp31,"0.29310345,0.05888538,0.04504202,0.03714494,0.26923077"
T5d,720575940626216581,DNa16,720575940632962786,5,2.019865096214767e-06,0.029497450837581936,T5d -> LPT27 -> PLP230 -> DNb01 -> PS018a -> DNa16,"0.29310345,0.05888538,0.04504202,0.02949745,0.08808290"
T5d,720575940626333954,DNae002,720575940627139530,3,0.0007111963933133778,0.060204695966285374,T5d -> LPT27 -> PLP230 -> DNae002,"0.15328467,0.06020470,0.07706558"
T5d,720575940626333954,DNp26,720575940619432261,5,2.2189937144580124e-06,0.028381374722838137,T5d -> LPT27 -> PLP230 -> PLP035 -> WED007 -> DNp26,"0.15328467,0.06020470,0.06446832,0.13141568,0.02838137"
T5d,720575940626333954,DNp26,720575940619432261,4,7.315149678717907e-05,0.060204695966285374,T5d -> LPT27 -> PLP230 -> PLP035 -> DNp26,"0.15328467,0.06020470,0.06446832,0.12295544"
T5d,720575940626333954,DNae002,720575940627139530,5,1.0611750588206837e-06,0.03194369247428262,T5d -> LPT27 -> PLP230 -> PLP035 -> WED075 -> DNae002,"0.15328467,0.06020470,0.06446832,0.05583756,0.03194369"
T5d,720575940626333954,DNp26,720575940619432261,5,9.221422663836565e-07,0.030456852791878174,T5d -> LPT27 -> PLP230 -> PLP035 -> CB1827 -> DNp26,"0.15328467,0.06020470,0.06446832,0.03045685,0.05089059"
T5d,720575940626333954,DNae002,720575940627139530,4,6.467935268859223e-05,0.0448314190440904,T5d -> LPT27 -> PLP230 -> DNpe019 -> DNae002,"0.15328467,0.06020470,0.04483142,0.15633423"
T5d,720575940626333954,DNa16,720575940632962786,5,2.654268106912876e-06,0.0448314190440904,T5d -> LPT27 -> PLP230 -> DNpe019 -> DNa04 -> DNa16,"0.15328467,0.06020470,0.04483142,0.04851752,0.13223140"
T5d,720575940626333954,DNae010,720575940651341558,5,2.3607058717389235e-06,0.0448314190440904,T5d -> LPT27 -> PLP230 -> DNpe019 -> PS112 -> DNae010,"0.15328467,0.06020470,0.04483142,0.04851752,0.11760660"
T5d,720575940626333954,DNp18,720575940618440000,5,1.304600613329405e-06,0.0448314190440904,T5d -> LPT27 -> PLP230 -> DNpe019 -> PS112 -> DNp18,"0.15328467,0.06020470,0.04483142,0.04851752,0.06499312"
T5d,720575940626333954,DNae010,720575940651341558,4,1.561225754552226e-05,0.03773584905660377,T5d -> LPT27 -> PLP230 -> DNpe019 -> DNae010,"0.15328467,0.06020470,0.04483142,0.03773585"
T5d,720575940626256740,DNp31,720575940628132745,4,0.00012925088830043413,0.06796116504854369,T5d -> LLPC3 -> PLP081 -> CB0654 -> DNp31,"0.14925373,0.14396887,0.06796117,0.08850727"
T5d,720575940626256740,DNp31,720575940632189900,4,8.295206264057713e-05,0.05680317040951123,T5d -> LLPC3 -> PLP081 -> CB0654 -> DNp31,"0.14925373,0.14396887,0.06796117,0.05680317"
T5d,720575940626256740,DNp31,720575940632189900,4,4.2868492123858595e-05,0.021497919556171984,T5d -> LLPC3 -> PLP081 -> CB0654 -> DNp31,"0.14925373,0.14396887,0.02149792,0.09280000"
T5d,720575940626256740,DNp31,720575940628132745,4,3.473826085898886e-05,0.021497919556171984,T5d -> LLPC3 -> PLP081 -> CB0654 -> DNp31,"0.14925373,0.14396887,0.02149792,0.07520000"
T5d,720575940626256740,DNae010,720575940651341558,5,5.600444106940658e-06,0.02011095700416089,T5d -> LLPC3 -> PLP081 -> DNge030 -> DNae006 -> DNae010,"0.14925373,0.14396887,0.02011096,0.12254902,0.10575139"
T5d,720575940626256740,DNp18,720575940618440000,5,3.3406157830874104e-06,0.02011095700416089,T5d -> LLPC3 -> PLP081 -> DNge030 -> DNae006 -> DNp18,"0.14925373,0.14396887,0.02011096,0.12254902,0.06307978"
T5d,720575940626256740,DNp31,720575940632189900,5,5.507230876244183e-06,0.02011095700416089,T5d -> LLPC3 -> PLP081 -> DNge030 -> PS138 -> DNp31,"0.14925373,0.14396887,0.02011096,0.07843137,0.16248637"
T5d,720575940626256740,DNp26,720575940619432261,5,1.6632576471878406e-06,0.02011095700416089,T5d -> LLPC3 -> PLP081 -> DNge030 -> PS138 -> DNp26,"0.14925373,0.14396887,0.02011096,0.07843137,0.04907306"
T5d,720575940626256740,DNa16,720575940632962786,5,2.6954805961238665e-06,0.02011095700416089,T5d -> LLPC3 -> PLP081 -> DNge030 -> PS090b -> DNa16,"0.14925373,0.14396887,0.02011096,0.04901961,0.12724474"
T5d,720575940626256740,DNa02,720575940629327659,5,6.303946555450978e-07,0.02011095700416089,T5d -> LLPC3 -> PLP081 -> DNge030 -> PS090b -> DNa02,"0.14925373,0.14396887,0.02011096,0.04901961,0.02975885"
T5d,720575940619058772,DNae002,720575940620380449,3,0.0007142431998095352,0.058885383806519455,T5d -> LPT27 -> PLP230 -> DNae002,"0.14150943,0.05888538,0.08571429"
T5d,720575940619058772,DNp26,720575940627732361,4,4.5694897955729135e-05,0.058885383806519455,T5d -> LPT27 -> PLP230 -> PLP035 -> DNp26,"0.14150943,0.05888538,0.07058824,0.07768595"
T5d,720575940619058772,DNae002,720575940620380449,5,7.217871925143653e-07,0.027496382054992764,T5d -> LPT27 -> PLP230 -> PLP035 -> WED075 -> DNae002,"0.14150943,0.05888538,0.07058824,0.04462810,0.02749638"
T5d,720575940619058772,DNp26,720575940627732361,5,2.1260820576623974e-06,0.03691460055096419,T5d -> LPT27 -> PLP230 -> PLP035 -> CB2192 -> DNp26,"0.14150943,0.05888538,0.07058824,0.03691460,0.09791667"
T5d,720575940619058772,DNp26,720575940627732361,5,8.238866328048256e-07,0.03140495867768595,T5d -> LPT27 -> PLP230 -> PLP035 -> CB1827 -> DNp26,"0.14150943,0.05888538,0.07058824,0.03140496,0.04460094"
T5d,720575940619058772,DNa16,720575940632962786,5,1.0697295672500375e-06,0.045042016806722686,T5d -> LPT27 -> PLP230 -> DNb01 -> DNa03 -> DNa16,"0.14150943,0.05888538,0.04504202,0.05134741,0.05550661"
T5d,720575940619058772,DNa02,720575940629327659,5,1.0493537659690844e-06,0.045042016806722686,T5d -> LPT27 -> PLP230 -> DNb01 -> DNa03 -> DNa02,"0.14150943,0.05888538,0.04504202,0.05134741,0.05444934"
T5d,720575940619058772,DNa16,720575940632962786,5,2.356366833255499e-06,0.045042016806722686,T5d -> LPT27 -> PLP230 -> DNb01 -> PS029 -> DNa16,"0.14150943,0.05888538,0.04504202,0.04624909,0.13574661"
T5d,720575940619058772,DNp31,720575940632189900,5,3.7534882706109244e-06,0.037144938091769844,T5d -> LPT27 -> PLP230 -> DNb01 -> CB1766 -> DNp31,"0.14150943,0.05888538,0.04504202,0.03714494,0.26923077"
T5d,720575940619058772,DNa16,720575940632962786,5,9.75184591402246e-07,0.029497450837581936,T5d -> LPT27 -> PLP230 -> DNb01 -> PS018a -> DNa16,"0.14150943,0.05888538,0.04504202,0.02949745,0.08808290"
T5d,720575940621938437,DNp15,720575940623431351,5,9.408305502175394e-07,0.028450008906532306,T5d -> LPi11 -> Tlp14 -> LPi15 -> HSE -> DNp15,"0.14482759,0.05254777,0.03641092,0.02845001,0.11934156"
T5d,720575940621938437,DNp15,720575940623431351,5,1.0325246014826297e-06,0.026032521566531797,T5d -> LPi11 -> Tlp14 -> LPi15 -> HSN -> DNp15,"0.14482759,0.05254777,0.03641092,0.02603252,0.14313535"
T5d,720575940621938437,DNp18,720575940627949589,5,3.792947515650476e-07,0.026032521566531797,T5d -> LPi11 -> Tlp14 -> LPi15 -> HSN -> DNp18,"0.14482759,0.05254777,0.03641092,0.02603252,0.05258033"
T5d,720575940621938437,DNae002,720575940620380449,5,3.231029365183739e-07,0.026032521566531797,T5d -> LPi11 -> Tlp14 -> LPi15 -> HSN -> DNae002,"0.14482759,0.05254777,0.03641092,0.02603252,0.04479065"
T5d,720575940621938437,DNae010,720575940630868281,5,2.9500702899503704e-07,0.026032521566531797,T5d -> LPi11 -> Tlp14 -> LPi15 -> HSN -> DNae010,"0.14482759,0.05254777,0.03641092,0.02603252,0.04089581"
T5d,720575940621938437,DNp26,720575940627732361,5,3.095964626079651e-07,0.02147746647326768,T5d -> LPi11 -> Tlp14 -> LPi15 -> LPT26 -> DNp26,"0.14482759,0.05254777,0.03641092,0.02147747,0.05202064"
T5d,720575940621938437,DNp31,720575940632189900,4,1.6002979543587902e-05,0.02340702210663199,T5d -> LPi11 -> Tlp14 -> LPT47_vCal2 -> DNp31,"0.14482759,0.05254777,0.02340702,0.08983573"
T5d,720575940621938437,DNp31,720575940632189900,5,4.971627390611578e-07,0.02340702210663199,T5d -> LPi11 -> Tlp14 -> LPT47_vCal2 -> PS058 -> DNp31,"0.14482759,0.05254777,0.02340702,0.04928131,0.05663234"
T5d,720575940621938437,DNp31,720575940628132745,4,6.675528609610954e-06,0.02340702210663199,T5d -> LPi11 -> Tlp14 -> LPT47_vCal2 -> DNp31,"0.14482759,0.05254777,0.02340702,0.03747433"
T5d,720575940621938437,DNp31,720575940628132745,5,1.8461995770717727e-07,0.02340702210663199,T5d -> LPi11 -> Tlp14 -> LPT47_vCal2 -> LPT48_vCal3 -> DNp31,"0.14482759,0.05254777,0.02340702,0.02926078,0.03541938"
T5d,720575940626241555,DNp31,720575940632189900,5,1.2095675002412128e-07,0.0060673877906253885,T5d -> LPi13 -> LPT48_vCal3 -> PLP248 -> PLP020 -> DNp31,"0.22222222,0.00606739,0.05289421,0.04480980,0.03784946"
T5d,720575940626241555,DNp31,720575940628132745,5,6.58665137892428e-08,0.0060673877906253885,T5d -> LPi13 -> LPT48_vCal3 -> PLP248 -> PLP020 -> DNp31,"0.22222222,0.00606739,0.05289421,0.03062540,0.03015682"
T5d,720575940626241555,DNp31,720575940632189900,3,6.162926609240248e-05,0.0060673877906253885,T5d -> LPi13 -> LPT48_vCal3 -> DNp31,"0.22222222,0.00606739,0.04570858"
T5d,720575940626241555,DNp31,720575940628132745,5,6.875592842378621e-08,0.0060673877906253885,T5d -> LPi13 -> LPT48_vCal3 -> PLP248 -> PLP020 -> DNp31,"0.22222222,0.00606739,0.02794411,0.06051250,0.03015682"
T5d,720575940626241555,DNp31,720575940632189900,5,3.5222347968379566e-08,0.0060673877906253885,T5d -> LPi13 -> LPT48_vCal3 -> PLP248 -> PLP020 -> DNp31,"0.22222222,0.00606739,0.02794411,0.02469898,0.03784946"
T5d,720575940626241555,DNp31,720575940632189900,4,1.6901957643592402e-06,0.0060673877906253885,T5d -> LPi13 -> LPT48_vCal3 -> PLP103c -> DNp31,"0.22222222,0.00606739,0.01916168,0.06542056"
T5d,720575940626241555,DNp31,720575940632189900,5,1.7469723662627806e-07,0.0060673877906253885,T5d -> LPi13 -> LPT48_vCal3 -> PLP103c -> PLP025b -> DNp31,"0.22222222,0.00606739,0.01916168,0.03738318,0.18087855"
T5d,720575940626241555,DNp31,720575940628132745,3,2.529760267548399e-05,0.0060673877906253885,T5d -> LPi13 -> LPT48_vCal3 -> DNp31,"0.22222222,0.00606739,0.01876248"
T5d,720575940626241555,DNp31,720575940632189900,5,4.730126140269004e-08,0.0060673877906253885,T5d -> LPi13 -> LPT48_vCal3 -> PLP103a -> PLP124 -> DNp31,"0.22222222,0.00606739,0.01776447,0.05494505,0.03594203"
T5d,720575940626241555,DNp31,720575940628132745,5,3.58574078375231e-08,0.0060673877906253885,T5d -> LPi13 -> LPT48_vCal3 -> PLP103a -> PLP124 -> DNp31,"0.22222222,0.00606739,0.01776447,0.05494505,0.02724638"
T5d,720575940629099779,DNp31,720575940628132745,5,3.950256461417434e-07,0.009890859481582538,T5d -> LPi11 -> Tlp14 -> LPT45_dCal1 -> LPC2 -> DNp31,"0.25925926,0.09950249,0.03293413,0.00989086,0.04700855"
T5d,720575940629099779,DNa02,720575940629327659,5,5.641011906549376e-07,0.01830508474576271,T5d -> LPi11 -> Tlp14 -> LPi15 -> HSS -> DNa02,"0.25925926,0.08208955,0.01830508,0.03593140,0.04029851"
T5d,720575940629099779,DNp18,720575940618440000,5,3.969600971275487e-07,0.01830508474576271,T5d -> LPi11 -> Tlp14 -> LPi15 -> HSS -> DNp18,"0.25925926,0.08208955,0.01830508,0.03593140,0.02835821"
T5d,720575940629099779,DNg41,720575940636329579,5,3.865137787820869e-07,0.01830508474576271,T5d -> LPi11 -> Tlp14 -> LPi15 -> HSS -> DNg41,"0.25925926,0.08208955,0.01830508,0.03593140,0.02761194"
T5d,720575940629099779,DNp15,720575940616293855,5,1.0108173397502796e-06,0.01830508474576271,T5d -> LPi11 -> Tlp14 -> LPi15 -> HSE -> DNp15,"0.25925926,0.08208955,0.01830508,0.02895629,0.08960573"
T5d,720575940629099779,DNp15,720575940616293855,5,1.3268946862256641e-06,0.01830508474576271,T5d -> LPi11 -> Tlp14 -> LPi15 -> HSN -> DNp15,"0.25925926,0.08208955,0.01830508,0.02018942,0.16870144"
T5d,720575940629099779,DNa02,720575940629327659,5,2.531575388193701e-07,0.01830508474576271,T5d -> LPi11 -> Tlp14 -> LPi15 -> HSN -> DNa02,"0.25925926,0.08208955,0.01830508,0.02018942,0.03218646"
T5d,720575940629099779,DNp26,720575940619432261,5,5.630921832825542e-07,0.01711780892045818,T5d -> LPi11 -> Tlp14 -> LPi15 -> LPT26 -> DNp26,"0.25925926,0.08208955,0.01830508,0.01711781,0.08443790"
T5d,720575940629099779,DNae002,720575940620380449,5,2.215807285579121e-06,0.03558718861209965,T5d -> LPi11 -> Tlp4 -> LPLC1 -> DNp03 -> DNae002,"0.25925926,0.06218905,0.03558719,0.05882353,0.06565064"
T5d,720575940629099779,DNp18,720575940618440000,5,1.6644934449001418e-06,0.03202846975088968,T5d -> LPi11 -> Tlp4 -> LPLC1 -> LT51 -> DNp18,"0.25925926,0.06218905,0.03202847,0.03846154,0.08380521"
T5d,720575940623999999,DNae002,720575940620380449,3,0.0010487934778155598,0.058885383806519455,T5d -> LPT27 -> PLP230 -> DNae002,"0.20779221,0.05888538,0.08571429"
T5d,720575940623999999,DNp26,720575940627732361,4,6.709830903282823e-05,0.058885383806519455,T5d -> LPT27 -> PLP230 -> PLP035 -> DNp26,"0.20779221,0.05888538,0.07058824,0.07768595"
T5d,720575940623999999,DNae002,720575940620380449,5,1.0598710636401417e-06,0.027496382054992764,T5d -> LPT27 -> PLP230 -> PLP035 -> WED075 -> DNae002,"0.20779221,0.05888538,0.07058824,0.04462810,0.02749638"
T5d,720575940623999999,DNp26,720575940627732361,5,3.1219352119440915e-06,0.03691460055096419,T5d -> LPT27 -> PLP230 -> PLP035 -> CB2192 -> DNp26,"0.20779221,0.05888538,0.07058824,0.03691460,0.09791667"
T5d,720575940623999999,DNp26,720575940627732361,5,1.209793704967086e-06,0.03140495867768595,T5d -> LPT27 -> PLP230 -> PLP035 -> CB1827 -> DNp26,"0.20779221,0.05888538,0.07058824,0.03140496,0.04460094"
T5d,720575940623999999,DNa16,720575940632962786,5,1.5707890442043843e-06,0.045042016806722686,T5d -> LPT27 -> PLP230 -> DNb01 -> DNa03 -> DNa16,"0.20779221,0.05888538,0.04504202,0.05134741,0.05550661"
T5d,720575940623999999,DNa02,720575940629327659,5,1.5408692528862057e-06,0.045042016806722686,T5d -> LPT27 -> PLP230 -> DNb01 -> DNa03 -> DNa02,"0.20779221,0.05888538,0.04504202,0.05134741,0.05444934"
T5d,720575940623999999,DNa16,720575940632962786,5,3.4600849776634857e-06,0.045042016806722686,T5d -> LPT27 -> PLP230 -> DNb01 -> PS029 -> DNa16,"0.20779221,0.05888538,0.04504202,0.04624909,0.13574661"
T5d,720575940623999999,DNp31,720575940632189900,5,5.511615677018292e-06,0.037144938091769844,T5d -> LPT27 -> PLP230 -> DNb01 -> CB1766 -> DNp31,"0.20779221,0.05888538,0.04504202,0.03714494,0.26923077"
T5d,720575940623999999,DNa16,720575940632962786,5,1.431959365383731e-06,0.029497450837581936,T5d -> LPT27 -> PLP230 -> DNb01 -> PS018a -> DNa16,"0.20779221,0.05888538,0.04504202,0.02949745,0.08808290"
T5d,720575940627038010,DNp31,720575940632189900,5,6.01267565526882e-08,0.0060673877906253885,T5d -> LPi13 -> LPT48_vCal3 -> PLP248 -> PLP020 -> DNp31,"0.11046512,0.00606739,0.05289421,0.04480980,0.03784946"
T5d,720575940627038010,DNp31,720575940628132745,5,3.2741784470815455e-08,0.0060673877906253885,T5d -> LPi13 -> LPT48_vCal3 -> PLP248 -> PLP020 -> DNp31,"0.11046512,0.00606739,0.05289421,0.03062540,0.03015682"
T5d,720575940627038010,DNp31,720575940632189900,3,3.063547820290937e-05,0.0060673877906253885,T5d -> LPi13 -> LPT48_vCal3 -> DNp31,"0.11046512,0.00606739,0.04570858"
T5d,720575940627038010,DNp31,720575940628132745,5,3.4178092326940245e-08,0.0060673877906253885,T5d -> LPi13 -> LPT48_vCal3 -> PLP248 -> PLP020 -> DNp31,"0.11046512,0.00606739,0.02794411,0.06051250,0.03015682"
T5d,720575940627038010,DNp31,720575940632189900,5,1.7508783437770075e-08,0.0060673877906253885,T5d -> LPi13 -> LPT48_vCal3 -> PLP248 -> PLP020 -> DNp31,"0.11046512,0.00606739,0.02794411,0.02469898,0.03784946"
T5d,720575940627038010,DNp31,720575940632189900,4,8.40184522399506e-07,0.0060673877906253885,T5d -> LPi13 -> LPT48_vCal3 -> PLP103c -> DNp31,"0.11046512,0.00606739,0.01916168,0.06542056"
T5d,720575940627038010,DNp31,720575940632189900,5,8.684077750899289e-08,0.0060673877906253885,T5d -> LPi13 -> LPT48_vCal3 -> PLP103c -> PLP025b -> DNp31,"0.11046512,0.00606739,0.01916168,0.03738318,0.18087855"
T5d,720575940627038010,DNp31,720575940628132745,3,1.2575261795080705e-05,0.0060673877906253885,T5d -> LPi13 -> LPT48_vCal3 -> DNp31,"0.11046512,0.00606739,0.01876248"
T5d,720575940627038010,DNp31,720575940632189900,5,2.3513127034476737e-08,0.0060673877906253885,T5d -> LPi13 -> LPT48_vCal3 -> PLP103a -> PLP124 -> DNp31,"0.11046512,0.00606739,0.01776447,0.05494505,0.03594203"
T5d,720575940627038010,DNp31,720575940628132745,5,1.7824467268071076e-08,0.0060673877906253885,T5d -> LPi13 -> LPT48_vCal3 -> PLP103a -> PLP124 -> DNp31,"0.11046512,0.00606739,0.01776447,0.05494505,0.02724638"
T5d,720575940644671255,DNp31,720575940632189900,4,5.4521959165028824e-05,0.047512576858580215,T5d -> LLPC3 -> PLP081 -> CB0654 -> DNp31,"0.10000000,0.12365591,0.04751258,0.09280000"
T5d,720575940644671255,DNp31,720575940628132745,4,4.41815875992475e-05,0.047512576858580215,T5d -> LLPC3 -> PLP081 -> CB0654 -> DNp31,"0.10000000,0.12365591,0.04751258,0.07520000"
T5d,720575940644671255,DNp31,720575940628132745,4,2.263524494342634e-05,0.02068194522079374,T5d -> LLPC3 -> PLP081 -> CB0654 -> DNp31,"0.10000000,0.12365591,0.02068195,0.08850727"
T5d,720575940644671255,DNp31,720575940632189900,4,1.4527097501004966e-05,0.02068194522079374,T5d -> LLPC3 -> PLP081 -> CB0654 -> DNp31,"0.10000000,0.12365591,0.02068195,0.05680317"
T5d,720575940644671255,DNp26,720575940627732361,5,5.026341415182404e-07,0.016769144773616546,T5d -> LLPC3 -> PLP081 -> PLP038 -> CB1827 -> DNp26,"0.10000000,0.12365591,0.01676914,0.05434783,0.04460094"
T5d,720575940644671255,DNae002,720575940627139530,5,9.838539015403246e-07,0.014533258803801007,T5d -> LLPC3 -> PLP081 -> PLP038 -> PLP230 -> DNae002,"0.10000000,0.12365591,0.01453326,0.07103825,0.07706558"
T5d,720575940644671255,DNp26,720575940627732361,5,3.7229717177955796e-07,0.014533258803801007,T5d -> LLPC3 -> PLP081 -> PLP038 -> CB1827 -> DNp26,"0.10000000,0.12365591,0.01453326,0.04644809,0.04460094"
T5d,720575940644671255,DNp26,720575940627732361,5,7.6926047196804e-07,0.014533258803801007,T5d -> LLPC3 -> PLP081 -> PLP038 -> CB2192 -> DNp26,"0.10000000,0.12365591,0.01453326,0.04371585,0.09791667"
T5d,720575940644671255,DNp31,720575940628132745,5,1.3929265327010465e-06,0.012856344326439352,T5d -> LLPC3 -> PLP081 -> CB0657 ->  -> DNp31,"0.10000000,0.12365591,0.01285634,0.18570255,0.04718218"
T5d,720575940644671255,DNa02,720575940604737708,5,7.473295659584959e-07,0.012856344326439352,T5d -> LLPC3 -> PLP081 -> CB0657 -> PS059 -> DNa02,"0.10000000,0.12365591,0.01285634,0.06655711,0.07062937"
T5d,720575940646527028,DNp31,720575940632189900,5,6.507999050210874e-08,0.0060673877906253885,T5d -> LPi13 -> LPT48_vCal3 -> PLP248 -> PLP020 -> DNp31,"0.11956522,0.00606739,0.05289421,0.04480980,0.03784946"
T5d,720575940646527028,DNp31,720575940628132745,5,3.543904818008172e-08,0.0060673877906253885,T5d -> LPi13 -> LPT48_vCal3 -> PLP248 -> PLP020 -> DNp31,"0.11956522,0.00606739,0.05289421,0.03062540,0.03015682"
T5d,720575940646527028,DNp31,720575940632189900,3,3.31592246910209e-05,0.0060673877906253885,T5d -> LPi13 -> LPT48_vCal3 -> DNp31,"0.11956522,0.00606739,0.04570858"
T5d,720575940646527028,DNp31,720575940628132745,5,3.6993678880189334e-08,0.0060673877906253885,T5d -> LPi13 -> LPT48_vCal3 -> PLP248 -> PLP020 -> DNp31,"0.11956522,0.00606739,0.02794411,0.06051250,0.03015682"
T5d,720575940646527028,DNp31,720575940632189900,5,1.8951154613421616e-08,0.0060673877906253885,T5d -> LPi13 -> LPT48_vCal3 -> PLP248 -> PLP020 -> DNp31,"0.11956522,0.00606739,0.02794411,0.02469898,0.03784946"
T5d,720575940646527028,DNp31,720575940632189900,4,9.093988079976347e-07,0.0060673877906253885,T5d -> LPi13 -> LPT48_vCal3 -> PLP103c -> DNp31,"0.11956522,0.00606739,0.01916168,0.06542056"
T5d,720575940646527028,DNp31,720575940632189900,5,9.399470883696482e-08,0.0060673877906253885,T5d -> LPi13 -> LPT48_vCal3 -> PLP103c -> PLP025b -> DNp31,"0.11956522,0.00606739,0.01916168,0.03738318,0.18087855"
T5d,720575940646527028,DNp31,720575940628132745,3,1.3611210135178886e-05,0.0060673877906253885,T5d -> LPi13 -> LPT48_vCal3 -> DNp31,"0.11956522,0.00606739,0.01876248"
T5d,720575940646527028,DNp31,720575940632189900,5,2.545013521122997e-08,0.0060673877906253885,T5d -> LPi13 -> LPT48_vCal3 -> PLP103a -> PLP124 -> DNp31,"0.11956522,0.00606739,0.01776447,0.05494505,0.03594203"
T5d,720575940646527028,DNp31,720575940628132745,5,1.929284443431949e-08,0.0060673877906253885,T5d -> LPi13 -> LPT48_vCal3 -> PLP103a -> PLP124 -> DNp31,"0.11956522,0.00606739,0.01776447,0.05494505,0.02724638"
T5d,720575940621828272,DNp31,720575940632189900,5,7.723744826084223e-07,0.0378494623655914,T5d -> LPi11 -> LPT48_vCal3 -> PLP248 -> PLP020 -> DNp31,"0.15200000,0.05664264,0.05289421,0.04480980,0.03784946"
T5d,720575940621828272,DNp31,720575940628132745,5,4.20593431115185e-07,0.030156815440289506,T5d -> LPi11 -> LPT48_vCal3 -> PLP248 -> PLP020 -> DNp31,"0.15200000,0.05664264,0.05289421,0.03062540,0.03015682"
T5d,720575940621828272,DNp31,720575940632189900,3,0.0003935363053501648,0.04570858283433134,T5d -> LPi11 -> LPT48_vCal3 -> DNp31,"0.15200000,0.05664264,0.04570858"
T5d,720575940621828272,DNp31,720575940628132745,5,4.3904391141456174e-07,0.027944111776447105,T5d -> LPi11 -> LPT48_vCal3 -> PLP248 -> PLP020 -> DNp31,"0.15200000,0.05664264,0.02794411,0.06051250,0.03015682"
T5d,720575940621828272,DNp31,720575940632189900,5,2.2491380417302686e-07,0.02469898116702686,T5d -> LPi11 -> LPT48_vCal3 -> PLP248 -> PLP020 -> DNp31,"0.15200000,0.05664264,0.02794411,0.02469898,0.03784946"
T5d,720575940621828272,DNp31,720575940632189900,4,1.0792817091593302e-05,0.019161676646706587,T5d -> LPi11 -> LPT48_vCal3 -> PLP103c -> DNp31,"0.15200000,0.05664264,0.01916168,0.06542056"
T5d,720575940621828272,DNp31,720575940632189900,5,1.1155366502938814e-06,0.019161676646706587,T5d -> LPi11 -> LPT48_vCal3 -> PLP103c -> PLP025b -> DNp31,"0.15200000,0.05664264,0.01916168,0.03738318,0.18087855"
T5d,720575940621828272,DNp31,720575940628132745,3,0.00016153892010006764,0.0187624750499002,T5d -> LPi11 -> LPT48_vCal3 -> DNp31,"0.15200000,0.05664264,0.01876248"
T5d,720575940621828272,DNp31,720575940632189900,5,3.020442207263568e-07,0.017764471057884233,T5d -> LPi11 -> LPT48_vCal3 -> PLP103a -> PLP124 -> DNp31,"0.15200000,0.05664264,0.01776447,0.05494505,0.03594203"
T5d,720575940621828272,DNp31,720575940628132745,5,2.2896900603449628e-07,0.017764471057884233,T5d -> LPi11 -> LPT48_vCal3 -> PLP103a -> PLP124 -> DNp31,"0.15200000,0.05664264,0.01776447,0.05494505,0.02724638"
T5d,720575940631003192,DNp31,720575940628132745,5,1.3544013646093855e-06,0.04247990815154994,T5d -> LPi11 -> LPC2 -> LPLC4 -> DNb05 -> DNp31,"0.18666667,0.04247991,0.06293706,0.06164384,0.04402516"
T5d,720575940631003192,DNp26,720575940627732361,5,1.896894029094415e-06,0.04247990815154994,T5d -> LPi11 -> LPC2 -> LPLC4 -> PLP034 -> DNp26,"0.18666667,0.04247991,0.06293706,0.05707763,0.06659174"
T5d,720575940631003192,DNa16,720575940621519130,5,1.4047011366017252e-06,0.04247990815154994,T5d -> LPi11 -> LPC2 -> LPLC4 -> CB0527 -> DNa16,"0.18666667,0.04247991,0.06293706,0.04794521,0.05870593"
T5d,720575940631003192,DNa16,720575940632962786,5,9.959026634111302e-07,0.041621228644129406,T5d -> LPi11 -> LPC2 -> LPLC4 -> CB0527 -> DNa16,"0.18666667,0.04247991,0.06293706,0.04794521,0.04162123"
T5d,720575940631003192,DNp31,720575940628132745,5,8.346178538175989e-07,0.03662477558348295,T5d -> LPi11 -> LPC2 -> LPLC4 -> DNbe007 -> DNp31,"0.18666667,0.04247991,0.06293706,0.04566210,0.03662478"
T5d,720575940631003192,DNae010,720575940630868281,5,1.8926206039345147e-06,0.04247990815154994,T5d -> LPi11 -> LPC2 -> LPLC4 -> PLP029 -> DNae010,"0.18666667,0.04247991,0.06293706,0.04337900,0.08742331"
T5d,720575940631003192,DNae002,720575940620380449,5,1.527378031245398e-06,0.04247990815154994,T5d -> LPi11 -> LPC2 -> LPLC4 -> PLP029 -> DNae002,"0.18666667,0.04247991,0.06293706,0.04337900,0.07055215"
T5d,720575940631003192,DNa02,720575940604737708,5,8.716015939172107e-07,0.040260736196319015,T5d -> LPi11 -> LPC2 -> LPLC4 -> PLP029 -> DNa02,"0.18666667,0.04247991,0.06293706,0.04337900,0.04026074"
T5d,720575940631003192,DNp18,720575940627949589,5,2.3789812461702616e-06,0.040183696900114814,T5d -> LPi11 -> Tlp4 -> LPLC1 -> LT51 -> DNp18,"0.18666667,0.04018370,0.05339806,0.07322654,0.08111111"
T5d,720575940631003192,DNae002,720575940620380449,5,1.9317905738652614e-06,0.03014954172696575,T5d -> LPi11 -> LPT26 -> WED075 -> DNpe019 -> DNae002,"0.18666667,0.03846154,0.08598452,0.03014954,0.10379242"
T5d,720575940621608993,DNp31,720575940632189900,5,9.605388972503751e-08,0.0060673877906253885,T5d -> LPi13 -> LPT48_vCal3 -> PLP248 -> PLP020 -> DNp31,"0.17647059,0.00606739,0.05289421,0.04480980,0.03784946"
T5d,720575940621608993,DNp31,720575940628132745,5,5.2305760950281044e-08,0.0060673877906253885,T5d -> LPi13 -> LPT48_vCal3 -> PLP248 -> PLP020 -> DNp31,"0.17647059,0.00606739,0.05289421,0.03062540,0.03015682"
T5d,720575940621608993,DNp31,720575940632189900,3,4.89408877792608e-05,0.0060673877906253885,T5d -> LPi13 -> LPT48_vCal3 -> DNp31,"0.17647059,0.00606739,0.04570858"
T5d,720575940621608993,DNp31,720575940628132745,5,5.4600296101242004e-08,0.0060673877906253885,T5d -> LPi13 -> LPT48_vCal3 -> PLP248 -> PLP020 -> DNp31,"0.17647059,0.00606739,0.02794411,0.06051250,0.03015682"
T5d,720575940621608993,DNp31,720575940632189900,5,2.7970688092536718e-08,0.0060673877906253885,T5d -> LPi13 -> LPT48_vCal3 -> PLP248 -> PLP020 -> DNp31,"0.17647059,0.00606739,0.02794411,0.02469898,0.03784946"
T5d,720575940621608993,DNp31,720575940632189900,4,1.3422142834617497e-06,0.0060673877906253885,T5d -> LPi13 -> LPT48_vCal3 -> PLP103c -> DNp31,"0.17647059,0.00606739,0.01916168,0.06542056"
T5d,720575940621608993,DNp31,720575940632189900,5,1.3873015849733848e-07,0.0060673877906253885,T5d -> LPi13 -> LPT48_vCal3 -> PLP103c -> PLP025b -> DNp31,"0.17647059,0.00606739,0.01916168,0.03738318,0.18087855"
T5d,720575940621608993,DNp31,720575940628132745,3,2.0089272712884346e-05,0.0060673877906253885,T5d -> LPi13 -> LPT48_vCal3 -> DNp31,"0.17647059,0.00606739,0.01876248"
T5d,720575940621608993,DNp31,720575940632189900,5,3.7562766408018565e-08,0.0060673877906253885,T5d -> LPi13 -> LPT48_vCal3 -> PLP103a -> PLP124 -> DNp31,"0.17647059,0.00606739,0.01776447,0.05494505,0.03594203"
T5d,720575940621608993,DNp31,720575940628132745,5,2.8475000341562464e-08,0.0060673877906253885,T5d -> LPi13 -> LPT48_vCal3 -> PLP103a -> PLP124 -> DNp31,"0.17647059,0.00606739,0.01776447,0.05494505,0.02724638"
T5d,720575940619232704,DNa02,720575940629327659,5,1.1596729316267098e-06,0.027417027417027416,T5d -> LPi11 -> Tlp14 -> LPi15 -> HSS -> DNa02,"0.36842105,0.07928803,0.02741703,0.03593140,0.04029851"
T5d,720575940619232704,DNp18,720575940618440000,5,8.160661370706476e-07,0.027417027417027416,T5d -> LPi11 -> Tlp14 -> LPi15 -> HSS -> DNp18,"0.36842105,0.07928803,0.02741703,0.03593140,0.02835821"
T5d,720575940619232704,DNg41,720575940636329579,5,7.945907124108937e-07,0.027417027417027416,T5d -> LPi11 -> Tlp14 -> LPi15 -> HSS -> DNg41,"0.36842105,0.07928803,0.02741703,0.03593140,0.02761194"
T5d,720575940619232704,DNp15,720575940616293855,5,2.0780270049888398e-06,0.027417027417027416,T5d -> LPi11 -> Tlp14 -> LPi15 -> HSE -> DNp15,"0.36842105,0.07928803,0.02741703,0.02895629,0.08960573"
T5d,720575940619232704,DNp15,720575940616293855,5,2.7278152860281504e-06,0.020189415754783387,T5d -> LPi11 -> Tlp14 -> LPi15 -> HSN -> DNp15,"0.36842105,0.07928803,0.02741703,0.02018942,0.16870144"
T5d,720575940619232704,DNa02,720575940629327659,5,5.20438442729055e-07,0.020189415754783387,T5d -> LPi11 -> Tlp14 -> LPi15 -> HSN -> DNa02,"0.36842105,0.07928803,0.02741703,0.02018942,0.03218646"
T5d,720575940619232704,DNp26,720575940619432261,5,1.157598625532432e-06,0.01711780892045818,T5d -> LPi11 -> Tlp14 -> LPi15 -> LPT26 -> DNp26,"0.36842105,0.07928803,0.02741703,0.01711781,0.08443790"
T5d,720575940619232704,DNp31,720575940632189900,5,3.289052146154718e-06,0.041666666666666664,T5d -> LPi11 -> Tlp14 -> LPLC4 -> DNb05 -> DNp31,"0.36842105,0.07119741,0.04166667,0.06047032,0.04976581"
T5d,720575940619232704,DNp26,720575940619432261,4,4.8956000571958676e-05,0.041666666666666664,T5d -> LPi11 -> Tlp14 -> LPLC4 -> DNp26,"0.36842105,0.07119741,0.04166667,0.04479283"
T5d,720575940619232704,DNp31,720575940632189900,5,7.556966531241944e-07,0.025727069351230425,T5d -> LPi11 -> Tlp14 -> LPLC4 -> DNbe007 -> DNp31,"0.36842105,0.07119741,0.04166667,0.02687570,0.02572707"
T5d,720575940617519773,DNp31,720575940632189900,5,7.388997837448582e-06,0.04570858283433134,T5d -> LLPC3 -> LPi11 -> LLPC2 -> LPT48_vCal3 -> DNp31,"0.12056738,0.11009174,0.06540448,0.18620690,0.04570858"
T5d,720575940617519773,DNp31,720575940628132745,5,3.0330384136251822e-06,0.0187624750499002,T5d -> LLPC3 -> LPi11 -> LLPC2 -> LPT48_vCal3 -> DNp31,"0.12056738,0.11009174,0.06540448,0.18620690,0.01876248"
T5d,720575940617519773,DNp26,720575940627732361,5,7.907067085658303e-06,0.06540447504302926,T5d -> LLPC3 -> LPi11 -> LLPC2 -> PLP035 -> DNp26,"0.12056738,0.11009174,0.06540448,0.11724138,0.07768595"
T5d,720575940617519773,DNp31,720575940628132745,4,9.579525580622324e-05,0.06540447504302926,T5d -> LLPC3 -> LPi11 -> LLPC2 -> DNp31,"0.12056738,0.11009174,0.06540448,0.11034483"
T5d,720575940617519773,DNp31,720575940628132745,5,2.635875749385073e-06,0.0440251572327044,T5d -> LLPC3 -> LPi11 -> LLPC2 -> DNb05 -> DNp31,"0.12056738,0.11009174,0.06540448,0.06896552,0.04402516"
T5d,720575940617519773,DNp31,720575940632189900,4,3.6026765771770495e-05,0.04570858283433134,T5d -> LLPC3 -> LPi11 -> LPT48_vCal3 -> DNp31,"0.12056738,0.11009174,0.05938038,0.04570858"
T5d,720575940617519773,DNp31,720575940632189900,5,9.880417336093447e-07,0.019161676646706587,T5d -> LLPC3 -> LPi11 -> LPT48_vCal3 -> PLP103c -> DNp31,"0.12056738,0.11009174,0.05938038,0.01916168,0.06542056"
T5d,720575940617519773,DNp31,720575940628132745,4,1.4788279399766056e-05,0.0187624750499002,T5d -> LLPC3 -> LPi11 -> LPT48_vCal3 -> DNp31,"0.12056738,0.11009174,0.05938038,0.01876248"
T5d,720575940617519773,DNp31,720575940632189900,5,6.682140372105845e-07,0.014970059880239521,T5d -> LLPC3 -> LPi11 -> LPT48_vCal3 -> PS058 -> DNp31,"0.12056738,0.11009174,0.05938038,0.01497006,0.05663234"
T5d,720575940617519773,DNp31,720575940628132745,5,5.027886771338821e-06,0.058519793459552494,T5d -> LLPC3 -> LPi11 -> LPC2 -> LLPC2 -> DNp31,"0.12056738,0.11009174,0.05851979,0.06234414,0.10382514"
T5d,720575940629987575,DNp31,720575940632189900,5,1.0108528394872995e-07,0.0060673877906253885,T5d -> LPi13 -> LPT48_vCal3 -> PLP248 -> PLP020 -> DNp31,"0.18571429,0.00606739,0.05289421,0.04480980,0.03784946"
T5d,720575940629987575,DNp31,720575940628132745,5,5.50455865238672e-08,0.0060673877906253885,T5d -> LPi13 -> LPT48_vCal3 -> PLP248 -> PLP020 -> DNp31,"0.18571429,0.00606739,0.05289421,0.03062540,0.03015682"
T5d,720575940629987575,DNp31,720575940632189900,3,5.1504458091507795e-05,0.0060673877906253885,T5d -> LPi13 -> LPT48_vCal3 -> DNp31,"0.18571429,0.00606739,0.04570858"
T5d,720575940629987575,DNp31,720575940628132745,5,5.746031161130707e-08,0.0060673877906253885,T5d -> LPi13 -> LPT48_vCal3 -> PLP248 -> PLP020 -> DNp31,"0.18571429,0.00606739,0.02794411,0.06051250,0.03015682"
T5d,720575940629987575,DNp31,720575940632189900,5,2.9435819373574357e-08,0.0060673877906253885,T5d -> LPi13 -> LPT48_vCal3 -> PLP248 -> PLP020 -> DNp31,"0.18571429,0.00606739,0.02794411,0.02469898,0.03784946"
T5d,720575940629987575,DNp31,720575940632189900,4,1.4125207459287937e-06,0.0060673877906253885,T5d -> LPi13 -> LPT48_vCal3 -> PLP103c -> DNp31,"0.18571429,0.00606739,0.01916168,0.06542056"
T5d,720575940629987575,DNp31,720575940632189900,5,1.4599697632338956e-07,0.0060673877906253885,T5d -> LPi13 -> LPT48_vCal3 -> PLP103c -> PLP025b -> DNp31,"0.18571429,0.00606739,0.01916168,0.03738318,0.18087855"
T5d,720575940629987575,DNp31,720575940628132745,3,2.1141567950225908e-05,0.0060673877906253885,T5d -> LPi13 -> LPT48_vCal3 -> DNp31,"0.18571429,0.00606739,0.01876248"
T5d,720575940629987575,DNp31,720575940632189900,5,3.953033988653382e-08,0.0060673877906253885,T5d -> LPi13 -> LPT48_vCal3 -> PLP103a -> PLP124 -> DNp31,"0.18571429,0.00606739,0.01776447,0.05494505,0.03594203"
T5d,720575940629987575,DNp31,720575940628132745,5,2.9966547978501445e-08,0.0060673877906253885,T5d -> LPi13 -> LPT48_vCal3 -> PLP103a -> PLP124 -> DNp31,"0.18571429,0.00606739,0.01776447,0.05494505,0.02724638"
T5d,720575940635183028,DNp31,720575940628132745,4,9.397138656238323e-06,0.018056749785038694,T5d -> LPi11 -> Tlp14 -> LPC2 -> DNp31,"0.16666667,0.06989674,0.01805675,0.04467354"
T5d,720575940635183028,DNp31,720575940628132745,5,3.1116353166352065e-07,0.018056749785038694,T5d -> LPi11 -> Tlp14 -> LPC2 -> LPLC4 -> DNp31,"0.16666667,0.06989674,0.01805675,0.04467354,0.03311258"
T5d,720575940635183028,DNp31,720575940632189900,5,7.719288027292895e-07,0.0378494623655914,T5d -> LPi11 -> LPT48_vCal3 -> PLP248 -> PLP020 -> DNp31,"0.16666667,0.05162828,0.05289421,0.04480980,0.03784946"
T5d,720575940635183028,DNp31,720575940628132745,5,4.203507379219682e-07,0.030156815440289506,T5d -> LPi11 -> LPT48_vCal3 -> PLP248 -> PLP020 -> DNp31,"0.16666667,0.05162828,0.05289421,0.03062540,0.03015682"
T5d,720575940635183028,DNp31,720575940632189900,3,0.0003933092248122236,0.04570858283433134,T5d -> LPi11 -> LPT48_vCal3 -> DNp31,"0.16666667,0.05162828,0.04570858"
T5d,720575940635183028,DNp31,720575940628132745,5,4.387905718211661e-07,0.027944111776447105,T5d -> LPi11 -> LPT48_vCal3 -> PLP248 -> PLP020 -> DNp31,"0.16666667,0.05162828,0.02794411,0.06051250,0.03015682"
T5d,720575940635183028,DNp31,720575940632189900,5,2.2478402314152437e-07,0.02469898116702686,T5d -> LPi11 -> LPT48_vCal3 -> PLP248 -> PLP020 -> DNp31,"0.16666667,0.05162828,0.02794411,0.02469898,0.03784946"
T5d,720575940635183028,DNp31,720575940632189900,4,1.0786589359417795e-05,0.019161676646706587,T5d -> LPi11 -> LPT48_vCal3 -> PLP103c -> DNp31,"0.16666667,0.05162828,0.01916168,0.06542056"
T5d,720575940635183028,DNp31,720575940632189900,5,1.114892957045767e-06,0.019161676646706587,T5d -> LPi11 -> LPT48_vCal3 -> PLP103c -> PLP025b -> DNp31,"0.16666667,0.05162828,0.01916168,0.03738318,0.18087855"
T5d,720575940635183028,DNp31,720575940628132745,3,0.00016144570800152408,0.0187624750499002,T5d -> LPi11 -> LPT48_vCal3 -> DNp31,"0.16666667,0.05162828,0.01876248"
T5d,720575940620754285,DNae002,720575940620380449,3,0.0011330715251400244,0.058885383806519455,T5d -> LPT27 -> PLP230 -> DNae002,"0.22448980,0.05888538,0.08571429"
T5d,720575940620754285,DNp26,720575940627732361,4,7.249013743725193e-05,0.058885383806519455,T5d -> LPT27 -> PLP230 -> PLP035 -> DNp26,"0.22448980,0.05888538,0.07058824,0.07768595"
T5d,720575940620754285,DNae002,720575940620380449,5,1.1450392741112243e-06,0.027496382054992764,T5d -> LPT27 -> PLP230 -> PLP035 -> WED075 -> DNae002,"0.22448980,0.05888538,0.07058824,0.04462810,0.02749638"
T5d,720575940620754285,DNp26,720575940627732361,5,3.3728050057610273e-06,0.03691460055096419,T5d -> LPT27 -> PLP230 -> PLP035 -> CB2192 -> DNp26,"0.22448980,0.05888538,0.07058824,0.03691460,0.09791667"
T5d,720575940620754285,DNp26,720575940627732361,5,1.307009270544798e-06,0.03140495867768595,T5d -> LPT27 -> PLP230 -> PLP035 -> CB1827 -> DNp26,"0.22448980,0.05888538,0.07058824,0.03140496,0.04460094"
T5d,720575940620754285,DNa16,720575940632962786,5,1.6970131638279506e-06,0.045042016806722686,T5d -> LPT27 -> PLP230 -> DNb01 -> DNa03 -> DNa16,"0.22448980,0.05888538,0.04504202,0.05134741,0.05550661"
T5d,720575940620754285,DNa02,720575940629327659,5,1.664689103564561e-06,0.045042016806722686,T5d -> LPT27 -> PLP230 -> DNb01 -> DNa03 -> DNa02,"0.22448980,0.05888538,0.04504202,0.05134741,0.05444934"
T5d,720575940620754285,DNa16,720575940632962786,5,3.738127520511444e-06,0.045042016806722686,T5d -> LPT27 -> PLP230 -> DNb01 -> PS029 -> DNa16,"0.22448980,0.05888538,0.04504202,0.04624909,0.13574661"
T5d,720575940620754285,DNp31,720575940632189900,5,5.954513365350119e-06,0.037144938091769844,T5d -> LPT27 -> PLP230 -> DNb01 -> CB1766 -> DNp31,"0.22448980,0.05888538,0.04504202,0.03714494,0.26923077"
T5d,720575940620754285,DNa16,720575940632962786,5,1.547027528673495e-06,0.029497450837581936,T5d -> LPT27 -> PLP230 -> DNb01 -> PS018a -> DNa16,"0.22448980,0.05888538,0.04504202,0.02949745,0.08808290"
T5d,720575940633655194,DNp31,720575940632189900,5,6.29467173493367e-07,0.0378494623655914,T5d -> LPi11 -> LPT48_vCal3 -> PLP248 -> PLP020 -> DNp31,"0.12716763,0.05517669,0.05289421,0.04480980,0.03784946"
T5d,720575940633655194,DNp31,720575940628132745,5,3.427738282857997e-07,0.030156815440289506,T5d -> LPi11 -> LPT48_vCal3 -> PLP248 -> PLP020 -> DNp31,"0.12716763,0.05517669,0.05289421,0.03062540,0.03015682"
T5d,720575940633655194,DNp31,720575940632189900,3,0.0003207229023921274,0.04570858283433134,T5d -> LPi11 -> LPT48_vCal3 -> DNp31,"0.12716763,0.05517669,0.04570858"
T5d,720575940633655194,DNp31,720575940628132745,5,3.5781053903318436e-07,0.027944111776447105,T5d -> LPi11 -> LPT48_vCal3 -> PLP248 -> PLP020 -> DNp31,"0.12716763,0.05517669,0.02794411,0.06051250,0.03015682"
T5d,720575940633655194,DNp31,720575940632189900,5,1.8329950015219741e-07,0.02469898116702686,T5d -> LPi11 -> LPT48_vCal3 -> PLP248 -> PLP020 -> DNp31,"0.12716763,0.05517669,0.02794411,0.02469898,0.03784946"
T5d,720575940633655194,DNp31,720575940632189900,4,8.79589398879768e-06,0.019161676646706587,T5d -> LPi11 -> LPT48_vCal3 -> PLP103c -> DNp31,"0.12716763,0.05517669,0.01916168,0.06542056"
T5d,720575940633655194,DNp31,720575940632189900,5,9.091363295914915e-07,0.019161676646706587,T5d -> LPi11 -> LPT48_vCal3 -> PLP103c -> PLP025b -> DNp31,"0.12716763,0.05517669,0.01916168,0.03738318,0.18087855"
T5d,720575940633655194,DNp31,720575940628132745,3,0.00013165044901685576,0.0187624750499002,T5d -> LPi11 -> LPT48_vCal3 -> DNp31,"0.12716763,0.05517669,0.01876248"
T5d,720575940633655194,DNp31,720575940632189900,5,2.4615898915839364e-07,0.017764471057884233,T5d -> LPi11 -> LPT48_vCal3 -> PLP103a -> PLP124 -> DNp31,"0.12716763,0.05517669,0.01776447,0.05494505,0.03594203"
T5d,720575940633655194,DNp31,720575940628132745,5,1.866043950071694e-07,0.017764471057884233,T5d -> LPi11 -> LPT48_vCal3 -> PLP103a -> PLP124 -> DNp31,"0.12716763,0.05517669,0.01776447,0.05494505,0.02724638"
